date,time_from,time_to,feedin
2006-05-01,00:00,00:15,17927
2006-05-01,00:15,00:30,17733
2006-05-01,00:30,00:45,17514
2006-05-01,00:45,01:00,17322
2006-05-01,01:00,01:15,17036
2006-05-01,01:15,01:30,16715
2006-05-01,01:30,01:45,16980
2006-05-01,01:45,02:00,16811
2006-05-01,02:00,02:15,16836
2006-05-01,02:15,02:30,16705
2006-05-01,02:30,02:45,16719
2006-05-01,02:45,03:00,16633
2006-05-01,03:00,03:15,16515
2006-05-01,03:15,03:30,16500
2006-05-01,03:30,03:45,16376
2006-05-01,03:45,04:00,16445
2006-05-01,04:00,04:15,16512
2006-05-01,04:15,04:30,16615
2006-05-01,04:30,04:45,16677
2006-05-01,04:45,05:00,16657
2006-05-01,05:00,05:15,16686
2006-05-01,05:15,05:30,16479
2006-05-01,05:30,05:45,16380
2006-05-01,05:45,06:00,16238
2006-05-01,06:00,06:15,16373
2006-05-01,06:15,06:30,16472
2006-05-01,06:30,06:45,16352
2006-05-01,06:45,07:00,16276
2006-05-01,07:00,07:15,16389
2006-05-01,07:15,07:30,16837
2006-05-01,07:30,07:45,17036
2006-05-01,07:45,08:00,17036
2006-05-01,08:00,08:15,17218
2006-05-01,08:15,08:30,17322
2006-05-01,08:30,08:45,17322
2006-05-01,08:45,09:00,17563
2006-05-01,09:00,09:15,17907
2006-05-01,09:15,09:30,18050
2006-05-01,09:30,09:45,18166
2006-05-01,09:45,10:00,18201
2006-05-01,10:00,10:15,18288
2006-05-01,10:15,10:30,18398
2006-05-01,10:30,10:45,18616
2006-05-01,10:45,11:00,18690
2006-05-01,11:00,11:15,18794
2006-05-01,11:15,11:30,18861
2006-05-01,11:30,11:45,18918
2006-05-01,11:45,12:00,18941
2006-05-01,12:00,12:15,18980
2006-05-01,12:15,12:30,18622
2006-05-01,12:30,12:45,18703
2006-05-01,12:45,13:00,18612
2006-05-01,13:00,13:15,18582
2006-05-01,13:15,13:30,18455
2006-05-01,13:30,13:45,18481
2006-05-01,13:45,14:00,18341
2006-05-01,14:00,14:15,18366
2006-05-01,14:15,14:30,18163
2006-05-01,14:30,14:45,18089
2006-05-01,14:45,15:00,18097
2006-05-01,15:00,15:15,18044
2006-05-01,15:15,15:30,18148
2006-05-01,15:30,15:45,18203
2006-05-01,15:45,16:00,18081
2006-05-01,16:00,16:15,17881
2006-05-01,16:15,16:30,17983
2006-05-01,16:30,16:45,18031
2006-05-01,16:45,17:00,17952
2006-05-01,17:00,17:15,17870
2006-05-01,17:15,17:30,17943
2006-05-01,17:30,17:45,18227
2006-05-01,17:45,18:00,18301
2006-05-01,18:00,18:15,18389
2006-05-01,18:15,18:30,18552
2006-05-01,18:30,18:45,18706
2006-05-01,18:45,19:00,19084
2006-05-01,19:00,19:15,19155
2006-05-01,19:15,19:30,19239
2006-05-01,19:30,19:45,19205
2006-05-01,19:45,20:00,19100
2006-05-01,20:00,20:15,18992
2006-05-01,20:15,20:30,19072
2006-05-01,20:30,20:45,19135
2006-05-01,20:45,21:00,18990
2006-05-01,21:00,21:15,19543
2006-05-01,21:15,21:30,19797
2006-05-01,21:30,21:45,19669
2006-05-01,21:45,22:00,19649
2006-05-01,22:00,22:15,20007
2006-05-01,22:15,22:30,19757
2006-05-01,22:30,22:45,19527
2006-05-01,22:45,23:00,19077
2006-05-01,23:00,23:15,19121
2006-05-01,23:15,23:30,18858
2006-05-01,23:30,23:45,18750
2006-05-01,23:45,00:00,18333
2006-05-02,00:00,00:15,18148
2006-05-02,00:15,00:30,18213
2006-05-02,00:30,00:45,18005
2006-05-02,00:45,01:00,17681
2006-05-02,01:00,01:15,17381
2006-05-02,01:15,01:30,17217
2006-05-02,01:30,01:45,16907
2006-05-02,01:45,02:00,16744
2006-05-02,02:00,02:15,16814
2006-05-02,02:15,02:30,16686
2006-05-02,02:30,02:45,16665
2006-05-02,02:45,03:00,16610
2006-05-02,03:00,03:15,16664
2006-05-02,03:15,03:30,16806
2006-05-02,03:30,03:45,16906
2006-05-02,03:45,04:00,16966
2006-05-02,04:00,04:15,17007
2006-05-02,04:15,04:30,17021
2006-05-02,04:30,04:45,16923
2006-05-02,04:45,05:00,17341
2006-05-02,05:00,05:15,17855
2006-05-02,05:15,05:30,18294
2006-05-02,05:30,05:45,18524
2006-05-02,05:45,06:00,18828
2006-05-02,06:00,06:15,19371
2006-05-02,06:15,06:30,20193
2006-05-02,06:30,06:45,21336
2006-05-02,06:45,07:00,21322
2006-05-02,07:00,07:15,21821
2006-05-02,07:15,07:30,22245
2006-05-02,07:30,07:45,22678
2006-05-02,07:45,08:00,23173
2006-05-02,08:00,08:15,23584
2006-05-02,08:15,08:30,24042
2006-05-02,08:30,08:45,24234
2006-05-02,08:45,09:00,24323
2006-05-02,09:00,09:15,24365
2006-05-02,09:15,09:30,24502
2006-05-02,09:30,09:45,24455
2006-05-02,09:45,10:00,24551
2006-05-02,10:00,10:15,24629
2006-05-02,10:15,10:30,24712
2006-05-02,10:30,10:45,24726
2006-05-02,10:45,11:00,24754
2006-05-02,11:00,11:15,24718
2006-05-02,11:15,11:30,24865
2006-05-02,11:30,11:45,24919
2006-05-02,11:45,12:00,24925
2006-05-02,12:00,12:15,24972
2006-05-02,12:15,12:30,24976
2006-05-02,12:30,12:45,24952
2006-05-02,12:45,13:00,24997
2006-05-02,13:00,13:15,25003
2006-05-02,13:15,13:30,24897
2006-05-02,13:30,13:45,24738
2006-05-02,13:45,14:00,24723
2006-05-02,14:00,14:15,24509
2006-05-02,14:15,14:30,24537
2006-05-02,14:30,14:45,24566
2006-05-02,14:45,15:00,24561
2006-05-02,15:00,15:15,24465
2006-05-02,15:15,15:30,24374
2006-05-02,15:30,15:45,24491
2006-05-02,15:45,16:00,24289
2006-05-02,16:00,16:15,24418
2006-05-02,16:15,16:30,24189
2006-05-02,16:30,16:45,24228
2006-05-02,16:45,17:00,23975
2006-05-02,17:00,17:15,24057
2006-05-02,17:15,17:30,23867
2006-05-02,17:30,17:45,23888
2006-05-02,17:45,18:00,23867
2006-05-02,18:00,18:15,23849
2006-05-02,18:15,18:30,23897
2006-05-02,18:30,18:45,23909
2006-05-02,18:45,19:00,23930
2006-05-02,19:00,19:15,23959
2006-05-02,19:15,19:30,23780
2006-05-02,19:30,19:45,23672
2006-05-02,19:45,20:00,23844
2006-05-02,20:00,20:15,23375
2006-05-02,20:15,20:30,23403
2006-05-02,20:30,20:45,23427
2006-05-02,20:45,21:00,23324
2006-05-02,21:00,21:15,23151
2006-05-02,21:15,21:30,22821
2006-05-02,21:30,21:45,22517
2006-05-02,21:45,22:00,21855
2006-05-02,22:00,22:15,21555
2006-05-02,22:15,22:30,21210
2006-05-02,22:30,22:45,20943
2006-05-02,22:45,23:00,20272
2006-05-02,23:00,23:15,19771
2006-05-02,23:15,23:30,19433
2006-05-02,23:30,23:45,19187
2006-05-02,23:45,00:00,18825
2006-05-03,00:00,00:15,18620
2006-05-03,00:15,00:30,18574
2006-05-03,00:30,00:45,18384
2006-05-03,00:45,01:00,18289
2006-05-03,01:00,01:15,18129
2006-05-03,01:15,01:30,18020
2006-05-03,01:30,01:45,18089
2006-05-03,01:45,02:00,18235
2006-05-03,02:00,02:15,18150
2006-05-03,02:15,02:30,18054
2006-05-03,02:30,02:45,18038
2006-05-03,02:45,03:00,18023
2006-05-03,03:00,03:15,18077
2006-05-03,03:15,03:30,18086
2006-05-03,03:30,03:45,18045
2006-05-03,03:45,04:00,17998
2006-05-03,04:00,04:15,17955
2006-05-03,04:15,04:30,18071
2006-05-03,04:30,04:45,17821
2006-05-03,04:45,05:00,17896
2006-05-03,05:00,05:15,18079
2006-05-03,05:15,05:30,18331
2006-05-03,05:30,05:45,18449
2006-05-03,05:45,06:00,18890
2006-05-03,06:00,06:15,19431
2006-05-03,06:15,06:30,20134
2006-05-03,06:30,06:45,20748
2006-05-03,06:45,07:00,21165
2006-05-03,07:00,07:15,21347
2006-05-03,07:15,07:30,21978
2006-05-03,07:30,07:45,21986
2006-05-03,07:45,08:00,22528
2006-05-03,08:00,08:15,23590
2006-05-03,08:15,08:30,23916
2006-05-03,08:30,08:45,24166
2006-05-03,08:45,09:00,24301
2006-05-03,09:00,09:15,24277
2006-05-03,09:15,09:30,24344
2006-05-03,09:30,09:45,24526
2006-05-03,09:45,10:00,24640
2006-05-03,10:00,10:15,24701
2006-05-03,10:15,10:30,24640
2006-05-03,10:30,10:45,24678
2006-05-03,10:45,11:00,24803
2006-05-03,11:00,11:15,24827
2006-05-03,11:15,11:30,24827
2006-05-03,11:30,11:45,24846
2006-05-03,11:45,12:00,24789
2006-05-03,12:00,12:15,24745
2006-05-03,12:15,12:30,24744
2006-05-03,12:30,12:45,24551
2006-05-03,12:45,13:00,24469
2006-05-03,13:00,13:15,24621
2006-05-03,13:15,13:30,24543
2006-05-03,13:30,13:45,24466
2006-05-03,13:45,14:00,24242
2006-05-03,14:00,14:15,24210
2006-05-03,14:15,14:30,24178
2006-05-03,14:30,14:45,24146
2006-05-03,14:45,15:00,24112
2006-05-03,15:00,15:15,23985
2006-05-03,15:15,15:30,23783
2006-05-03,15:30,15:45,23689
2006-05-03,15:45,16:00,23604
2006-05-03,16:00,16:15,23471
2006-05-03,16:15,16:30,23482
2006-05-03,16:30,16:45,23518
2006-05-03,16:45,17:00,23485
2006-05-03,17:00,17:15,23489
2006-05-03,17:15,17:30,23402
2006-05-03,17:30,17:45,23523
2006-05-03,17:45,18:00,23586
2006-05-03,18:00,18:15,23340
2006-05-03,18:15,18:30,23464
2006-05-03,18:30,18:45,23519
2006-05-03,18:45,19:00,23551
2006-05-03,19:00,19:15,23501
2006-05-03,19:15,19:30,23456
2006-05-03,19:30,19:45,23392
2006-05-03,19:45,20:00,23312
2006-05-03,20:00,20:15,22618
2006-05-03,20:15,20:30,22365
2006-05-03,20:30,20:45,21994
2006-05-03,20:45,21:00,21785
2006-05-03,21:00,21:15,21971
2006-05-03,21:15,21:30,22281
2006-05-03,21:30,21:45,22275
2006-05-03,21:45,22:00,22059
2006-05-03,22:00,22:15,21718
2006-05-03,22:15,22:30,21365
2006-05-03,22:30,22:45,20948
2006-05-03,22:45,23:00,20549
2006-05-03,23:00,23:15,20003
2006-05-03,23:15,23:30,19444
2006-05-03,23:30,23:45,19456
2006-05-03,23:45,00:00,19366
2006-05-04,00:00,00:15,19262
2006-05-04,00:15,00:30,19151
2006-05-04,00:30,00:45,18947
2006-05-04,00:45,01:00,18955
2006-05-04,01:00,01:15,18988
2006-05-04,01:15,01:30,18708
2006-05-04,01:30,01:45,18645
2006-05-04,01:45,02:00,18713
2006-05-04,02:00,02:15,18683
2006-05-04,02:15,02:30,18851
2006-05-04,02:30,02:45,18701
2006-05-04,02:45,03:00,18731
2006-05-04,03:00,03:15,18639
2006-05-04,03:15,03:30,18733
2006-05-04,03:30,03:45,18644
2006-05-04,03:45,04:00,18767
2006-05-04,04:00,04:15,18858
2006-05-04,04:15,04:30,18651
2006-05-04,04:30,04:45,18634
2006-05-04,04:45,05:00,18831
2006-05-04,05:00,05:15,19058
2006-05-04,05:15,05:30,19148
2006-05-04,05:30,05:45,19469
2006-05-04,05:45,06:00,19632
2006-05-04,06:00,06:15,19815
2006-05-04,06:15,06:30,20513
2006-05-04,06:30,06:45,21588
2006-05-04,06:45,07:00,21848
2006-05-04,07:00,07:15,22370
2006-05-04,07:15,07:30,23017
2006-05-04,07:30,07:45,23448
2006-05-04,07:45,08:00,23695
2006-05-04,08:00,08:15,24009
2006-05-04,08:15,08:30,24174
2006-05-04,08:30,08:45,24281
2006-05-04,08:45,09:00,24232
2006-05-04,09:00,09:15,24024
2006-05-04,09:15,09:30,24097
2006-05-04,09:30,09:45,24241
2006-05-04,09:45,10:00,24386
2006-05-04,10:00,10:15,24500
2006-05-04,10:15,10:30,24615
2006-05-04,10:30,10:45,24699
2006-05-04,10:45,11:00,24625
2006-05-04,11:00,11:15,24665
2006-05-04,11:15,11:30,25014
2006-05-04,11:30,11:45,24789
2006-05-04,11:45,12:00,24573
2006-05-04,12:00,12:15,24665
2006-05-04,12:15,12:30,24532
2006-05-04,12:30,12:45,24481
2006-05-04,12:45,13:00,24643
2006-05-04,13:00,13:15,24519
2006-05-04,13:15,13:30,24528
2006-05-04,13:30,13:45,24388
2006-05-04,13:45,14:00,23965
2006-05-04,14:00,14:15,23670
2006-05-04,14:15,14:30,23503
2006-05-04,14:30,14:45,23561
2006-05-04,14:45,15:00,23524
2006-05-04,15:00,15:15,23536
2006-05-04,15:15,15:30,23335
2006-05-04,15:30,15:45,23311
2006-05-04,15:45,16:00,23178
2006-05-04,16:00,16:15,23098
2006-05-04,16:15,16:30,23096
2006-05-04,16:30,16:45,23113
2006-05-04,16:45,17:00,23013
2006-05-04,17:00,17:15,22824
2006-05-04,17:15,17:30,22933
2006-05-04,17:30,17:45,22802
2006-05-04,17:45,18:00,22913
2006-05-04,18:00,18:15,22685
2006-05-04,18:15,18:30,22728
2006-05-04,18:30,18:45,22605
2006-05-04,18:45,19:00,22911
2006-05-04,19:00,19:15,22908
2006-05-04,19:15,19:30,22423
2006-05-04,19:30,19:45,22481
2006-05-04,19:45,20:00,22328
2006-05-04,20:00,20:15,21944
2006-05-04,20:15,20:30,21919
2006-05-04,20:30,20:45,21549
2006-05-04,20:45,21:00,21366
2006-05-04,21:00,21:15,21286
2006-05-04,21:15,21:30,21908
2006-05-04,21:30,21:45,21905
2006-05-04,21:45,22:00,21840
2006-05-04,22:00,22:15,21171
2006-05-04,22:15,22:30,21018
2006-05-04,22:30,22:45,20643
2006-05-04,22:45,23:00,20284
2006-05-04,23:00,23:15,19851
2006-05-04,23:15,23:30,19310
2006-05-04,23:30,23:45,19391
2006-05-04,23:45,00:00,18915
2006-05-05,00:00,00:15,18794
2006-05-05,00:15,00:30,18782
2006-05-05,00:30,00:45,18832
2006-05-05,00:45,01:00,18551
2006-05-05,01:00,01:15,18486
2006-05-05,01:15,01:30,18238
2006-05-05,01:30,01:45,18322
2006-05-05,01:45,02:00,18189
2006-05-05,02:00,02:15,17888
2006-05-05,02:15,02:30,18026
2006-05-05,02:30,02:45,17831
2006-05-05,02:45,03:00,17886
2006-05-05,03:00,03:15,17742
2006-05-05,03:15,03:30,17761
2006-05-05,03:30,03:45,17858
2006-05-05,03:45,04:00,17912
2006-05-05,04:00,04:15,17983
2006-05-05,04:15,04:30,17971
2006-05-05,04:30,04:45,18009
2006-05-05,04:45,05:00,18027
2006-05-05,05:00,05:15,18492
2006-05-05,05:15,05:30,18669
2006-05-05,05:30,05:45,18732
2006-05-05,05:45,06:00,18683
2006-05-05,06:00,06:15,19314
2006-05-05,06:15,06:30,19990
2006-05-05,06:30,06:45,20647
2006-05-05,06:45,07:00,21520
2006-05-05,07:00,07:15,21759
2006-05-05,07:15,07:30,22235
2006-05-05,07:30,07:45,22730
2006-05-05,07:45,08:00,22977
2006-05-05,08:00,08:15,23728
2006-05-05,08:15,08:30,24460
2006-05-05,08:30,08:45,24448
2006-05-05,08:45,09:00,24494
2006-05-05,09:00,09:15,24573
2006-05-05,09:15,09:30,24542
2006-05-05,09:30,09:45,24495
2006-05-05,09:45,10:00,24692
2006-05-05,10:00,10:15,24876
2006-05-05,10:15,10:30,24860
2006-05-05,10:30,10:45,24986
2006-05-05,10:45,11:00,25020
2006-05-05,11:00,11:15,25018
2006-05-05,11:15,11:30,25294
2006-05-05,11:30,11:45,25305
2006-05-05,11:45,12:00,25391
2006-05-05,12:00,12:15,25251
2006-05-05,12:15,12:30,25222
2006-05-05,12:30,12:45,25412
2006-05-05,12:45,13:00,25354
2006-05-05,13:00,13:15,24987
2006-05-05,13:15,13:30,24834
2006-05-05,13:30,13:45,24913
2006-05-05,13:45,14:00,24865
2006-05-05,14:00,14:15,24773
2006-05-05,14:15,14:30,24864
2006-05-05,14:30,14:45,24826
2006-05-05,14:45,15:00,24862
2006-05-05,15:00,15:15,24689
2006-05-05,15:15,15:30,24431
2006-05-05,15:30,15:45,24425
2006-05-05,15:45,16:00,24160
2006-05-05,16:00,16:15,23824
2006-05-05,16:15,16:30,23682
2006-05-05,16:30,16:45,23542
2006-05-05,16:45,17:00,23369
2006-05-05,17:00,17:15,23272
2006-05-05,17:15,17:30,23293
2006-05-05,17:30,17:45,23315
2006-05-05,17:45,18:00,23285
2006-05-05,18:00,18:15,22821
2006-05-05,18:15,18:30,22674
2006-05-05,18:30,18:45,22713
2006-05-05,18:45,19:00,22724
2006-05-05,19:00,19:15,22555
2006-05-05,19:15,19:30,22477
2006-05-05,19:30,19:45,22327
2006-05-05,19:45,20:00,22178
2006-05-05,20:00,20:15,21643
2006-05-05,20:15,20:30,21189
2006-05-05,20:30,20:45,21335
2006-05-05,20:45,21:00,21098
2006-05-05,21:00,21:15,21133
2006-05-05,21:15,21:30,21528
2006-05-05,21:30,21:45,21596
2006-05-05,21:45,22:00,21276
2006-05-05,22:00,22:15,21360
2006-05-05,22:15,22:30,20875
2006-05-05,22:30,22:45,20805
2006-05-05,22:45,23:00,20439
2006-05-05,23:00,23:15,20568
2006-05-05,23:15,23:30,20109
2006-05-05,23:30,23:45,19865
2006-05-05,23:45,00:00,19669
2006-05-06,00:00,00:15,19644
2006-05-06,00:15,00:30,19704
2006-05-06,00:30,00:45,19679
2006-05-06,00:45,01:00,19520
2006-05-06,01:00,01:15,19263
2006-05-06,01:15,01:30,19006
2006-05-06,01:30,01:45,18889
2006-05-06,01:45,02:00,18896
2006-05-06,02:00,02:15,18618
2006-05-06,02:15,02:30,18726
2006-05-06,02:30,02:45,18571
2006-05-06,02:45,03:00,18839
2006-05-06,03:00,03:15,18472
2006-05-06,03:15,03:30,18248
2006-05-06,03:30,03:45,18070
2006-05-06,03:45,04:00,18100
2006-05-06,04:00,04:15,18110
2006-05-06,04:15,04:30,17921
2006-05-06,04:30,04:45,17967
2006-05-06,04:45,05:00,17912
2006-05-06,05:00,05:15,18037
2006-05-06,05:15,05:30,17723
2006-05-06,05:30,05:45,17571
2006-05-06,05:45,06:00,17538
2006-05-06,06:00,06:15,17562
2006-05-06,06:15,06:30,17598
2006-05-06,06:30,06:45,17488
2006-05-06,06:45,07:00,17668
2006-05-06,07:00,07:15,17896
2006-05-06,07:15,07:30,18310
2006-05-06,07:30,07:45,18794
2006-05-06,07:45,08:00,19026
2006-05-06,08:00,08:15,19506
2006-05-06,08:15,08:30,20139
2006-05-06,08:30,08:45,20726
2006-05-06,08:45,09:00,20753
2006-05-06,09:00,09:15,21205
2006-05-06,09:15,09:30,21161
2006-05-06,09:30,09:45,21382
2006-05-06,09:45,10:00,21336
2006-05-06,10:00,10:15,21484
2006-05-06,10:15,10:30,21416
2006-05-06,10:30,10:45,21252
2006-05-06,10:45,11:00,21354
2006-05-06,11:00,11:15,21251
2006-05-06,11:15,11:30,21339
2006-05-06,11:30,11:45,21273
2006-05-06,11:45,12:00,21169
2006-05-06,12:00,12:15,20636
2006-05-06,12:15,12:30,20582
2006-05-06,12:30,12:45,20431
2006-05-06,12:45,13:00,20364
2006-05-06,13:00,13:15,20169
2006-05-06,13:15,13:30,19777
2006-05-06,13:30,13:45,19610
2006-05-06,13:45,14:00,19567
2006-05-06,14:00,14:15,19330
2006-05-06,14:15,14:30,19297
2006-05-06,14:30,14:45,19353
2006-05-06,14:45,15:00,19323
2006-05-06,15:00,15:15,19275
2006-05-06,15:15,15:30,19226
2006-05-06,15:30,15:45,19339
2006-05-06,15:45,16:00,19309
2006-05-06,16:00,16:15,19261
2006-05-06,16:15,16:30,19145
2006-05-06,16:30,16:45,19056
2006-05-06,16:45,17:00,19039
2006-05-06,17:00,17:15,19205
2006-05-06,17:15,17:30,19016
2006-05-06,17:30,17:45,19189
2006-05-06,17:45,18:00,19055
2006-05-06,18:00,18:15,18877
2006-05-06,18:15,18:30,18983
2006-05-06,18:30,18:45,18954
2006-05-06,18:45,19:00,18990
2006-05-06,19:00,19:15,19178
2006-05-06,19:15,19:30,18838
2006-05-06,19:30,19:45,18883
2006-05-06,19:45,20:00,18761
2006-05-06,20:00,20:15,18797
2006-05-06,20:15,20:30,18680
2006-05-06,20:30,20:45,18598
2006-05-06,20:45,21:00,18594
2006-05-06,21:00,21:15,18367
2006-05-06,21:15,21:30,18747
2006-05-06,21:30,21:45,18737
2006-05-06,21:45,22:00,18729
2006-05-06,22:00,22:15,18927
2006-05-06,22:15,22:30,18812
2006-05-06,22:30,22:45,18569
2006-05-06,22:45,23:00,18231
2006-05-06,23:00,23:15,18126
2006-05-06,23:15,23:30,17684
2006-05-06,23:30,23:45,17607
2006-05-06,23:45,00:00,17645
2006-05-07,00:00,00:15,17099
2006-05-07,00:15,00:30,16561
2006-05-07,00:30,00:45,16627
2006-05-07,00:45,01:00,16460
2006-05-07,01:00,01:15,16286
2006-05-07,01:15,01:30,16166
2006-05-07,01:30,01:45,16125
2006-05-07,01:45,02:00,15885
2006-05-07,02:00,02:15,15644
2006-05-07,02:15,02:30,15585
2006-05-07,02:30,02:45,15389
2006-05-07,02:45,03:00,15435
2006-05-07,03:00,03:15,15516
2006-05-07,03:15,03:30,15575
2006-05-07,03:30,03:45,15485
2006-05-07,03:45,04:00,15381
2006-05-07,04:00,04:15,15322
2006-05-07,04:15,04:30,15354
2006-05-07,04:30,04:45,15346
2006-05-07,04:45,05:00,15313
2006-05-07,05:00,05:15,15119
2006-05-07,05:15,05:30,14966
2006-05-07,05:30,05:45,14782
2006-05-07,05:45,06:00,14416
2006-05-07,06:00,06:15,14251
2006-05-07,06:15,06:30,14188
2006-05-07,06:30,06:45,14198
2006-05-07,06:45,07:00,14304
2006-05-07,07:00,07:15,14207
2006-05-07,07:15,07:30,14524
2006-05-07,07:30,07:45,15190
2006-05-07,07:45,08:00,15264
2006-05-07,08:00,08:15,16011
2006-05-07,08:15,08:30,16344
2006-05-07,08:30,08:45,17007
2006-05-07,08:45,09:00,17147
2006-05-07,09:00,09:15,17815
2006-05-07,09:15,09:30,17905
2006-05-07,09:30,09:45,17986
2006-05-07,09:45,10:00,18132
2006-05-07,10:00,10:15,18220
2006-05-07,10:15,10:30,18539
2006-05-07,10:30,10:45,18575
2006-05-07,10:45,11:00,18638
2006-05-07,11:00,11:15,18747
2006-05-07,11:15,11:30,18799
2006-05-07,11:30,11:45,18648
2006-05-07,11:45,12:00,18493
2006-05-07,12:00,12:15,18388
2006-05-07,12:15,12:30,18164
2006-05-07,12:30,12:45,18183
2006-05-07,12:45,13:00,17921
2006-05-07,13:00,13:15,17817
2006-05-07,13:15,13:30,16874
2006-05-07,13:30,13:45,16633
2006-05-07,13:45,14:00,16461
2006-05-07,14:00,14:15,16140
2006-05-07,14:15,14:30,16254
2006-05-07,14:30,14:45,16025
2006-05-07,14:45,15:00,15917
2006-05-07,15:00,15:15,15950
2006-05-07,15:15,15:30,15689
2006-05-07,15:30,15:45,15444
2006-05-07,15:45,16:00,15503
2006-05-07,16:00,16:15,15531
2006-05-07,16:15,16:30,15777
2006-05-07,16:30,16:45,15822
2006-05-07,16:45,17:00,15863
2006-05-07,17:00,17:15,15903
2006-05-07,17:15,17:30,16224
2006-05-07,17:30,17:45,16568
2006-05-07,17:45,18:00,16732
2006-05-07,18:00,18:15,16693
2006-05-07,18:15,18:30,16895
2006-05-07,18:30,18:45,17099
2006-05-07,18:45,19:00,17284
2006-05-07,19:00,19:15,17200
2006-05-07,19:15,19:30,17311
2006-05-07,19:30,19:45,17463
2006-05-07,19:45,20:00,17471
2006-05-07,20:00,20:15,17549
2006-05-07,20:15,20:30,17557
2006-05-07,20:30,20:45,17582
2006-05-07,20:45,21:00,17657
2006-05-07,21:00,21:15,17631
2006-05-07,21:15,21:30,17707
2006-05-07,21:30,21:45,18105
2006-05-07,21:45,22:00,18022
2006-05-07,22:00,22:15,18177
2006-05-07,22:15,22:30,17955
2006-05-07,22:30,22:45,17703
2006-05-07,22:45,23:00,17563
2006-05-07,23:00,23:15,17214
2006-05-07,23:15,23:30,17048
2006-05-07,23:30,23:45,17119
2006-05-07,23:45,00:00,16897
2006-05-08,00:00,00:15,16400
2006-05-08,00:15,00:30,16165
2006-05-08,00:30,00:45,16070
2006-05-08,00:45,01:00,15873
2006-05-08,01:00,01:15,16030
2006-05-08,01:15,01:30,15856
2006-05-08,01:30,01:45,15865
2006-05-08,01:45,02:00,15863
2006-05-08,02:00,02:15,15741
2006-05-08,02:15,02:30,15821
2006-05-08,02:30,02:45,15699
2006-05-08,02:45,03:00,15670
2006-05-08,03:00,03:15,15761
2006-05-08,03:15,03:30,15729
2006-05-08,03:30,03:45,15954
2006-05-08,03:45,04:00,15837
2006-05-08,04:00,04:15,15997
2006-05-08,04:15,04:30,16025
2006-05-08,04:30,04:45,16160
2006-05-08,04:45,05:00,16318
2006-05-08,05:00,05:15,16899
2006-05-08,05:15,05:30,17408
2006-05-08,05:30,05:45,17494
2006-05-08,05:45,06:00,17683
2006-05-08,06:00,06:15,18415
2006-05-08,06:15,06:30,18989
2006-05-08,06:30,06:45,19700
2006-05-08,06:45,07:00,19959
2006-05-08,07:00,07:15,20317
2006-05-08,07:15,07:30,20811
2006-05-08,07:30,07:45,21251
2006-05-08,07:45,08:00,21990
2006-05-08,08:00,08:15,22590
2006-05-08,08:15,08:30,23064
2006-05-08,08:30,08:45,23305
2006-05-08,08:45,09:00,23442
2006-05-08,09:00,09:15,23449
2006-05-08,09:15,09:30,23651
2006-05-08,09:30,09:45,23841
2006-05-08,09:45,10:00,23788
2006-05-08,10:00,10:15,23715
2006-05-08,10:15,10:30,23783
2006-05-08,10:30,10:45,23856
2006-05-08,10:45,11:00,23713
2006-05-08,11:00,11:15,23801
2006-05-08,11:15,11:30,24215
2006-05-08,11:30,11:45,24181
2006-05-08,11:45,12:00,24075
2006-05-08,12:00,12:15,23787
2006-05-08,12:15,12:30,24035
2006-05-08,12:30,12:45,23859
2006-05-08,12:45,13:00,23791
2006-05-08,13:00,13:15,23598
2006-05-08,13:15,13:30,23562
2006-05-08,13:30,13:45,23433
2006-05-08,13:45,14:00,23268
2006-05-08,14:00,14:15,23380
2006-05-08,14:15,14:30,23355
2006-05-08,14:30,14:45,23353
2006-05-08,14:45,15:00,23351
2006-05-08,15:00,15:15,23320
2006-05-08,15:15,15:30,23386
2006-05-08,15:30,15:45,23345
2006-05-08,15:45,16:00,23121
2006-05-08,16:00,16:15,22800
2006-05-08,16:15,16:30,22879
2006-05-08,16:30,16:45,22860
2006-05-08,16:45,17:00,22624
2006-05-08,17:00,17:15,22555
2006-05-08,17:15,17:30,22586
2006-05-08,17:30,17:45,22509
2006-05-08,17:45,18:00,22701
2006-05-08,18:00,18:15,22327
2006-05-08,18:15,18:30,22562
2006-05-08,18:30,18:45,22723
2006-05-08,18:45,19:00,22981
2006-05-08,19:00,19:15,22935
2006-05-08,19:15,19:30,22834
2006-05-08,19:30,19:45,22703
2006-05-08,19:45,20:00,22545
2006-05-08,20:00,20:15,22003
2006-05-08,20:15,20:30,21839
2006-05-08,20:30,20:45,21454
2006-05-08,20:45,21:00,21331
2006-05-08,21:00,21:15,21427
2006-05-08,21:15,21:30,21505
2006-05-08,21:30,21:45,21416
2006-05-08,21:45,22:00,21268
2006-05-08,22:00,22:15,21142
2006-05-08,22:15,22:30,21140
2006-05-08,22:30,22:45,20964
2006-05-08,22:45,23:00,20472
2006-05-08,23:00,23:15,20052
2006-05-08,23:15,23:30,19339
2006-05-08,23:30,23:45,19058
2006-05-08,23:45,00:00,19097
2006-05-09,00:00,00:15,18786
2006-05-09,00:15,00:30,18736
2006-05-09,00:30,00:45,18496
2006-05-09,00:45,01:00,18258
2006-05-09,01:00,01:15,18097
2006-05-09,01:15,01:30,17931
2006-05-09,01:30,01:45,17911
2006-05-09,01:45,02:00,17910
2006-05-09,02:00,02:15,17861
2006-05-09,02:15,02:30,17767
2006-05-09,02:30,02:45,17761
2006-05-09,02:45,03:00,17793
2006-05-09,03:00,03:15,17621
2006-05-09,03:15,03:30,17642
2006-05-09,03:30,03:45,17586
2006-05-09,03:45,04:00,17657
2006-05-09,04:00,04:15,18038
2006-05-09,04:15,04:30,18442
2006-05-09,04:30,04:45,18705
2006-05-09,04:45,05:00,18884
2006-05-09,05:00,05:15,19306
2006-05-09,05:15,05:30,19652
2006-05-09,05:30,05:45,19482
2006-05-09,05:45,06:00,19345
2006-05-09,06:00,06:15,19516
2006-05-09,06:15,06:30,19957
2006-05-09,06:30,06:45,20618
2006-05-09,06:45,07:00,21048
2006-05-09,07:00,07:15,21450
2006-05-09,07:15,07:30,22097
2006-05-09,07:30,07:45,22326
2006-05-09,07:45,08:00,22952
2006-05-09,08:00,08:15,23356
2006-05-09,08:15,08:30,23840
2006-05-09,08:30,08:45,24056
2006-05-09,08:45,09:00,24255
2006-05-09,09:00,09:15,24128
2006-05-09,09:15,09:30,24385
2006-05-09,09:30,09:45,24494
2006-05-09,09:45,10:00,24610
2006-05-09,10:00,10:15,24706
2006-05-09,10:15,10:30,24793
2006-05-09,10:30,10:45,24688
2006-05-09,10:45,11:00,24571
2006-05-09,11:00,11:15,24665
2006-05-09,11:15,11:30,24760
2006-05-09,11:30,11:45,24984
2006-05-09,11:45,12:00,25006
2006-05-09,12:00,12:15,24643
2006-05-09,12:15,12:30,24740
2006-05-09,12:30,12:45,24764
2006-05-09,12:45,13:00,24725
2006-05-09,13:00,13:15,24767
2006-05-09,13:15,13:30,24712
2006-05-09,13:30,13:45,24603
2006-05-09,13:45,14:00,24405
2006-05-09,14:00,14:15,24660
2006-05-09,14:15,14:30,24463
2006-05-09,14:30,14:45,24379
2006-05-09,14:45,15:00,24395
2006-05-09,15:00,15:15,24386
2006-05-09,15:15,15:30,24305
2006-05-09,15:30,15:45,24448
2006-05-09,15:45,16:00,24154
2006-05-09,16:00,16:15,24102
2006-05-09,16:15,16:30,24092
2006-05-09,16:30,16:45,23943
2006-05-09,16:45,17:00,23866
2006-05-09,17:00,17:15,23845
2006-05-09,17:15,17:30,23970
2006-05-09,17:30,17:45,24080
2006-05-09,17:45,18:00,24022
2006-05-09,18:00,18:15,24008
2006-05-09,18:15,18:30,23788
2006-05-09,18:30,18:45,23918
2006-05-09,18:45,19:00,23870
2006-05-09,19:00,19:15,23743
2006-05-09,19:15,19:30,23472
2006-05-09,19:30,19:45,23419
2006-05-09,19:45,20:00,23166
2006-05-09,20:00,20:15,22798
2006-05-09,20:15,20:30,22358
2006-05-09,20:30,20:45,22253
2006-05-09,20:45,21:00,22094
2006-05-09,21:00,21:15,22228
2006-05-09,21:15,21:30,22204
2006-05-09,21:30,21:45,22149
2006-05-09,21:45,22:00,21794
2006-05-09,22:00,22:15,21795
2006-05-09,22:15,22:30,21324
2006-05-09,22:30,22:45,20872
2006-05-09,22:45,23:00,20477
2006-05-09,23:00,23:15,20288
2006-05-09,23:15,23:30,20038
2006-05-09,23:30,23:45,19593
2006-05-09,23:45,00:00,19471
2006-05-10,00:00,00:15,19261
2006-05-10,00:15,00:30,19347
2006-05-10,00:30,00:45,19014
2006-05-10,00:45,01:00,18989
2006-05-10,01:00,01:15,18751
2006-05-10,01:15,01:30,18544
2006-05-10,01:30,01:45,18563
2006-05-10,01:45,02:00,18653
2006-05-10,02:00,02:15,18634
2006-05-10,02:15,02:30,18628
2006-05-10,02:30,02:45,18570
2006-05-10,02:45,03:00,18506
2006-05-10,03:00,03:15,18481
2006-05-10,03:15,03:30,18501
2006-05-10,03:30,03:45,18552
2006-05-10,03:45,04:00,18839
2006-05-10,04:00,04:15,19013
2006-05-10,04:15,04:30,19052
2006-05-10,04:30,04:45,19235
2006-05-10,04:45,05:00,19227
2006-05-10,05:00,05:15,19221
2006-05-10,05:15,05:30,19045
2006-05-10,05:30,05:45,19075
2006-05-10,05:45,06:00,19179
2006-05-10,06:00,06:15,19742
2006-05-10,06:15,06:30,20089
2006-05-10,06:30,06:45,20604
2006-05-10,06:45,07:00,21202
2006-05-10,07:00,07:15,22022
2006-05-10,07:15,07:30,22132
2006-05-10,07:30,07:45,22421
2006-05-10,07:45,08:00,22555
2006-05-10,08:00,08:15,23000
2006-05-10,08:15,08:30,23494
2006-05-10,08:30,08:45,23860
2006-05-10,08:45,09:00,23726
2006-05-10,09:00,09:15,23745
2006-05-10,09:15,09:30,23778
2006-05-10,09:30,09:45,23851
2006-05-10,09:45,10:00,23794
2006-05-10,10:00,10:15,24129
2006-05-10,10:15,10:30,24181
2006-05-10,10:30,10:45,24147
2006-05-10,10:45,11:00,24260
2006-05-10,11:00,11:15,24119
2006-05-10,11:15,11:30,24389
2006-05-10,11:30,11:45,24282
2006-05-10,11:45,12:00,24509
2006-05-10,12:00,12:15,24255
2006-05-10,12:15,12:30,24293
2006-05-10,12:30,12:45,24215
2006-05-10,12:45,13:00,24208
2006-05-10,13:00,13:15,24166
2006-05-10,13:15,13:30,23966
2006-05-10,13:30,13:45,24005
2006-05-10,13:45,14:00,23804
2006-05-10,14:00,14:15,23802
2006-05-10,14:15,14:30,23712
2006-05-10,14:30,14:45,23706
2006-05-10,14:45,15:00,23721
2006-05-10,15:00,15:15,23871
2006-05-10,15:15,15:30,23779
2006-05-10,15:30,15:45,23827
2006-05-10,15:45,16:00,23570
2006-05-10,16:00,16:15,23656
2006-05-10,16:15,16:30,23656
2006-05-10,16:30,16:45,23646
2006-05-10,16:45,17:00,23310
2006-05-10,17:00,17:15,23224
2006-05-10,17:15,17:30,23307
2006-05-10,17:30,17:45,23457
2006-05-10,17:45,18:00,23437
2006-05-10,18:00,18:15,23433
2006-05-10,18:15,18:30,23261
2006-05-10,18:30,18:45,23127
2006-05-10,18:45,19:00,23080
2006-05-10,19:00,19:15,22994
2006-05-10,19:15,19:30,22980
2006-05-10,19:30,19:45,22940
2006-05-10,19:45,20:00,22882
2006-05-10,20:00,20:15,22485
2006-05-10,20:15,20:30,22392
2006-05-10,20:30,20:45,22312
2006-05-10,20:45,21:00,22055
2006-05-10,21:00,21:15,22055
2006-05-10,21:15,21:30,22073
2006-05-10,21:30,21:45,21981
2006-05-10,21:45,22:00,21990
2006-05-10,22:00,22:15,21623
2006-05-10,22:15,22:30,21347
2006-05-10,22:30,22:45,21253
2006-05-10,22:45,23:00,20963
2006-05-10,23:00,23:15,20448
2006-05-10,23:15,23:30,20424
2006-05-10,23:30,23:45,20350
2006-05-10,23:45,00:00,20191
2006-05-11,00:00,00:15,19697
2006-05-11,00:15,00:30,19365
2006-05-11,00:30,00:45,19225
2006-05-11,00:45,01:00,19064
2006-05-11,01:00,01:15,18759
2006-05-11,01:15,01:30,18742
2006-05-11,01:30,01:45,18759
2006-05-11,01:45,02:00,18822
2006-05-11,02:00,02:15,18785
2006-05-11,02:15,02:30,18776
2006-05-11,02:30,02:45,18884
2006-05-11,02:45,03:00,18794
2006-05-11,03:00,03:15,18709
2006-05-11,03:15,03:30,18736
2006-05-11,03:30,03:45,18764
2006-05-11,03:45,04:00,18701
2006-05-11,04:00,04:15,18639
2006-05-11,04:15,04:30,18558
2006-05-11,04:30,04:45,18635
2006-05-11,04:45,05:00,18615
2006-05-11,05:00,05:15,19094
2006-05-11,05:15,05:30,19229
2006-05-11,05:30,05:45,19298
2006-05-11,05:45,06:00,19638
2006-05-11,06:00,06:15,20089
2006-05-11,06:15,06:30,20347
2006-05-11,06:30,06:45,20802
2006-05-11,06:45,07:00,21273
2006-05-11,07:00,07:15,21835
2006-05-11,07:15,07:30,22340
2006-05-11,07:30,07:45,22672
2006-05-11,07:45,08:00,22957
2006-05-11,08:00,08:15,23297
2006-05-11,08:15,08:30,23557
2006-05-11,08:30,08:45,23891
2006-05-11,08:45,09:00,23853
2006-05-11,09:00,09:15,24004
2006-05-11,09:15,09:30,24006
2006-05-11,09:30,09:45,24131
2006-05-11,09:45,10:00,24084
2006-05-11,10:00,10:15,24183
2006-05-11,10:15,10:30,24179
2006-05-11,10:30,10:45,24157
2006-05-11,10:45,11:00,24272
2006-05-11,11:00,11:15,24406
2006-05-11,11:15,11:30,24478
2006-05-11,11:30,11:45,24611
2006-05-11,11:45,12:00,24764
2006-05-11,12:00,12:15,24334
2006-05-11,12:15,12:30,24325
2006-05-11,12:30,12:45,24385
2006-05-11,12:45,13:00,24598
2006-05-11,13:00,13:15,24469
2006-05-11,13:15,13:30,24505
2006-05-11,13:30,13:45,24324
2006-05-11,13:45,14:00,24265
2006-05-11,14:00,14:15,24076
2006-05-11,14:15,14:30,24070
2006-05-11,14:30,14:45,23982
2006-05-11,14:45,15:00,23898
2006-05-11,15:00,15:15,24009
2006-05-11,15:15,15:30,23760
2006-05-11,15:30,15:45,23817
2006-05-11,15:45,16:00,23663
2006-05-11,16:00,16:15,23676
2006-05-11,16:15,16:30,23683
2006-05-11,16:30,16:45,23652
2006-05-11,16:45,17:00,23532
2006-05-11,17:00,17:15,23394
2006-05-11,17:15,17:30,23472
2006-05-11,17:30,17:45,23405
2006-05-11,17:45,18:00,23440
2006-05-11,18:00,18:15,23223
2006-05-11,18:15,18:30,23100
2006-05-11,18:30,18:45,23398
2006-05-11,18:45,19:00,23288
2006-05-11,19:00,19:15,23157
2006-05-11,19:15,19:30,23124
2006-05-11,19:30,19:45,23178
2006-05-11,19:45,20:00,23121
2006-05-11,20:00,20:15,22953
2006-05-11,20:15,20:30,22907
2006-05-11,20:30,20:45,22751
2006-05-11,20:45,21:00,22699
2006-05-11,21:00,21:15,22594
2006-05-11,21:15,21:30,22369
2006-05-11,21:30,21:45,22571
2006-05-11,21:45,22:00,22456
2006-05-11,22:00,22:15,22216
2006-05-11,22:15,22:30,21789
2006-05-11,22:30,22:45,21351
2006-05-11,22:45,23:00,21015
2006-05-11,23:00,23:15,20603
2006-05-11,23:15,23:30,20187
2006-05-11,23:30,23:45,19735
2006-05-11,23:45,00:00,19584
2006-05-12,00:00,00:15,19310
2006-05-12,00:15,00:30,19808
2006-05-12,00:30,00:45,19461
2006-05-12,00:45,01:00,19343
2006-05-12,01:00,01:15,18914
2006-05-12,01:15,01:30,18632
2006-05-12,01:30,01:45,18547
2006-05-12,01:45,02:00,18651
2006-05-12,02:00,02:15,18719
2006-05-12,02:15,02:30,18766
2006-05-12,02:30,02:45,18786
2006-05-12,02:45,03:00,18738
2006-05-12,03:00,03:15,18684
2006-05-12,03:15,03:30,18538
2006-05-12,03:30,03:45,18464
2006-05-12,03:45,04:00,18388
2006-05-12,04:00,04:15,18320
2006-05-12,04:15,04:30,18478
2006-05-12,04:30,04:45,18632
2006-05-12,04:45,05:00,18704
2006-05-12,05:00,05:15,18696
2006-05-12,05:15,05:30,18915
2006-05-12,05:30,05:45,18932
2006-05-12,05:45,06:00,19228
2006-05-12,06:00,06:15,19805
2006-05-12,06:15,06:30,20557
2006-05-12,06:30,06:45,20932
2006-05-12,06:45,07:00,21283
2006-05-12,07:00,07:15,22236
2006-05-12,07:15,07:30,22311
2006-05-12,07:30,07:45,22760
2006-05-12,07:45,08:00,22969
2006-05-12,08:00,08:15,23252
2006-05-12,08:15,08:30,23650
2006-05-12,08:30,08:45,23903
2006-05-12,08:45,09:00,23946
2006-05-12,09:00,09:15,23947
2006-05-12,09:15,09:30,23917
2006-05-12,09:30,09:45,23946
2006-05-12,09:45,10:00,23939
2006-05-12,10:00,10:15,23966
2006-05-12,10:15,10:30,24156
2006-05-12,10:30,10:45,24149
2006-05-12,10:45,11:00,24104
2006-05-12,11:00,11:15,24137
2006-05-12,11:15,11:30,24496
2006-05-12,11:30,11:45,24341
2006-05-12,11:45,12:00,24364
2006-05-12,12:00,12:15,24144
2006-05-12,12:15,12:30,24181
2006-05-12,12:30,12:45,24173
2006-05-12,12:45,13:00,24179
2006-05-12,13:00,13:15,23913
2006-05-12,13:15,13:30,23878
2006-05-12,13:30,13:45,23789
2006-05-12,13:45,14:00,23729
2006-05-12,14:00,14:15,23477
2006-05-12,14:15,14:30,23601
2006-05-12,14:30,14:45,23457
2006-05-12,14:45,15:00,23348
2006-05-12,15:00,15:15,23248
2006-05-12,15:15,15:30,22959
2006-05-12,15:30,15:45,23026
2006-05-12,15:45,16:00,22811
2006-05-12,16:00,16:15,22776
2006-05-12,16:15,16:30,22679
2006-05-12,16:30,16:45,22850
2006-05-12,16:45,17:00,22897
2006-05-12,17:00,17:15,22868
2006-05-12,17:15,17:30,22914
2006-05-12,17:30,17:45,22904
2006-05-12,17:45,18:00,22769
2006-05-12,18:00,18:15,22561
2006-05-12,18:15,18:30,22442
2006-05-12,18:30,18:45,22546
2006-05-12,18:45,19:00,22606
2006-05-12,19:00,19:15,22703
2006-05-12,19:15,19:30,22583
2006-05-12,19:30,19:45,22462
2006-05-12,19:45,20:00,22319
2006-05-12,20:00,20:15,21931
2006-05-12,20:15,20:30,22061
2006-05-12,20:30,20:45,21969
2006-05-12,20:45,21:00,21823
2006-05-12,21:00,21:15,21763
2006-05-12,21:15,21:30,21811
2006-05-12,21:30,21:45,21990
2006-05-12,21:45,22:00,21410
2006-05-12,22:00,22:15,21394
2006-05-12,22:15,22:30,21053
2006-05-12,22:30,22:45,20949
2006-05-12,22:45,23:00,20529
2006-05-12,23:00,23:15,20098
2006-05-12,23:15,23:30,19719
2006-05-12,23:30,23:45,19402
2006-05-12,23:45,00:00,19090
2006-05-13,00:00,00:15,18679
2006-05-13,00:15,00:30,18787
2006-05-13,00:30,00:45,18596
2006-05-13,00:45,01:00,18375
2006-05-13,01:00,01:15,18039
2006-05-13,01:15,01:30,17873
2006-05-13,01:30,01:45,17748
2006-05-13,01:45,02:00,17943
2006-05-13,02:00,02:15,17801
2006-05-13,02:15,02:30,17673
2006-05-13,02:30,02:45,17792
2006-05-13,02:45,03:00,17748
2006-05-13,03:00,03:15,17745
2006-05-13,03:15,03:30,17647
2006-05-13,03:30,03:45,17705
2006-05-13,03:45,04:00,17733
2006-05-13,04:00,04:15,17821
2006-05-13,04:15,04:30,17901
2006-05-13,04:30,04:45,17897
2006-05-13,04:45,05:00,17651
2006-05-13,05:00,05:15,17788
2006-05-13,05:15,05:30,17696
2006-05-13,05:30,05:45,17777
2006-05-13,05:45,06:00,17682
2006-05-13,06:00,06:15,17933
2006-05-13,06:15,06:30,17807
2006-05-13,06:30,06:45,17846
2006-05-13,06:45,07:00,17854
2006-05-13,07:00,07:15,17931
2006-05-13,07:15,07:30,18129
2006-05-13,07:30,07:45,18572
2006-05-13,07:45,08:00,18696
2006-05-13,08:00,08:15,18914
2006-05-13,08:15,08:30,19313
2006-05-13,08:30,08:45,19849
2006-05-13,08:45,09:00,20166
2006-05-13,09:00,09:15,20298
2006-05-13,09:15,09:30,20512
2006-05-13,09:30,09:45,20785
2006-05-13,09:45,10:00,20795
2006-05-13,10:00,10:15,20932
2006-05-13,10:15,10:30,20979
2006-05-13,10:30,10:45,21022
2006-05-13,10:45,11:00,21121
2006-05-13,11:00,11:15,21200
2006-05-13,11:15,11:30,21233
2006-05-13,11:30,11:45,21311
2006-05-13,11:45,12:00,21305
2006-05-13,12:00,12:15,21219
2006-05-13,12:15,12:30,21072
2006-05-13,12:30,12:45,21318
2006-05-13,12:45,13:00,21597
2006-05-13,13:00,13:15,21389
2006-05-13,13:15,13:30,20858
2006-05-13,13:30,13:45,20828
2006-05-13,13:45,14:00,20476
2006-05-13,14:00,14:15,20307
2006-05-13,14:15,14:30,19868
2006-05-13,14:30,14:45,19832
2006-05-13,14:45,15:00,19781
2006-05-13,15:00,15:15,19447
2006-05-13,15:15,15:30,19247
2006-05-13,15:30,15:45,19126
2006-05-13,15:45,16:00,19183
2006-05-13,16:00,16:15,18954
2006-05-13,16:15,16:30,18863
2006-05-13,16:30,16:45,18892
2006-05-13,16:45,17:00,18887
2006-05-13,17:00,17:15,19014
2006-05-13,17:15,17:30,18860
2006-05-13,17:30,17:45,18929
2006-05-13,17:45,18:00,19194
2006-05-13,18:00,18:15,19202
2006-05-13,18:15,18:30,19424
2006-05-13,18:30,18:45,19498
2006-05-13,18:45,19:00,19542
2006-05-13,19:00,19:15,19529
2006-05-13,19:15,19:30,19524
2006-05-13,19:30,19:45,19710
2006-05-13,19:45,20:00,19467
2006-05-13,20:00,20:15,19299
2006-05-13,20:15,20:30,19060
2006-05-13,20:30,20:45,18972
2006-05-13,20:45,21:00,18773
2006-05-13,21:00,21:15,18808
2006-05-13,21:15,21:30,18897
2006-05-13,21:30,21:45,18578
2006-05-13,21:45,22:00,18670
2006-05-13,22:00,22:15,18805
2006-05-13,22:15,22:30,18718
2006-05-13,22:30,22:45,18441
2006-05-13,22:45,23:00,18511
2006-05-13,23:00,23:15,18291
2006-05-13,23:15,23:30,18097
2006-05-13,23:30,23:45,17518
2006-05-13,23:45,00:00,17340
2006-05-14,00:00,00:15,16946
2006-05-14,00:15,00:30,16725
2006-05-14,00:30,00:45,16662
2006-05-14,00:45,01:00,16596
2006-05-14,01:00,01:15,16545
2006-05-14,01:15,01:30,16268
2006-05-14,01:30,01:45,16355
2006-05-14,01:45,02:00,16395
2006-05-14,02:00,02:15,16271
2006-05-14,02:15,02:30,16248
2006-05-14,02:30,02:45,16395
2006-05-14,02:45,03:00,16292
2006-05-14,03:00,03:15,16380
2006-05-14,03:15,03:30,16378
2006-05-14,03:30,03:45,16565
2006-05-14,03:45,04:00,16644
2006-05-14,04:00,04:15,16687
2006-05-14,04:15,04:30,16667
2006-05-14,04:30,04:45,16691
2006-05-14,04:45,05:00,16750
2006-05-14,05:00,05:15,16756
2006-05-14,05:15,05:30,16715
2006-05-14,05:30,05:45,16663
2006-05-14,05:45,06:00,16537
2006-05-14,06:00,06:15,16608
2006-05-14,06:15,06:30,16507
2006-05-14,06:30,06:45,16565
2006-05-14,06:45,07:00,16552
2006-05-14,07:00,07:15,16715
2006-05-14,07:15,07:30,16881
2006-05-14,07:30,07:45,16906
2006-05-14,07:45,08:00,16911
2006-05-14,08:00,08:15,17063
2006-05-14,08:15,08:30,17230
2006-05-14,08:30,08:45,17293
2006-05-14,08:45,09:00,17511
2006-05-14,09:00,09:15,17729
2006-05-14,09:15,09:30,17948
2006-05-14,09:30,09:45,18294
2006-05-14,09:45,10:00,18319
2006-05-14,10:00,10:15,18336
2006-05-14,10:15,10:30,18644
2006-05-14,10:30,10:45,18813
2006-05-14,10:45,11:00,18967
2006-05-14,11:00,11:15,18823
2006-05-14,11:15,11:30,19280
2006-05-14,11:30,11:45,19368
2006-05-14,11:45,12:00,19508
2006-05-14,12:00,12:15,19501
2006-05-14,12:15,12:30,19523
2006-05-14,12:30,12:45,19386
2006-05-14,12:45,13:00,19194
2006-05-14,13:00,13:15,19072
2006-05-14,13:15,13:30,18878
2006-05-14,13:30,13:45,18704
2006-05-14,13:45,14:00,18715
2006-05-14,14:00,14:15,18540
2006-05-14,14:15,14:30,18349
2006-05-14,14:30,14:45,18192
2006-05-14,14:45,15:00,18159
2006-05-14,15:00,15:15,18031
2006-05-14,15:15,15:30,17808
2006-05-14,15:30,15:45,17679
2006-05-14,15:45,16:00,17829
2006-05-14,16:00,16:15,17702
2006-05-14,16:15,16:30,17620
2006-05-14,16:30,16:45,17645
2006-05-14,16:45,17:00,17788
2006-05-14,17:00,17:15,17736
2006-05-14,17:15,17:30,17781
2006-05-14,17:30,17:45,17943
2006-05-14,17:45,18:00,18104
2006-05-14,18:00,18:15,18153
2006-05-14,18:15,18:30,18370
2006-05-14,18:30,18:45,18421
2006-05-14,18:45,19:00,18480
2006-05-14,19:00,19:15,18563
2006-05-14,19:15,19:30,18568
2006-05-14,19:30,19:45,18650
2006-05-14,19:45,20:00,18687
2006-05-14,20:00,20:15,18762
2006-05-14,20:15,20:30,18684
2006-05-14,20:30,20:45,18557
2006-05-14,20:45,21:00,18710
2006-05-14,21:00,21:15,18500
2006-05-14,21:15,21:30,18642
2006-05-14,21:30,21:45,19001
2006-05-14,21:45,22:00,19176
2006-05-14,22:00,22:15,19156
2006-05-14,22:15,22:30,19221
2006-05-14,22:30,22:45,19045
2006-05-14,22:45,23:00,18719
2006-05-14,23:00,23:15,18783
2006-05-14,23:15,23:30,18546
2006-05-14,23:30,23:45,18790
2006-05-14,23:45,00:00,18716
2006-05-15,00:00,00:15,18061
2006-05-15,00:15,00:30,18035
2006-05-15,00:30,00:45,18090
2006-05-15,00:45,01:00,18059
2006-05-15,01:00,01:15,17965
2006-05-15,01:15,01:30,17792
2006-05-15,01:30,01:45,17690
2006-05-15,01:45,02:00,17517
2006-05-15,02:00,02:15,17422
2006-05-15,02:15,02:30,17166
2006-05-15,02:30,02:45,17008
2006-05-15,02:45,03:00,17098
2006-05-15,03:00,03:15,17225
2006-05-15,03:15,03:30,17375
2006-05-15,03:30,03:45,17575
2006-05-15,03:45,04:00,17423
2006-05-15,04:00,04:15,17290
2006-05-15,04:15,04:30,17654
2006-05-15,04:30,04:45,17851
2006-05-15,04:45,05:00,18104
2006-05-15,05:00,05:15,18147
2006-05-15,05:15,05:30,17954
2006-05-15,05:30,05:45,18184
2006-05-15,05:45,06:00,18103
2006-05-15,06:00,06:15,18816
2006-05-15,06:15,06:30,19552
2006-05-15,06:30,06:45,19932
2006-05-15,06:45,07:00,20487
2006-05-15,07:00,07:15,21255
2006-05-15,07:15,07:30,21793
2006-05-15,07:30,07:45,21937
2006-05-15,07:45,08:00,22325
2006-05-15,08:00,08:15,22919
2006-05-15,08:15,08:30,23433
2006-05-15,08:30,08:45,23678
2006-05-15,08:45,09:00,23780
2006-05-15,09:00,09:15,23585
2006-05-15,09:15,09:30,23562
2006-05-15,09:30,09:45,23862
2006-05-15,09:45,10:00,23638
2006-05-15,10:00,10:15,23869
2006-05-15,10:15,10:30,23898
2006-05-15,10:30,10:45,23907
2006-05-15,10:45,11:00,23924
2006-05-15,11:00,11:15,24106
2006-05-15,11:15,11:30,24382
2006-05-15,11:30,11:45,24881
2006-05-15,11:45,12:00,24686
2006-05-15,12:00,12:15,24592
2006-05-15,12:15,12:30,24522
2006-05-15,12:30,12:45,24444
2006-05-15,12:45,13:00,24647
2006-05-15,13:00,13:15,24647
2006-05-15,13:15,13:30,24285
2006-05-15,13:30,13:45,24378
2006-05-15,13:45,14:00,24057
2006-05-15,14:00,14:15,24058
2006-05-15,14:15,14:30,23917
2006-05-15,14:30,14:45,23983
2006-05-15,14:45,15:00,23795
2006-05-15,15:00,15:15,23954
2006-05-15,15:15,15:30,23939
2006-05-15,15:30,15:45,23740
2006-05-15,15:45,16:00,23631
2006-05-15,16:00,16:15,23573
2006-05-15,16:15,16:30,23862
2006-05-15,16:30,16:45,23428
2006-05-15,16:45,17:00,23393
2006-05-15,17:00,17:15,23410
2006-05-15,17:15,17:30,23380
2006-05-15,17:30,17:45,23469
2006-05-15,17:45,18:00,23518
2006-05-15,18:00,18:15,23451
2006-05-15,18:15,18:30,23258
2006-05-15,18:30,18:45,23498
2006-05-15,18:45,19:00,23310
2006-05-15,19:00,19:15,23368
2006-05-15,19:15,19:30,23298
2006-05-15,19:30,19:45,23352
2006-05-15,19:45,20:00,23070
2006-05-15,20:00,20:15,22984
2006-05-15,20:15,20:30,22947
2006-05-15,20:30,20:45,22974
2006-05-15,20:45,21:00,22671
2006-05-15,21:00,21:15,22654
2006-05-15,21:15,21:30,22922
2006-05-15,21:30,21:45,22550
2006-05-15,21:45,22:00,22481
2006-05-15,22:00,22:15,21999
2006-05-15,22:15,22:30,21644
2006-05-15,22:30,22:45,21063
2006-05-15,22:45,23:00,20555
2006-05-15,23:00,23:15,20159
2006-05-15,23:15,23:30,19481
2006-05-15,23:30,23:45,19222
2006-05-15,23:45,00:00,18858
2006-05-16,00:00,00:15,18403
2006-05-16,00:15,00:30,18240
2006-05-16,00:30,00:45,18219
2006-05-16,00:45,01:00,18123
2006-05-16,01:00,01:15,18095
2006-05-16,01:15,01:30,17960
2006-05-16,01:30,01:45,17992
2006-05-16,01:45,02:00,17897
2006-05-16,02:00,02:15,17856
2006-05-16,02:15,02:30,17900
2006-05-16,02:30,02:45,17813
2006-05-16,02:45,03:00,17762
2006-05-16,03:00,03:15,17899
2006-05-16,03:15,03:30,17981
2006-05-16,03:30,03:45,17978
2006-05-16,03:45,04:00,18097
2006-05-16,04:00,04:15,17942
2006-05-16,04:15,04:30,17738
2006-05-16,04:30,04:45,17957
2006-05-16,04:45,05:00,18158
2006-05-16,05:00,05:15,18193
2006-05-16,05:15,05:30,18125
2006-05-16,05:30,05:45,18410
2006-05-16,05:45,06:00,18493
2006-05-16,06:00,06:15,19149
2006-05-16,06:15,06:30,19774
2006-05-16,06:30,06:45,20290
2006-05-16,06:45,07:00,20953
2006-05-16,07:00,07:15,21708
2006-05-16,07:15,07:30,22037
2006-05-16,07:30,07:45,22493
2006-05-16,07:45,08:00,22887
2006-05-16,08:00,08:15,23292
2006-05-16,08:15,08:30,23536
2006-05-16,08:30,08:45,23780
2006-05-16,08:45,09:00,23722
2006-05-16,09:00,09:15,23768
2006-05-16,09:15,09:30,23850
2006-05-16,09:30,09:45,23815
2006-05-16,09:45,10:00,23922
2006-05-16,10:00,10:15,23938
2006-05-16,10:15,10:30,24178
2006-05-16,10:30,10:45,24258
2006-05-16,10:45,11:00,24258
2006-05-16,11:00,11:15,24209
2006-05-16,11:15,11:30,24160
2006-05-16,11:30,11:45,24128
2006-05-16,11:45,12:00,24231
2006-05-16,12:00,12:15,24132
2006-05-16,12:15,12:30,23990
2006-05-16,12:30,12:45,24145
2006-05-16,12:45,13:00,24310
2006-05-16,13:00,13:15,24039
2006-05-16,13:15,13:30,24095
2006-05-16,13:30,13:45,24076
2006-05-16,13:45,14:00,23933
2006-05-16,14:00,14:15,24086
2006-05-16,14:15,14:30,24009
2006-05-16,14:30,14:45,23942
2006-05-16,14:45,15:00,23668
2006-05-16,15:00,15:15,23982
2006-05-16,15:15,15:30,23835
2006-05-16,15:30,15:45,23727
2006-05-16,15:45,16:00,23752
2006-05-16,16:00,16:15,23554
2006-05-16,16:15,16:30,23497
2006-05-16,16:30,16:45,23517
2006-05-16,16:45,17:00,23533
2006-05-16,17:00,17:15,23430
2006-05-16,17:15,17:30,23428
2006-05-16,17:30,17:45,23481
2006-05-16,17:45,18:00,23354
2006-05-16,18:00,18:15,23390
2006-05-16,18:15,18:30,23406
2006-05-16,18:30,18:45,23292
2006-05-16,18:45,19:00,23312
2006-05-16,19:00,19:15,23146
2006-05-16,19:15,19:30,23161
2006-05-16,19:30,19:45,23059
2006-05-16,19:45,20:00,22881
2006-05-16,20:00,20:15,22811
2006-05-16,20:15,20:30,22826
2006-05-16,20:30,20:45,22741
2006-05-16,20:45,21:00,22468
2006-05-16,21:00,21:15,22536
2006-05-16,21:15,21:30,22893
2006-05-16,21:30,21:45,22632
2006-05-16,21:45,22:00,22538
2006-05-16,22:00,22:15,22317
2006-05-16,22:15,22:30,21945
2006-05-16,22:30,22:45,21572
2006-05-16,22:45,23:00,21197
2006-05-16,23:00,23:15,20794
2006-05-16,23:15,23:30,20350
2006-05-16,23:30,23:45,19934
2006-05-16,23:45,00:00,19360
2006-05-17,00:00,00:15,19261
2006-05-17,00:15,00:30,19172
2006-05-17,00:30,00:45,19032
2006-05-17,00:45,01:00,18921
2006-05-17,01:00,01:15,18952
2006-05-17,01:15,01:30,18806
2006-05-17,01:30,01:45,18800
2006-05-17,01:45,02:00,18860
2006-05-17,02:00,02:15,18829
2006-05-17,02:15,02:30,18767
2006-05-17,02:30,02:45,18601
2006-05-17,02:45,03:00,18465
2006-05-17,03:00,03:15,18676
2006-05-17,03:15,03:30,18657
2006-05-17,03:30,03:45,18772
2006-05-17,03:45,04:00,18685
2006-05-17,04:00,04:15,18588
2006-05-17,04:15,04:30,18685
2006-05-17,04:30,04:45,18563
2006-05-17,04:45,05:00,18657
2006-05-17,05:00,05:15,18791
2006-05-17,05:15,05:30,18649
2006-05-17,05:30,05:45,18724
2006-05-17,05:45,06:00,19012
2006-05-17,06:00,06:15,19470
2006-05-17,06:15,06:30,20147
2006-05-17,06:30,06:45,20917
2006-05-17,06:45,07:00,21451
2006-05-17,07:00,07:15,21721
2006-05-17,07:15,07:30,22200
2006-05-17,07:30,07:45,22658
2006-05-17,07:45,08:00,22983
2006-05-17,08:00,08:15,23226
2006-05-17,08:15,08:30,23469
2006-05-17,08:30,08:45,23712
2006-05-17,08:45,09:00,23954
2006-05-17,09:00,09:15,24169
2006-05-17,09:15,09:30,24224
2006-05-17,09:30,09:45,24111
2006-05-17,09:45,10:00,24295
2006-05-17,10:00,10:15,24239
2006-05-17,10:15,10:30,24331
2006-05-17,10:30,10:45,24548
2006-05-17,10:45,11:00,24521
2006-05-17,11:00,11:15,24591
2006-05-17,11:15,11:30,24641
2006-05-17,11:30,11:45,24716
2006-05-17,11:45,12:00,24881
2006-05-17,12:00,12:15,24700
2006-05-17,12:15,12:30,24571
2006-05-17,12:30,12:45,24608
2006-05-17,12:45,13:00,24605
2006-05-17,13:00,13:15,24573
2006-05-17,13:15,13:30,24638
2006-05-17,13:30,13:45,24366
2006-05-17,13:45,14:00,24049
2006-05-17,14:00,14:15,24189
2006-05-17,14:15,14:30,24014
2006-05-17,14:30,14:45,23970
2006-05-17,14:45,15:00,23745
2006-05-17,15:00,15:15,23805
2006-05-17,15:15,15:30,23909
2006-05-17,15:30,15:45,23549
2006-05-17,15:45,16:00,23720
2006-05-17,16:00,16:15,23697
2006-05-17,16:15,16:30,23663
2006-05-17,16:30,16:45,23773
2006-05-17,16:45,17:00,23571
2006-05-17,17:00,17:15,23643
2006-05-17,17:15,17:30,23448
2006-05-17,17:30,17:45,23506
2006-05-17,17:45,18:00,23549
2006-05-17,18:00,18:15,23341
2006-05-17,18:15,18:30,23245
2006-05-17,18:30,18:45,23322
2006-05-17,18:45,19:00,23326
2006-05-17,19:00,19:15,23391
2006-05-17,19:15,19:30,23163
2006-05-17,19:30,19:45,23041
2006-05-17,19:45,20:00,23076
2006-05-17,20:00,20:15,22920
2006-05-17,20:15,20:30,23000
2006-05-17,20:30,20:45,22591
2006-05-17,20:45,21:00,22390
2006-05-17,21:00,21:15,22514
2006-05-17,21:15,21:30,22521
2006-05-17,21:30,21:45,22345
2006-05-17,21:45,22:00,22255
2006-05-17,22:00,22:15,21940
2006-05-17,22:15,22:30,21807
2006-05-17,22:30,22:45,21196
2006-05-17,22:45,23:00,20552
2006-05-17,23:00,23:15,20246
2006-05-17,23:15,23:30,19633
2006-05-17,23:30,23:45,19357
2006-05-17,23:45,00:00,19095
2006-05-18,00:00,00:15,18670
2006-05-18,00:15,00:30,18588
2006-05-18,00:30,00:45,18380
2006-05-18,00:45,01:00,18336
2006-05-18,01:00,01:15,18106
2006-05-18,01:15,01:30,17996
2006-05-18,01:30,01:45,17882
2006-05-18,01:45,02:00,17850
2006-05-18,02:00,02:15,17632
2006-05-18,02:15,02:30,17642
2006-05-18,02:30,02:45,17598
2006-05-18,02:45,03:00,17293
2006-05-18,03:00,03:15,17296
2006-05-18,03:15,03:30,17320
2006-05-18,03:30,03:45,17256
2006-05-18,03:45,04:00,17371
2006-05-18,04:00,04:15,17284
2006-05-18,04:15,04:30,17208
2006-05-18,04:30,04:45,17283
2006-05-18,04:45,05:00,17437
2006-05-18,05:00,05:15,17627
2006-05-18,05:15,05:30,17845
2006-05-18,05:30,05:45,17996
2006-05-18,05:45,06:00,18588
2006-05-18,06:00,06:15,18978
2006-05-18,06:15,06:30,19577
2006-05-18,06:30,06:45,20027
2006-05-18,06:45,07:00,20499
2006-05-18,07:00,07:15,21204
2006-05-18,07:15,07:30,21726
2006-05-18,07:30,07:45,22328
2006-05-18,07:45,08:00,22468
2006-05-18,08:00,08:15,22637
2006-05-18,08:15,08:30,22994
2006-05-18,08:30,08:45,23409
2006-05-18,08:45,09:00,23623
2006-05-18,09:00,09:15,23618
2006-05-18,09:15,09:30,23613
2006-05-18,09:30,09:45,23608
2006-05-18,09:45,10:00,23746
2006-05-18,10:00,10:15,23782
2006-05-18,10:15,10:30,23818
2006-05-18,10:30,10:45,23854
2006-05-18,10:45,11:00,23892
2006-05-18,11:00,11:15,23927
2006-05-18,11:15,11:30,23914
2006-05-18,11:30,11:45,23959
2006-05-18,11:45,12:00,23763
2006-05-18,12:00,12:15,23692
2006-05-18,12:15,12:30,23535
2006-05-18,12:30,12:45,23808
2006-05-18,12:45,13:00,24000
2006-05-18,13:00,13:15,23459
2006-05-18,13:15,13:30,23457
2006-05-18,13:30,13:45,23443
2006-05-18,13:45,14:00,23299
2006-05-18,14:00,14:15,22915
2006-05-18,14:15,14:30,22965
2006-05-18,14:30,14:45,22864
2006-05-18,14:45,15:00,22917
2006-05-18,15:00,15:15,22735
2006-05-18,15:15,15:30,22663
2006-05-18,15:30,15:45,22647
2006-05-18,15:45,16:00,22435
2006-05-18,16:00,16:15,22276
2006-05-18,16:15,16:30,22147
2006-05-18,16:30,16:45,22149
2006-05-18,16:45,17:00,21968
2006-05-18,17:00,17:15,21968
2006-05-18,17:15,17:30,21974
2006-05-18,17:30,17:45,22078
2006-05-18,17:45,18:00,22106
2006-05-18,18:00,18:15,22091
2006-05-18,18:15,18:30,22230
2006-05-18,18:30,18:45,22200
2006-05-18,18:45,19:00,22170
2006-05-18,19:00,19:15,22352
2006-05-18,19:15,19:30,22354
2006-05-18,19:30,19:45,22318
2006-05-18,19:45,20:00,22108
2006-05-18,20:00,20:15,21870
2006-05-18,20:15,20:30,21672
2006-05-18,20:30,20:45,21407
2006-05-18,20:45,21:00,21235
2006-05-18,21:00,21:15,21250
2006-05-18,21:15,21:30,21264
2006-05-18,21:30,21:45,21448
2006-05-18,21:45,22:00,21220
2006-05-18,22:00,22:15,21149
2006-05-18,22:15,22:30,20877
2006-05-18,22:30,22:45,20391
2006-05-18,22:45,23:00,19968
2006-05-18,23:00,23:15,19668
2006-05-18,23:15,23:30,19132
2006-05-18,23:30,23:45,18891
2006-05-18,23:45,00:00,18469
2006-05-19,00:00,00:15,18071
2006-05-19,00:15,00:30,17739
2006-05-19,00:30,00:45,17457
2006-05-19,00:45,01:00,17642
2006-05-19,01:00,01:15,17403
2006-05-19,01:15,01:30,17197
2006-05-19,01:30,01:45,17174
2006-05-19,01:45,02:00,17261
2006-05-19,02:00,02:15,17104
2006-05-19,02:15,02:30,17125
2006-05-19,02:30,02:45,17267
2006-05-19,02:45,03:00,17260
2006-05-19,03:00,03:15,17065
2006-05-19,03:15,03:30,16942
2006-05-19,03:30,03:45,17153
2006-05-19,03:45,04:00,17149
2006-05-19,04:00,04:15,17167
2006-05-19,04:15,04:30,17137
2006-05-19,04:30,04:45,17231
2006-05-19,04:45,05:00,17328
2006-05-19,05:00,05:15,17408
2006-05-19,05:15,05:30,17361
2006-05-19,05:30,05:45,17537
2006-05-19,05:45,06:00,18035
2006-05-19,06:00,06:15,18807
2006-05-19,06:15,06:30,19213
2006-05-19,06:30,06:45,19547
2006-05-19,06:45,07:00,19876
2006-05-19,07:00,07:15,20284
2006-05-19,07:15,07:30,20575
2006-05-19,07:30,07:45,20890
2006-05-19,07:45,08:00,21165
2006-05-19,08:00,08:15,21463
2006-05-19,08:15,08:30,21604
2006-05-19,08:30,08:45,21568
2006-05-19,08:45,09:00,21663
2006-05-19,09:00,09:15,21630
2006-05-19,09:15,09:30,21569
2006-05-19,09:30,09:45,21570
2006-05-19,09:45,10:00,21878
2006-05-19,10:00,10:15,21878
2006-05-19,10:15,10:30,21989
2006-05-19,10:30,10:45,21927
2006-05-19,10:45,11:00,22097
2006-05-19,11:00,11:15,22285
2006-05-19,11:15,11:30,22269
2006-05-19,11:30,11:45,22579
2006-05-19,11:45,12:00,22609
2006-05-19,12:00,12:15,22267
2006-05-19,12:15,12:30,22445
2006-05-19,12:30,12:45,22501
2006-05-19,12:45,13:00,22533
2006-05-19,13:00,13:15,22502
2006-05-19,13:15,13:30,22475
2006-05-19,13:30,13:45,22549
2006-05-19,13:45,14:00,22300
2006-05-19,14:00,14:15,22156
2006-05-19,14:15,14:30,22232
2006-05-19,14:30,14:45,22202
2006-05-19,14:45,15:00,22205
2006-05-19,15:00,15:15,21740
2006-05-19,15:15,15:30,21614
2006-05-19,15:30,15:45,21743
2006-05-19,15:45,16:00,21553
2006-05-19,16:00,16:15,21660
2006-05-19,16:15,16:30,21132
2006-05-19,16:30,16:45,21317
2006-05-19,16:45,17:00,21227
2006-05-19,17:00,17:15,20913
2006-05-19,17:15,17:30,20878
2006-05-19,17:30,17:45,20976
2006-05-19,17:45,18:00,21057
2006-05-19,18:00,18:15,20948
2006-05-19,18:15,18:30,20729
2006-05-19,18:30,18:45,20801
2006-05-19,18:45,19:00,20853
2006-05-19,19:00,19:15,20980
2006-05-19,19:15,19:30,20798
2006-05-19,19:30,19:45,20923
2006-05-19,19:45,20:00,20794
2006-05-19,20:00,20:15,20460
2006-05-19,20:15,20:30,20424
2006-05-19,20:30,20:45,20266
2006-05-19,20:45,21:00,20202
2006-05-19,21:00,21:15,20039
2006-05-19,21:15,21:30,19739
2006-05-19,21:30,21:45,19536
2006-05-19,21:45,22:00,19962
2006-05-19,22:00,22:15,19990
2006-05-19,22:15,22:30,19834
2006-05-19,22:30,22:45,19805
2006-05-19,22:45,23:00,19448
2006-05-19,23:00,23:15,19322
2006-05-19,23:15,23:30,19074
2006-05-19,23:30,23:45,18909
2006-05-19,23:45,00:00,18502
2006-05-20,00:00,00:15,17842
2006-05-20,00:15,00:30,17414
2006-05-20,00:30,00:45,17605
2006-05-20,00:45,01:00,17313
2006-05-20,01:00,01:15,17307
2006-05-20,01:15,01:30,17158
2006-05-20,01:30,01:45,17128
2006-05-20,01:45,02:00,16930
2006-05-20,02:00,02:15,16821
2006-05-20,02:15,02:30,16603
2006-05-20,02:30,02:45,16474
2006-05-20,02:45,03:00,16505
2006-05-20,03:00,03:15,16565
2006-05-20,03:15,03:30,16363
2006-05-20,03:30,03:45,16422
2006-05-20,03:45,04:00,16464
2006-05-20,04:00,04:15,16540
2006-05-20,04:15,04:30,16703
2006-05-20,04:30,04:45,16744
2006-05-20,04:45,05:00,16755
2006-05-20,05:00,05:15,16655
2006-05-20,05:15,05:30,16523
2006-05-20,05:30,05:45,16622
2006-05-20,05:45,06:00,16679
2006-05-20,06:00,06:15,16715
2006-05-20,06:15,06:30,16659
2006-05-20,06:30,06:45,16635
2006-05-20,06:45,07:00,16693
2006-05-20,07:00,07:15,16835
2006-05-20,07:15,07:30,16953
2006-05-20,07:30,07:45,17392
2006-05-20,07:45,08:00,17541
2006-05-20,08:00,08:15,17567
2006-05-20,08:15,08:30,17924
2006-05-20,08:30,08:45,18241
2006-05-20,08:45,09:00,18255
2006-05-20,09:00,09:15,18668
2006-05-20,09:15,09:30,19126
2006-05-20,09:30,09:45,19510
2006-05-20,09:45,10:00,19566
2006-05-20,10:00,10:15,19880
2006-05-20,10:15,10:30,19859
2006-05-20,10:30,10:45,19615
2006-05-20,10:45,11:00,19670
2006-05-20,11:00,11:15,19857
2006-05-20,11:15,11:30,19925
2006-05-20,11:30,11:45,20092
2006-05-20,11:45,12:00,20148
2006-05-20,12:00,12:15,19934
2006-05-20,12:15,12:30,20099
2006-05-20,12:30,12:45,19973
2006-05-20,12:45,13:00,20202
2006-05-20,13:00,13:15,19885
2006-05-20,13:15,13:30,19656
2006-05-20,13:30,13:45,19628
2006-05-20,13:45,14:00,19327
2006-05-20,14:00,14:15,19275
2006-05-20,14:15,14:30,19172
2006-05-20,14:30,14:45,19266
2006-05-20,14:45,15:00,19480
2006-05-20,15:00,15:15,19410
2006-05-20,15:15,15:30,19463
2006-05-20,15:30,15:45,19516
2006-05-20,15:45,16:00,19291
2006-05-20,16:00,16:15,18917
2006-05-20,16:15,16:30,19054
2006-05-20,16:30,16:45,19042
2006-05-20,16:45,17:00,18804
2006-05-20,17:00,17:15,19070
2006-05-20,17:15,17:30,18588
2006-05-20,17:30,17:45,18864
2006-05-20,17:45,18:00,18843
2006-05-20,18:00,18:15,18810
2006-05-20,18:15,18:30,18686
2006-05-20,18:30,18:45,18777
2006-05-20,18:45,19:00,18937
2006-05-20,19:00,19:15,18828
2006-05-20,19:15,19:30,18740
2006-05-20,19:30,19:45,18563
2006-05-20,19:45,20:00,18477
2006-05-20,20:00,20:15,18284
2006-05-20,20:15,20:30,18527
2006-05-20,20:30,20:45,18358
2006-05-20,20:45,21:00,18421
2006-05-20,21:00,21:15,18230
2006-05-20,21:15,21:30,18106
2006-05-20,21:30,21:45,18307
2006-05-20,21:45,22:00,18329
2006-05-20,22:00,22:15,18073
2006-05-20,22:15,22:30,18042
2006-05-20,22:30,22:45,17816
2006-05-20,22:45,23:00,17409
2006-05-20,23:00,23:15,17505
2006-05-20,23:15,23:30,17295
2006-05-20,23:30,23:45,17252
2006-05-20,23:45,00:00,16856
2006-05-21,00:00,00:15,16646
2006-05-21,00:15,00:30,16254
2006-05-21,00:30,00:45,15863
2006-05-21,00:45,01:00,15712
2006-05-21,01:00,01:15,15916
2006-05-21,01:15,01:30,15666
2006-05-21,01:30,01:45,15987
2006-05-21,01:45,02:00,16119
2006-05-21,02:00,02:15,15887
2006-05-21,02:15,02:30,15901
2006-05-21,02:30,02:45,15786
2006-05-21,02:45,03:00,15795
2006-05-21,03:00,03:15,15931
2006-05-21,03:15,03:30,15824
2006-05-21,03:30,03:45,15666
2006-05-21,03:45,04:00,15912
2006-05-21,04:00,04:15,15736
2006-05-21,04:15,04:30,15525
2006-05-21,04:30,04:45,15665
2006-05-21,04:45,05:00,15848
2006-05-21,05:00,05:15,15840
2006-05-21,05:15,05:30,15816
2006-05-21,05:30,05:45,15534
2006-05-21,05:45,06:00,15482
2006-05-21,06:00,06:15,14937
2006-05-21,06:15,06:30,14998
2006-05-21,06:30,06:45,14629
2006-05-21,06:45,07:00,14669
2006-05-21,07:00,07:15,15310
2006-05-21,07:15,07:30,15174
2006-05-21,07:30,07:45,15261
2006-05-21,07:45,08:00,15343
2006-05-21,08:00,08:15,15373
2006-05-21,08:15,08:30,15624
2006-05-21,08:30,08:45,15778
2006-05-21,08:45,09:00,16064
2006-05-21,09:00,09:15,16159
2006-05-21,09:15,09:30,16363
2006-05-21,09:30,09:45,16691
2006-05-21,09:45,10:00,16788
2006-05-21,10:00,10:15,16952
2006-05-21,10:15,10:30,17064
2006-05-21,10:30,10:45,17327
2006-05-21,10:45,11:00,17757
2006-05-21,11:00,11:15,17530
2006-05-21,11:15,11:30,18003
2006-05-21,11:30,11:45,18342
2006-05-21,11:45,12:00,18447
2006-05-21,12:00,12:15,18551
2006-05-21,12:15,12:30,18509
2006-05-21,12:30,12:45,18633
2006-05-21,12:45,13:00,18406
2006-05-21,13:00,13:15,18470
2006-05-21,13:15,13:30,18051
2006-05-21,13:30,13:45,18155
2006-05-21,13:45,14:00,17964
2006-05-21,14:00,14:15,17962
2006-05-21,14:15,14:30,17728
2006-05-21,14:30,14:45,17833
2006-05-21,14:45,15:00,17749
2006-05-21,15:00,15:15,17547
2006-05-21,15:15,15:30,17265
2006-05-21,15:30,15:45,17464
2006-05-21,15:45,16:00,17366
2006-05-21,16:00,16:15,17342
2006-05-21,16:15,16:30,17412
2006-05-21,16:30,16:45,17560
2006-05-21,16:45,17:00,17478
2006-05-21,17:00,17:15,17596
2006-05-21,17:15,17:30,17749
2006-05-21,17:30,17:45,17988
2006-05-21,17:45,18:00,18337
2006-05-21,18:00,18:15,18467
2006-05-21,18:15,18:30,18653
2006-05-21,18:30,18:45,18737
2006-05-21,18:45,19:00,19015
2006-05-21,19:00,19:15,18856
2006-05-21,19:15,19:30,18953
2006-05-21,19:30,19:45,19042
2006-05-21,19:45,20:00,19016
2006-05-21,20:00,20:15,19025
2006-05-21,20:15,20:30,18719
2006-05-21,20:30,20:45,18614
2006-05-21,20:45,21:00,18488
2006-05-21,21:00,21:15,18502
2006-05-21,21:15,21:30,18350
2006-05-21,21:30,21:45,18584
2006-05-21,21:45,22:00,19082
2006-05-21,22:00,22:15,19096
2006-05-21,22:15,22:30,18977
2006-05-21,22:30,22:45,18574
2006-05-21,22:45,23:00,18431
2006-05-21,23:00,23:15,18104
2006-05-21,23:15,23:30,17587
2006-05-21,23:30,23:45,17562
2006-05-21,23:45,00:00,17429
2006-05-22,00:00,00:15,17051
2006-05-22,00:15,00:30,16559
2006-05-22,00:30,00:45,16674
2006-05-22,00:45,01:00,16451
2006-05-22,01:00,01:15,16217
2006-05-22,01:15,01:30,16412
2006-05-22,01:30,01:45,16403
2006-05-22,01:45,02:00,16354
2006-05-22,02:00,02:15,16350
2006-05-22,02:15,02:30,16401
2006-05-22,02:30,02:45,16360
2006-05-22,02:45,03:00,16385
2006-05-22,03:00,03:15,16465
2006-05-22,03:15,03:30,16611
2006-05-22,03:30,03:45,16523
2006-05-22,03:45,04:00,16422
2006-05-22,04:00,04:15,16713
2006-05-22,04:15,04:30,16693
2006-05-22,04:30,04:45,17005
2006-05-22,04:45,05:00,17074
2006-05-22,05:00,05:15,17702
2006-05-22,05:15,05:30,17781
2006-05-22,05:30,05:45,17972
2006-05-22,05:45,06:00,17933
2006-05-22,06:00,06:15,18894
2006-05-22,06:15,06:30,19393
2006-05-22,06:30,06:45,19761
2006-05-22,06:45,07:00,20142
2006-05-22,07:00,07:15,20719
2006-05-22,07:15,07:30,21362
2006-05-22,07:30,07:45,21810
2006-05-22,07:45,08:00,22207
2006-05-22,08:00,08:15,22660
2006-05-22,08:15,08:30,23444
2006-05-22,08:30,08:45,23967
2006-05-22,08:45,09:00,23949
2006-05-22,09:00,09:15,23932
2006-05-22,09:15,09:30,24374
2006-05-22,09:30,09:45,24335
2006-05-22,09:45,10:00,24424
2006-05-22,10:00,10:15,24641
2006-05-22,10:15,10:30,24796
2006-05-22,10:30,10:45,24848
2006-05-22,10:45,11:00,24911
2006-05-22,11:00,11:15,25034
2006-05-22,11:15,11:30,25010
2006-05-22,11:30,11:45,25114
2006-05-22,11:45,12:00,24975
2006-05-22,12:00,12:15,24785
2006-05-22,12:15,12:30,24630
2006-05-22,12:30,12:45,24643
2006-05-22,12:45,13:00,24770
2006-05-22,13:00,13:15,24801
2006-05-22,13:15,13:30,24622
2006-05-22,13:30,13:45,24553
2006-05-22,13:45,14:00,24401
2006-05-22,14:00,14:15,24016
2006-05-22,14:15,14:30,24120
2006-05-22,14:30,14:45,24080
2006-05-22,14:45,15:00,24108
2006-05-22,15:00,15:15,23861
2006-05-22,15:15,15:30,23676
2006-05-22,15:30,15:45,23582
2006-05-22,15:45,16:00,23557
2006-05-22,16:00,16:15,23303
2006-05-22,16:15,16:30,23269
2006-05-22,16:30,16:45,22967
2006-05-22,16:45,17:00,22939
2006-05-22,17:00,17:15,22653
2006-05-22,17:15,17:30,22872
2006-05-22,17:30,17:45,22948
2006-05-22,17:45,18:00,22584
2006-05-22,18:00,18:15,22137
2006-05-22,18:15,18:30,21897
2006-05-22,18:30,18:45,22035
2006-05-22,18:45,19:00,22035
2006-05-22,19:00,19:15,22028
2006-05-22,19:15,19:30,21811
2006-05-22,19:30,19:45,21736
2006-05-22,19:45,20:00,21643
2006-05-22,20:00,20:15,21485
2006-05-22,20:15,20:30,21407
2006-05-22,20:30,20:45,20972
2006-05-22,20:45,21:00,20474
2006-05-22,21:00,21:15,20174
2006-05-22,21:15,21:30,19828
2006-05-22,21:30,21:45,19867
2006-05-22,21:45,22:00,20141
2006-05-22,22:00,22:15,19695
2006-05-22,22:15,22:30,19576
2006-05-22,22:30,22:45,19320
2006-05-22,22:45,23:00,18981
2006-05-22,23:00,23:15,18687
2006-05-22,23:15,23:30,18188
2006-05-22,23:30,23:45,18158
2006-05-22,23:45,00:00,18295
2006-05-23,00:00,00:15,18005
2006-05-23,00:15,00:30,17950
2006-05-23,00:30,00:45,18122
2006-05-23,00:45,01:00,17892
2006-05-23,01:00,01:15,17320
2006-05-23,01:15,01:30,16830
2006-05-23,01:30,01:45,16810
2006-05-23,01:45,02:00,17022
2006-05-23,02:00,02:15,16533
2006-05-23,02:15,02:30,16853
2006-05-23,02:30,02:45,16578
2006-05-23,02:45,03:00,16604
2006-05-23,03:00,03:15,16582
2006-05-23,03:15,03:30,16699
2006-05-23,03:30,03:45,16757
2006-05-23,03:45,04:00,16568
2006-05-23,04:00,04:15,15941
2006-05-23,04:15,04:30,15972
2006-05-23,04:30,04:45,16252
2006-05-23,04:45,05:00,16434
2006-05-23,05:00,05:15,16612
2006-05-23,05:15,05:30,16733
2006-05-23,05:30,05:45,16937
2006-05-23,05:45,06:00,17305
2006-05-23,06:00,06:15,18735
2006-05-23,06:15,06:30,19289
2006-05-23,06:30,06:45,19866
2006-05-23,06:45,07:00,20256
2006-05-23,07:00,07:15,21224
2006-05-23,07:15,07:30,21678
2006-05-23,07:30,07:45,22282
2006-05-23,07:45,08:00,22896
2006-05-23,08:00,08:15,24141
2006-05-23,08:15,08:30,24393
2006-05-23,08:30,08:45,24693
2006-05-23,08:45,09:00,24524
2006-05-23,09:00,09:15,24520
2006-05-23,09:15,09:30,24583
2006-05-23,09:30,09:45,24713
2006-05-23,09:45,10:00,24718
2006-05-23,10:00,10:15,24548
2006-05-23,10:15,10:30,24547
2006-05-23,10:30,10:45,24885
2006-05-23,10:45,11:00,24962
2006-05-23,11:00,11:15,25334
2006-05-23,11:15,11:30,25312
2006-05-23,11:30,11:45,25543
2006-05-23,11:45,12:00,25568
2006-05-23,12:00,12:15,25444
2006-05-23,12:15,12:30,25598
2006-05-23,12:30,12:45,25557
2006-05-23,12:45,13:00,25481
2006-05-23,13:00,13:15,25465
2006-05-23,13:15,13:30,25565
2006-05-23,13:30,13:45,25347
2006-05-23,13:45,14:00,24970
2006-05-23,14:00,14:15,24641
2006-05-23,14:15,14:30,24649
2006-05-23,14:30,14:45,24677
2006-05-23,14:45,15:00,24636
2006-05-23,15:00,15:15,24597
2006-05-23,15:15,15:30,24556
2006-05-23,15:30,15:45,24590
2006-05-23,15:45,16:00,24530
2006-05-23,16:00,16:15,24292
2006-05-23,16:15,16:30,24099
2006-05-23,16:30,16:45,23936
2006-05-23,16:45,17:00,24011
2006-05-23,17:00,17:15,23828
2006-05-23,17:15,17:30,23555
2006-05-23,17:30,17:45,23244
2006-05-23,17:45,18:00,22997
2006-05-23,18:00,18:15,22875
2006-05-23,18:15,18:30,23003
2006-05-23,18:30,18:45,23037
2006-05-23,18:45,19:00,23122
2006-05-23,19:00,19:15,22950
2006-05-23,19:15,19:30,22707
2006-05-23,19:30,19:45,22610
2006-05-23,19:45,20:00,22475
2006-05-23,20:00,20:15,22214
2006-05-23,20:15,20:30,21707
2006-05-23,20:30,20:45,21612
2006-05-23,20:45,21:00,21241
2006-05-23,21:00,21:15,21296
2006-05-23,21:15,21:30,21167
2006-05-23,21:30,21:45,21117
2006-05-23,21:45,22:00,21181
2006-05-23,22:00,22:15,21271
2006-05-23,22:15,22:30,21058
2006-05-23,22:30,22:45,20757
2006-05-23,22:45,23:00,20395
2006-05-23,23:00,23:15,20117
2006-05-23,23:15,23:30,19639
2006-05-23,23:30,23:45,19467
2006-05-23,23:45,00:00,19213
2006-05-24,00:00,00:15,19258
2006-05-24,00:15,00:30,18990
2006-05-24,00:30,00:45,18719
2006-05-24,00:45,01:00,18640
2006-05-24,01:00,01:15,18724
2006-05-24,01:15,01:30,18699
2006-05-24,01:30,01:45,18673
2006-05-24,01:45,02:00,18717
2006-05-24,02:00,02:15,18536
2006-05-24,02:15,02:30,18300
2006-05-24,02:30,02:45,18349
2006-05-24,02:45,03:00,18157
2006-05-24,03:00,03:15,18273
2006-05-24,03:15,03:30,18179
2006-05-24,03:30,03:45,18192
2006-05-24,03:45,04:00,18025
2006-05-24,04:00,04:15,18109
2006-05-24,04:15,04:30,18171
2006-05-24,04:30,04:45,18394
2006-05-24,04:45,05:00,18400
2006-05-24,05:00,05:15,18612
2006-05-24,05:15,05:30,18788
2006-05-24,05:30,05:45,18958
2006-05-24,05:45,06:00,19103
2006-05-24,06:00,06:15,19735
2006-05-24,06:15,06:30,20032
2006-05-24,06:30,06:45,20357
2006-05-24,06:45,07:00,20826
2006-05-24,07:00,07:15,21433
2006-05-24,07:15,07:30,22117
2006-05-24,07:30,07:45,22548
2006-05-24,07:45,08:00,22938
2006-05-24,08:00,08:15,23184
2006-05-24,08:15,08:30,23716
2006-05-24,08:30,08:45,23863
2006-05-24,08:45,09:00,23757
2006-05-24,09:00,09:15,23726
2006-05-24,09:15,09:30,23685
2006-05-24,09:30,09:45,23574
2006-05-24,09:45,10:00,23565
2006-05-24,10:00,10:15,23686
2006-05-24,10:15,10:30,23829
2006-05-24,10:30,10:45,23707
2006-05-24,10:45,11:00,23540
2006-05-24,11:00,11:15,23901
2006-05-24,11:15,11:30,23804
2006-05-24,11:30,11:45,23825
2006-05-24,11:45,12:00,23833
2006-05-24,12:00,12:15,23649
2006-05-24,12:15,12:30,23728
2006-05-24,12:30,12:45,23689
2006-05-24,12:45,13:00,23716
2006-05-24,13:00,13:15,23717
2006-05-24,13:15,13:30,23878
2006-05-24,13:30,13:45,23661
2006-05-24,13:45,14:00,23307
2006-05-24,14:00,14:15,23439
2006-05-24,14:15,14:30,23425
2006-05-24,14:30,14:45,23281
2006-05-24,14:45,15:00,23074
2006-05-24,15:00,15:15,22962
2006-05-24,15:15,15:30,22720
2006-05-24,15:30,15:45,22560
2006-05-24,15:45,16:00,22401
2006-05-24,16:00,16:15,22152
2006-05-24,16:15,16:30,22087
2006-05-24,16:30,16:45,21808
2006-05-24,16:45,17:00,21767
2006-05-24,17:00,17:15,21630
2006-05-24,17:15,17:30,21513
2006-05-24,17:30,17:45,21487
2006-05-24,17:45,18:00,21267
2006-05-24,18:00,18:15,21138
2006-05-24,18:15,18:30,21028
2006-05-24,18:30,18:45,21199
2006-05-24,18:45,19:00,21078
2006-05-24,19:00,19:15,20905
2006-05-24,19:15,19:30,20904
2006-05-24,19:30,19:45,20822
2006-05-24,19:45,20:00,20687
2006-05-24,20:00,20:15,20505
2006-05-24,20:15,20:30,20389
2006-05-24,20:30,20:45,20487
2006-05-24,20:45,21:00,20493
2006-05-24,21:00,21:15,20424
2006-05-24,21:15,21:30,20383
2006-05-24,21:30,21:45,20502
2006-05-24,21:45,22:00,20447
2006-05-24,22:00,22:15,20447
2006-05-24,22:15,22:30,20354
2006-05-24,22:30,22:45,20256
2006-05-24,22:45,23:00,19908
2006-05-24,23:00,23:15,19980
2006-05-24,23:15,23:30,19770
2006-05-24,23:30,23:45,19590
2006-05-24,23:45,00:00,19188
2006-05-25,00:00,00:15,18738
2006-05-25,00:15,00:30,18497
2006-05-25,00:30,00:45,18513
2006-05-25,00:45,01:00,18431
2006-05-25,01:00,01:15,18423
2006-05-25,01:15,01:30,18236
2006-05-25,01:30,01:45,18028
2006-05-25,01:45,02:00,17979
2006-05-25,02:00,02:15,17782
2006-05-25,02:15,02:30,17656
2006-05-25,02:30,02:45,17624
2006-05-25,02:45,03:00,17721
2006-05-25,03:00,03:15,17683
2006-05-25,03:15,03:30,17738
2006-05-25,03:30,03:45,17691
2006-05-25,03:45,04:00,17809
2006-05-25,04:00,04:15,17861
2006-05-25,04:15,04:30,17796
2006-05-25,04:30,04:45,17497
2006-05-25,04:45,05:00,17453
2006-05-25,05:00,05:15,17496
2006-05-25,05:15,05:30,17363
2006-05-25,05:30,05:45,16993
2006-05-25,05:45,06:00,16781
2006-05-25,06:00,06:15,16624
2006-05-25,06:15,06:30,16485
2006-05-25,06:30,06:45,16466
2006-05-25,06:45,07:00,16493
2006-05-25,07:00,07:15,16649
2006-05-25,07:15,07:30,16486
2006-05-25,07:30,07:45,16588
2006-05-25,07:45,08:00,16656
2006-05-25,08:00,08:15,16843
2006-05-25,08:15,08:30,17238
2006-05-25,08:30,08:45,17190
2006-05-25,08:45,09:00,17358
2006-05-25,09:00,09:15,17645
2006-05-25,09:15,09:30,18029
2006-05-25,09:30,09:45,18108
2006-05-25,09:45,10:00,18272
2006-05-25,10:00,10:15,18600
2006-05-25,10:15,10:30,18950
2006-05-25,10:30,10:45,19028
2006-05-25,10:45,11:00,19170
2006-05-25,11:00,11:15,19292
2006-05-25,11:15,11:30,19721
2006-05-25,11:30,11:45,20075
2006-05-25,11:45,12:00,19971
2006-05-25,12:00,12:15,20051
2006-05-25,12:15,12:30,19995
2006-05-25,12:30,12:45,20165
2006-05-25,12:45,13:00,19983
2006-05-25,13:00,13:15,20009
2006-05-25,13:15,13:30,19792
2006-05-25,13:30,13:45,19763
2006-05-25,13:45,14:00,19514
2006-05-25,14:00,14:15,19339
2006-05-25,14:15,14:30,19422
2006-05-25,14:30,14:45,19324
2006-05-25,14:45,15:00,19261
2006-05-25,15:00,15:15,19119
2006-05-25,15:15,15:30,18994
2006-05-25,15:30,15:45,18968
2006-05-25,15:45,16:00,18937
2006-05-25,16:00,16:15,18889
2006-05-25,16:15,16:30,18763
2006-05-25,16:30,16:45,18639
2006-05-25,16:45,17:00,18599
2006-05-25,17:00,17:15,18601
2006-05-25,17:15,17:30,18734
2006-05-25,17:30,17:45,18723
2006-05-25,17:45,18:00,18745
2006-05-25,18:00,18:15,18926
2006-05-25,18:15,18:30,19126
2006-05-25,18:30,18:45,19333
2006-05-25,18:45,19:00,19167
2006-05-25,19:00,19:15,19063
2006-05-25,19:15,19:30,19266
2006-05-25,19:30,19:45,19217
2006-05-25,19:45,20:00,19039
2006-05-25,20:00,20:15,19089
2006-05-25,20:15,20:30,19152
2006-05-25,20:30,20:45,18960
2006-05-25,20:45,21:00,18869
2006-05-25,21:00,21:15,18910
2006-05-25,21:15,21:30,19021
2006-05-25,21:30,21:45,19040
2006-05-25,21:45,22:00,19078
2006-05-25,22:00,22:15,19215
2006-05-25,22:15,22:30,19239
2006-05-25,22:30,22:45,19043
2006-05-25,22:45,23:00,18945
2006-05-25,23:00,23:15,18836
2006-05-25,23:15,23:30,18512
2006-05-25,23:30,23:45,18211
2006-05-25,23:45,00:00,17943
2006-05-26,00:00,00:15,17822
2006-05-26,00:15,00:30,18028
2006-05-26,00:30,00:45,18107
2006-05-26,00:45,01:00,17872
2006-05-26,01:00,01:15,17544
2006-05-26,01:15,01:30,17231
2006-05-26,01:30,01:45,17042
2006-05-26,01:45,02:00,17190
2006-05-26,02:00,02:15,16987
2006-05-26,02:15,02:30,16876
2006-05-26,02:30,02:45,17013
2006-05-26,02:45,03:00,17034
2006-05-26,03:00,03:15,16968
2006-05-26,03:15,03:30,17024
2006-05-26,03:30,03:45,17196
2006-05-26,03:45,04:00,17183
2006-05-26,04:00,04:15,17127
2006-05-26,04:15,04:30,17198
2006-05-26,04:30,04:45,17226
2006-05-26,04:45,05:00,17398
2006-05-26,05:00,05:15,17727
2006-05-26,05:15,05:30,17611
2006-05-26,05:30,05:45,17626
2006-05-26,05:45,06:00,17715
2006-05-26,06:00,06:15,18179
2006-05-26,06:15,06:30,18433
2006-05-26,06:30,06:45,18856
2006-05-26,06:45,07:00,18901
2006-05-26,07:00,07:15,19243
2006-05-26,07:15,07:30,19577
2006-05-26,07:30,07:45,20007
2006-05-26,07:45,08:00,20169
2006-05-26,08:00,08:15,20889
2006-05-26,08:15,08:30,21364
2006-05-26,08:30,08:45,21629
2006-05-26,08:45,09:00,21580
2006-05-26,09:00,09:15,21850
2006-05-26,09:15,09:30,22184
2006-05-26,09:30,09:45,22137
2006-05-26,09:45,10:00,22135
2006-05-26,10:00,10:15,22362
2006-05-26,10:15,10:30,22457
2006-05-26,10:30,10:45,22445
2006-05-26,10:45,11:00,22722
2006-05-26,11:00,11:15,22827
2006-05-26,11:15,11:30,22915
2006-05-26,11:30,11:45,23080
2006-05-26,11:45,12:00,22954
2006-05-26,12:00,12:15,23166
2006-05-26,12:15,12:30,23295
2006-05-26,12:30,12:45,22996
2006-05-26,12:45,13:00,22978
2006-05-26,13:00,13:15,22853
2006-05-26,13:15,13:30,22699
2006-05-26,13:30,13:45,22468
2006-05-26,13:45,14:00,22148
2006-05-26,14:00,14:15,21828
2006-05-26,14:15,14:30,21801
2006-05-26,14:30,14:45,21682
2006-05-26,14:45,15:00,21686
2006-05-26,15:00,15:15,21622
2006-05-26,15:15,15:30,21363
2006-05-26,15:30,15:45,21382
2006-05-26,15:45,16:00,21340
2006-05-26,16:00,16:15,21272
2006-05-26,16:15,16:30,21107
2006-05-26,16:30,16:45,21060
2006-05-26,16:45,17:00,20948
2006-05-26,17:00,17:15,20947
2006-05-26,17:15,17:30,21083
2006-05-26,17:30,17:45,21196
2006-05-26,17:45,18:00,21301
2006-05-26,18:00,18:15,21285
2006-05-26,18:15,18:30,21221
2006-05-26,18:30,18:45,21316
2006-05-26,18:45,19:00,21163
2006-05-26,19:00,19:15,21061
2006-05-26,19:15,19:30,20992
2006-05-26,19:30,19:45,20950
2006-05-26,19:45,20:00,20681
2006-05-26,20:00,20:15,20739
2006-05-26,20:15,20:30,20555
2006-05-26,20:30,20:45,20304
2006-05-26,20:45,21:00,20139
2006-05-26,21:00,21:15,20007
2006-05-26,21:15,21:30,19734
2006-05-26,21:30,21:45,19386
2006-05-26,21:45,22:00,19297
2006-05-26,22:00,22:15,19386
2006-05-26,22:15,22:30,19182
2006-05-26,22:30,22:45,19111
2006-05-26,22:45,23:00,18787
2006-05-26,23:00,23:15,18678
2006-05-26,23:15,23:30,18364
2006-05-26,23:30,23:45,18107
2006-05-26,23:45,00:00,17776
2006-05-27,00:00,00:15,17395
2006-05-27,00:15,00:30,17289
2006-05-27,00:30,00:45,17152
2006-05-27,00:45,01:00,17024
2006-05-27,01:00,01:15,16970
2006-05-27,01:15,01:30,16672
2006-05-27,01:30,01:45,16454
2006-05-27,01:45,02:00,16633
2006-05-27,02:00,02:15,16524
2006-05-27,02:15,02:30,16399
2006-05-27,02:30,02:45,16429
2006-05-27,02:45,03:00,16404
2006-05-27,03:00,03:15,16503
2006-05-27,03:15,03:30,16477
2006-05-27,03:30,03:45,16543
2006-05-27,03:45,04:00,16659
2006-05-27,04:00,04:15,16542
2006-05-27,04:15,04:30,16605
2006-05-27,04:30,04:45,16782
2006-05-27,04:45,05:00,16737
2006-05-27,05:00,05:15,16823
2006-05-27,05:15,05:30,16724
2006-05-27,05:30,05:45,16641
2006-05-27,05:45,06:00,16717
2006-05-27,06:00,06:15,16865
2006-05-27,06:15,06:30,16852
2006-05-27,06:30,06:45,16910
2006-05-27,06:45,07:00,16840
2006-05-27,07:00,07:15,17065
2006-05-27,07:15,07:30,17190
2006-05-27,07:30,07:45,17366
2006-05-27,07:45,08:00,17610
2006-05-27,08:00,08:15,18001
2006-05-27,08:15,08:30,18573
2006-05-27,08:30,08:45,18541
2006-05-27,08:45,09:00,18860
2006-05-27,09:00,09:15,19174
2006-05-27,09:15,09:30,19413
2006-05-27,09:30,09:45,19535
2006-05-27,09:45,10:00,19692
2006-05-27,10:00,10:15,19910
2006-05-27,10:15,10:30,20221
2006-05-27,10:30,10:45,20277
2006-05-27,10:45,11:00,20254
2006-05-27,11:00,11:15,20260
2006-05-27,11:15,11:30,20375
2006-05-27,11:30,11:45,20727
2006-05-27,11:45,12:00,20660
2006-05-27,12:00,12:15,20786
2006-05-27,12:15,12:30,20597
2006-05-27,12:30,12:45,20517
2006-05-27,12:45,13:00,20464
2006-05-27,13:00,13:15,20399
2006-05-27,13:15,13:30,20126
2006-05-27,13:30,13:45,20134
2006-05-27,13:45,14:00,19885
2006-05-27,14:00,14:15,19619
2006-05-27,14:15,14:30,19423
2006-05-27,14:30,14:45,19282
2006-05-27,14:45,15:00,19179
2006-05-27,15:00,15:15,18985
2006-05-27,15:15,15:30,19287
2006-05-27,15:30,15:45,19184
2006-05-27,15:45,16:00,19071
2006-05-27,16:00,16:15,19048
2006-05-27,16:15,16:30,18897
2006-05-27,16:30,16:45,18990
2006-05-27,16:45,17:00,18882
2006-05-27,17:00,17:15,18753
2006-05-27,17:15,17:30,19141
2006-05-27,17:30,17:45,19180
2006-05-27,17:45,18:00,19129
2006-05-27,18:00,18:15,19155
2006-05-27,18:15,18:30,19014
2006-05-27,18:30,18:45,19023
2006-05-27,18:45,19:00,18979
2006-05-27,19:00,19:15,19057
2006-05-27,19:15,19:30,19207
2006-05-27,19:30,19:45,19023
2006-05-27,19:45,20:00,18939
2006-05-27,20:00,20:15,18905
2006-05-27,20:15,20:30,18568
2006-05-27,20:30,20:45,18288
2006-05-27,20:45,21:00,18168
2006-05-27,21:00,21:15,18174
2006-05-27,21:15,21:30,18240
2006-05-27,21:30,21:45,18065
2006-05-27,21:45,22:00,18240
2006-05-27,22:00,22:15,18391
2006-05-27,22:15,22:30,18328
2006-05-27,22:30,22:45,18233
2006-05-27,22:45,23:00,18082
2006-05-27,23:00,23:15,17859
2006-05-27,23:15,23:30,17259
2006-05-27,23:30,23:45,17042
2006-05-27,23:45,00:00,16937
2006-05-28,00:00,00:15,16256
2006-05-28,00:15,00:30,16141
2006-05-28,00:30,00:45,15903
2006-05-28,00:45,01:00,15952
2006-05-28,01:00,01:15,15832
2006-05-28,01:15,01:30,15510
2006-05-28,01:30,01:45,15585
2006-05-28,01:45,02:00,15517
2006-05-28,02:00,02:15,15220
2006-05-28,02:15,02:30,14923
2006-05-28,02:30,02:45,14949
2006-05-28,02:45,03:00,14944
2006-05-28,03:00,03:15,14793
2006-05-28,03:15,03:30,14771
2006-05-28,03:30,03:45,14720
2006-05-28,03:45,04:00,14769
2006-05-28,04:00,04:15,14703
2006-05-28,04:15,04:30,14851
2006-05-28,04:30,04:45,14592
2006-05-28,04:45,05:00,14671
2006-05-28,05:00,05:15,14682
2006-05-28,05:15,05:30,14937
2006-05-28,05:30,05:45,14920
2006-05-28,05:45,06:00,14893
2006-05-28,06:00,06:15,14746
2006-05-28,06:15,06:30,14667
2006-05-28,06:30,06:45,14562
2006-05-28,06:45,07:00,14764
2006-05-28,07:00,07:15,14859
2006-05-28,07:15,07:30,15189
2006-05-28,07:30,07:45,15444
2006-05-28,07:45,08:00,15538
2006-05-28,08:00,08:15,15789
2006-05-28,08:15,08:30,16156
2006-05-28,08:30,08:45,16425
2006-05-28,08:45,09:00,16263
2006-05-28,09:00,09:15,16903
2006-05-28,09:15,09:30,17154
2006-05-28,09:30,09:45,17165
2006-05-28,09:45,10:00,16736
2006-05-28,10:00,10:15,16792
2006-05-28,10:15,10:30,16843
2006-05-28,10:30,10:45,17244
2006-05-28,10:45,11:00,17318
2006-05-28,11:00,11:15,17192
2006-05-28,11:15,11:30,17333
2006-05-28,11:30,11:45,17610
2006-05-28,11:45,12:00,17563
2006-05-28,12:00,12:15,17910
2006-05-28,12:15,12:30,17729
2006-05-28,12:30,12:45,17709
2006-05-28,12:45,13:00,17726
2006-05-28,13:00,13:15,17781
2006-05-28,13:15,13:30,17673
2006-05-28,13:30,13:45,17479
2006-05-28,13:45,14:00,17381
2006-05-28,14:00,14:15,17079
2006-05-28,14:15,14:30,17100
2006-05-28,14:30,14:45,16968
2006-05-28,14:45,15:00,16678
2006-05-28,15:00,15:15,16629
2006-05-28,15:15,15:30,16672
2006-05-28,15:30,15:45,16776
2006-05-28,15:45,16:00,16559
2006-05-28,16:00,16:15,16428
2006-05-28,16:15,16:30,16576
2006-05-28,16:30,16:45,16446
2006-05-28,16:45,17:00,16334
2006-05-28,17:00,17:15,16515
2006-05-28,17:15,17:30,16821
2006-05-28,17:30,17:45,17130
2006-05-28,17:45,18:00,17022
2006-05-28,18:00,18:15,17404
2006-05-28,18:15,18:30,17487
2006-05-28,18:30,18:45,17617
2006-05-28,18:45,19:00,17728
2006-05-28,19:00,19:15,17888
2006-05-28,19:15,19:30,17945
2006-05-28,19:30,19:45,18306
2006-05-28,19:45,20:00,18185
2006-05-28,20:00,20:15,18026
2006-05-28,20:15,20:30,17865
2006-05-28,20:30,20:45,17600
2006-05-28,20:45,21:00,17840
2006-05-28,21:00,21:15,17730
2006-05-28,21:15,21:30,17903
2006-05-28,21:30,21:45,17956
2006-05-28,21:45,22:00,18084
2006-05-28,22:00,22:15,18665
2006-05-28,22:15,22:30,18802
2006-05-28,22:30,22:45,18562
2006-05-28,22:45,23:00,18299
2006-05-28,23:00,23:15,18321
2006-05-28,23:15,23:30,17863
2006-05-28,23:30,23:45,17492
2006-05-28,23:45,00:00,17192
2006-05-29,00:00,00:15,16637
2006-05-29,00:15,00:30,16503
2006-05-29,00:30,00:45,16662
2006-05-29,00:45,01:00,16429
2006-05-29,01:00,01:15,16383
2006-05-29,01:15,01:30,16073
2006-05-29,01:30,01:45,16063
2006-05-29,01:45,02:00,16231
2006-05-29,02:00,02:15,16115
2006-05-29,02:15,02:30,16013
2006-05-29,02:30,02:45,16033
2006-05-29,02:45,03:00,15903
2006-05-29,03:00,03:15,15949
2006-05-29,03:15,03:30,16008
2006-05-29,03:30,03:45,16059
2006-05-29,03:45,04:00,16062
2006-05-29,04:00,04:15,16442
2006-05-29,04:15,04:30,16637
2006-05-29,04:30,04:45,16558
2006-05-29,04:45,05:00,16885
2006-05-29,05:00,05:15,17342
2006-05-29,05:15,05:30,17673
2006-05-29,05:30,05:45,17975
2006-05-29,05:45,06:00,18246
2006-05-29,06:00,06:15,19008
2006-05-29,06:15,06:30,19414
2006-05-29,06:30,06:45,20049
2006-05-29,06:45,07:00,20294
2006-05-29,07:00,07:15,20517
2006-05-29,07:15,07:30,21260
2006-05-29,07:30,07:45,22053
2006-05-29,07:45,08:00,22678
2006-05-29,08:00,08:15,23451
2006-05-29,08:15,08:30,23329
2006-05-29,08:30,08:45,23979
2006-05-29,08:45,09:00,23872
2006-05-29,09:00,09:15,24207
2006-05-29,09:15,09:30,24216
2006-05-29,09:30,09:45,24331
2006-05-29,09:45,10:00,24539
2006-05-29,10:00,10:15,24612
2006-05-29,10:15,10:30,24819
2006-05-29,10:30,10:45,24801
2006-05-29,10:45,11:00,24815
2006-05-29,11:00,11:15,24993
2006-05-29,11:15,11:30,25041
2006-05-29,11:30,11:45,25098
2006-05-29,11:45,12:00,25213
2006-05-29,12:00,12:15,25197
2006-05-29,12:15,12:30,24980
2006-05-29,12:30,12:45,24857
2006-05-29,12:45,13:00,25005
2006-05-29,13:00,13:15,25134
2006-05-29,13:15,13:30,25009
2006-05-29,13:30,13:45,24957
2006-05-29,13:45,14:00,24983
2006-05-29,14:00,14:15,24953
2006-05-29,14:15,14:30,24783
2006-05-29,14:30,14:45,24894
2006-05-29,14:45,15:00,24831
2006-05-29,15:00,15:15,24815
2006-05-29,15:15,15:30,24495
2006-05-29,15:30,15:45,24611
2006-05-29,15:45,16:00,24364
2006-05-29,16:00,16:15,24184
2006-05-29,16:15,16:30,23801
2006-05-29,16:30,16:45,23811
2006-05-29,16:45,17:00,23487
2006-05-29,17:00,17:15,23363
2006-05-29,17:15,17:30,23487
2006-05-29,17:30,17:45,23542
2006-05-29,17:45,18:00,23785
2006-05-29,18:00,18:15,23043
2006-05-29,18:15,18:30,22762
2006-05-29,18:30,18:45,22991
2006-05-29,18:45,19:00,22915
2006-05-29,19:00,19:15,22860
2006-05-29,19:15,19:30,22615
2006-05-29,19:30,19:45,22508
2006-05-29,19:45,20:00,22398
2006-05-29,20:00,20:15,22107
2006-05-29,20:15,20:30,22270
2006-05-29,20:30,20:45,21976
2006-05-29,20:45,21:00,21298
2006-05-29,21:00,21:15,21356
2006-05-29,21:15,21:30,21399
2006-05-29,21:30,21:45,21257
2006-05-29,21:45,22:00,21489
2006-05-29,22:00,22:15,21306
2006-05-29,22:15,22:30,21193
2006-05-29,22:30,22:45,20961
2006-05-29,22:45,23:00,20651
2006-05-29,23:00,23:15,20075
2006-05-29,23:15,23:30,19649
2006-05-29,23:30,23:45,19392
2006-05-29,23:45,00:00,19029
2006-05-30,00:00,00:15,18806
2006-05-30,00:15,00:30,18613
2006-05-30,00:30,00:45,18431
2006-05-30,00:45,01:00,18141
2006-05-30,01:00,01:15,17884
2006-05-30,01:15,01:30,17734
2006-05-30,01:30,01:45,17629
2006-05-30,01:45,02:00,17562
2006-05-30,02:00,02:15,17430
2006-05-30,02:15,02:30,17393
2006-05-30,02:30,02:45,17449
2006-05-30,02:45,03:00,17564
2006-05-30,03:00,03:15,17562
2006-05-30,03:15,03:30,17638
2006-05-30,03:30,03:45,17600
2006-05-30,03:45,04:00,17696
2006-05-30,04:00,04:15,17672
2006-05-30,04:15,04:30,17587
2006-05-30,04:30,04:45,17722
2006-05-30,04:45,05:00,17642
2006-05-30,05:00,05:15,17813
2006-05-30,05:15,05:30,18102
2006-05-30,05:30,05:45,18287
2006-05-30,05:45,06:00,18633
2006-05-30,06:00,06:15,18780
2006-05-30,06:15,06:30,19743
2006-05-30,06:30,06:45,19947
2006-05-30,06:45,07:00,20506
2006-05-30,07:00,07:15,21147
2006-05-30,07:15,07:30,21809
2006-05-30,07:30,07:45,22336
2006-05-30,07:45,08:00,22613
2006-05-30,08:00,08:15,23175
2006-05-30,08:15,08:30,23575
2006-05-30,08:30,08:45,23631
2006-05-30,08:45,09:00,23853
2006-05-30,09:00,09:15,23948
2006-05-30,09:15,09:30,24041
2006-05-30,09:30,09:45,24245
2006-05-30,09:45,10:00,24309
2006-05-30,10:00,10:15,24315
2006-05-30,10:15,10:30,24457
2006-05-30,10:30,10:45,24598
2006-05-30,10:45,11:00,24516
2006-05-30,11:00,11:15,24582
2006-05-30,11:15,11:30,24644
2006-05-30,11:30,11:45,24892
2006-05-30,11:45,12:00,24692
2006-05-30,12:00,12:15,24471
2006-05-30,12:15,12:30,24635
2006-05-30,12:30,12:45,24442
2006-05-30,12:45,13:00,24545
2006-05-30,13:00,13:15,24782
2006-05-30,13:15,13:30,24753
2006-05-30,13:30,13:45,24735
2006-05-30,13:45,14:00,24454
2006-05-30,14:00,14:15,24564
2006-05-30,14:15,14:30,24192
2006-05-30,14:30,14:45,24369
2006-05-30,14:45,15:00,24233
2006-05-30,15:00,15:15,23987
2006-05-30,15:15,15:30,23859
2006-05-30,15:30,15:45,23874
2006-05-30,15:45,16:00,23976
2006-05-30,16:00,16:15,23776
2006-05-30,16:15,16:30,23526
2006-05-30,16:30,16:45,23419
2006-05-30,16:45,17:00,23309
2006-05-30,17:00,17:15,22957
2006-05-30,17:15,17:30,22820
2006-05-30,17:30,17:45,22738
2006-05-30,17:45,18:00,22820
2006-05-30,18:00,18:15,22782
2006-05-30,18:15,18:30,22746
2006-05-30,18:30,18:45,22922
2006-05-30,18:45,19:00,23099
2006-05-30,19:00,19:15,22975
2006-05-30,19:15,19:30,22758
2006-05-30,19:30,19:45,22604
2006-05-30,19:45,20:00,22537
2006-05-30,20:00,20:15,22316
2006-05-30,20:15,20:30,22261
2006-05-30,20:30,20:45,21819
2006-05-30,20:45,21:00,21436
2006-05-30,21:00,21:15,21398
2006-05-30,21:15,21:30,21560
2006-05-30,21:30,21:45,21366
2006-05-30,21:45,22:00,21309
2006-05-30,22:00,22:15,21311
2006-05-30,22:15,22:30,21204
2006-05-30,22:30,22:45,21280
2006-05-30,22:45,23:00,20999
2006-05-30,23:00,23:15,20688
2006-05-30,23:15,23:30,20373
2006-05-30,23:30,23:45,20039
2006-05-30,23:45,00:00,19802
2006-05-31,00:00,00:15,19179
2006-05-31,00:15,00:30,19154
2006-05-31,00:30,00:45,18960
2006-05-31,00:45,01:00,18856
2006-05-31,01:00,01:15,18769
2006-05-31,01:15,01:30,18416
2006-05-31,01:30,01:45,18281
2006-05-31,01:45,02:00,18266
2006-05-31,02:00,02:15,18212
2006-05-31,02:15,02:30,17906
2006-05-31,02:30,02:45,17915
2006-05-31,02:45,03:00,17862
2006-05-31,03:00,03:15,17871
2006-05-31,03:15,03:30,17861
2006-05-31,03:30,03:45,17752
2006-05-31,03:45,04:00,17922
2006-05-31,04:00,04:15,17906
2006-05-31,04:15,04:30,18112
2006-05-31,04:30,04:45,18109
2006-05-31,04:45,05:00,18368
2006-05-31,05:00,05:15,18642
2006-05-31,05:15,05:30,19164
2006-05-31,05:30,05:45,19318
2006-05-31,05:45,06:00,19508
2006-05-31,06:00,06:15,19596
2006-05-31,06:15,06:30,20130
2006-05-31,06:30,06:45,20677
2006-05-31,06:45,07:00,20935
2006-05-31,07:00,07:15,21457
2006-05-31,07:15,07:30,22000
2006-05-31,07:30,07:45,22225
2006-05-31,07:45,08:00,22513
2006-05-31,08:00,08:15,22943
2006-05-31,08:15,08:30,23056
2006-05-31,08:30,08:45,23344
2006-05-31,08:45,09:00,23711
2006-05-31,09:00,09:15,23565
2006-05-31,09:15,09:30,23547
2006-05-31,09:30,09:45,23792
2006-05-31,09:45,10:00,23939
2006-05-31,10:00,10:15,23957
2006-05-31,10:15,10:30,24207
2006-05-31,10:30,10:45,24212
2006-05-31,10:45,11:00,24130
2006-05-31,11:00,11:15,24355
2006-05-31,11:15,11:30,24593
2006-05-31,11:30,11:45,24589
2006-05-31,11:45,12:00,24770
2006-05-31,12:00,12:15,24546
2006-05-31,12:15,12:30,24545
2006-05-31,12:30,12:45,24503
2006-05-31,12:45,13:00,24317
2006-05-31,13:00,13:15,24290
2006-05-31,13:15,13:30,24380
2006-05-31,13:30,13:45,24371
2006-05-31,13:45,14:00,24118
2006-05-31,14:00,14:15,24352
2006-05-31,14:15,14:30,24258
2006-05-31,14:30,14:45,24278
2006-05-31,14:45,15:00,23997
2006-05-31,15:00,15:15,23996
2006-05-31,15:15,15:30,24018
2006-05-31,15:30,15:45,23628
2006-05-31,15:45,16:00,23675
2006-05-31,16:00,16:15,23425
2006-05-31,16:15,16:30,23277
2006-05-31,16:30,16:45,23111
2006-05-31,16:45,17:00,23133
2006-05-31,17:00,17:15,23215
2006-05-31,17:15,17:30,23102
2006-05-31,17:30,17:45,22939
2006-05-31,17:45,18:00,22959
2006-05-31,18:00,18:15,22668
2006-05-31,18:15,18:30,22635
2006-05-31,18:30,18:45,22801
2006-05-31,18:45,19:00,22591
2006-05-31,19:00,19:15,22733
2006-05-31,19:15,19:30,22710
2006-05-31,19:30,19:45,22616
2006-05-31,19:45,20:00,22488
2006-05-31,20:00,20:15,22448
2006-05-31,20:15,20:30,22201
2006-05-31,20:30,20:45,22136
2006-05-31,20:45,21:00,21875
2006-05-31,21:00,21:15,21877
2006-05-31,21:15,21:30,21631
2006-05-31,21:30,21:45,21585
2006-05-31,21:45,22:00,21631
2006-05-31,22:00,22:15,21484
2006-05-31,22:15,22:30,21135
2006-05-31,22:30,22:45,21012
2006-05-31,22:45,23:00,20675
2006-05-31,23:00,23:15,20685
2006-05-31,23:15,23:30,20362
2006-05-31,23:30,23:45,20226
2006-05-31,23:45,00:00,20079
