date,time_from,time_to,vertical_load
2011-12-01,00:00,00:15,14658
2011-12-01,00:15,00:30,14421
2011-12-01,00:30,00:45,14091
2011-12-01,00:45,01:00,13973
2011-12-01,01:00,01:15,13735
2011-12-01,01:15,01:30,13733
2011-12-01,01:30,01:45,13745
2011-12-01,01:45,02:00,13730
2011-12-01,02:00,02:15,13461
2011-12-01,02:15,02:30,13333
2011-12-01,02:30,02:45,13538
2011-12-01,02:45,03:00,13564
2011-12-01,03:00,03:15,13502
2011-12-01,03:15,03:30,13511
2011-12-01,03:30,03:45,13645
2011-12-01,03:45,04:00,13590
2011-12-01,04:00,04:15,13703
2011-12-01,04:15,04:30,13772
2011-12-01,04:30,04:45,13826
2011-12-01,04:45,05:00,13987
2011-12-01,05:00,05:15,14246
2011-12-01,05:15,05:30,14337
2011-12-01,05:30,05:45,14740
2011-12-01,05:45,06:00,15025
2011-12-01,06:00,06:15,15517
2011-12-01,06:15,06:30,16143
2011-12-01,06:30,06:45,16723
2011-12-01,06:45,07:00,16971
2011-12-01,07:00,07:15,17360
2011-12-01,07:15,07:30,17688
2011-12-01,07:30,07:45,17812
2011-12-01,07:45,08:00,17899
2011-12-01,08:00,08:15,18058
2011-12-01,08:15,08:30,18005
2011-12-01,08:30,08:45,17996
2011-12-01,08:45,09:00,17913
2011-12-01,09:00,09:15,17720
2011-12-01,09:15,09:30,17775
2011-12-01,09:30,09:45,17757
2011-12-01,09:45,10:00,17812
2011-12-01,10:00,10:15,17844
2011-12-01,10:15,10:30,17970
2011-12-01,10:30,10:45,18038
2011-12-01,10:45,11:00,18074
2011-12-01,11:00,11:15,17956
2011-12-01,11:15,11:30,18182
2011-12-01,11:30,11:45,18382
2011-12-01,11:45,12:00,18505
2011-12-01,12:00,12:15,18249
2011-12-01,12:15,12:30,18129
2011-12-01,12:30,12:45,18300
2011-12-01,12:45,13:00,18569
2011-12-01,13:00,13:15,18680
2011-12-01,13:15,13:30,18700
2011-12-01,13:30,13:45,18584
2011-12-01,13:45,14:00,18381
2011-12-01,14:00,14:15,18195
2011-12-01,14:15,14:30,18126
2011-12-01,14:30,14:45,18364
2011-12-01,14:45,15:00,18207
2011-12-01,15:00,15:15,18323
2011-12-01,15:15,15:30,18261
2011-12-01,15:30,15:45,18208
2011-12-01,15:45,16:00,18171
2011-12-01,16:00,16:15,18230
2011-12-01,16:15,16:30,18074
2011-12-01,16:30,16:45,18217
2011-12-01,16:45,17:00,18538
2011-12-01,17:00,17:15,18608
2011-12-01,17:15,17:30,18462
2011-12-01,17:30,17:45,18404
2011-12-01,17:45,18:00,18436
2011-12-01,18:00,18:15,18523
2011-12-01,18:15,18:30,18657
2011-12-01,18:30,18:45,18577
2011-12-01,18:45,19:00,18791
2011-12-01,19:00,19:15,18668
2011-12-01,19:15,19:30,18457
2011-12-01,19:30,19:45,18374
2011-12-01,19:45,20:00,18235
2011-12-01,20:00,20:15,18159
2011-12-01,20:15,20:30,17956
2011-12-01,20:30,20:45,17672
2011-12-01,20:45,21:00,17409
2011-12-01,21:00,21:15,17328
2011-12-01,21:15,21:30,17167
2011-12-01,21:30,21:45,16936
2011-12-01,21:45,22:00,16721
2011-12-01,22:00,22:15,16273
2011-12-01,22:15,22:30,15908
2011-12-01,22:30,22:45,15458
2011-12-01,22:45,23:00,15138
2011-12-01,23:00,23:15,14721
2011-12-01,23:15,23:30,14420
2011-12-01,23:30,23:45,13898
2011-12-01,23:45,00:00,13510
2011-12-02,00:00,00:15,13176
2011-12-02,00:15,00:30,12789
2011-12-02,00:30,00:45,12318
2011-12-02,00:45,01:00,12140
2011-12-02,01:00,01:15,11878
2011-12-02,01:15,01:30,11595
2011-12-02,01:30,01:45,11679
2011-12-02,01:45,02:00,11711
2011-12-02,02:00,02:15,11575
2011-12-02,02:15,02:30,11616
2011-12-02,02:30,02:45,11570
2011-12-02,02:45,03:00,11622
2011-12-02,03:00,03:15,11537
2011-12-02,03:15,03:30,11416
2011-12-02,03:30,03:45,11481
2011-12-02,03:45,04:00,11635
2011-12-02,04:00,04:15,11807
2011-12-02,04:15,04:30,11873
2011-12-02,04:30,04:45,11837
2011-12-02,04:45,05:00,12105
2011-12-02,05:00,05:15,12443
2011-12-02,05:15,05:30,12678
2011-12-02,05:30,05:45,13142
2011-12-02,05:45,06:00,13589
2011-12-02,06:00,06:15,14461
2011-12-02,06:15,06:30,15326
2011-12-02,06:30,06:45,16039
2011-12-02,06:45,07:00,16557
2011-12-02,07:00,07:15,17321
2011-12-02,07:15,07:30,17819
2011-12-02,07:30,07:45,17893
2011-12-02,07:45,08:00,18017
2011-12-02,08:00,08:15,18169
2011-12-02,08:15,08:30,18309
2011-12-02,08:30,08:45,18364
2011-12-02,08:45,09:00,18335
2011-12-02,09:00,09:15,18326
2011-12-02,09:15,09:30,18220
2011-12-02,09:30,09:45,18331
2011-12-02,09:45,10:00,18356
2011-12-02,10:00,10:15,18437
2011-12-02,10:15,10:30,18509
2011-12-02,10:30,10:45,18718
2011-12-02,10:45,11:00,18763
2011-12-02,11:00,11:15,18757
2011-12-02,11:15,11:30,18922
2011-12-02,11:30,11:45,19086
2011-12-02,11:45,12:00,19102
2011-12-02,12:00,12:15,18831
2011-12-02,12:15,12:30,18793
2011-12-02,12:30,12:45,18660
2011-12-02,12:45,13:00,18682
2011-12-02,13:00,13:15,18765
2011-12-02,13:15,13:30,18753
2011-12-02,13:30,13:45,18749
2011-12-02,13:45,14:00,18435
2011-12-02,14:00,14:15,18419
2011-12-02,14:15,14:30,18476
2011-12-02,14:30,14:45,18461
2011-12-02,14:45,15:00,18477
2011-12-02,15:00,15:15,18712
2011-12-02,15:15,15:30,18771
2011-12-02,15:30,15:45,18825
2011-12-02,15:45,16:00,18809
2011-12-02,16:00,16:15,18751
2011-12-02,16:15,16:30,18796
2011-12-02,16:30,16:45,19086
2011-12-02,16:45,17:00,19518
2011-12-02,17:00,17:15,19569
2011-12-02,17:15,17:30,19595
2011-12-02,17:30,17:45,19431
2011-12-02,17:45,18:00,19478
2011-12-02,18:00,18:15,19343
2011-12-02,18:15,18:30,19309
2011-12-02,18:30,18:45,18961
2011-12-02,18:45,19:00,18972
2011-12-02,19:00,19:15,19007
2011-12-02,19:15,19:30,18706
2011-12-02,19:30,19:45,18552
2011-12-02,19:45,20:00,18441
2011-12-02,20:00,20:15,18508
2011-12-02,20:15,20:30,18238
2011-12-02,20:30,20:45,18017
2011-12-02,20:45,21:00,17784
2011-12-02,21:00,21:15,17700
2011-12-02,21:15,21:30,17597
2011-12-02,21:30,21:45,17364
2011-12-02,21:45,22:00,16983
2011-12-02,22:00,22:15,16814
2011-12-02,22:15,22:30,16499
2011-12-02,22:30,22:45,16300
2011-12-02,22:45,23:00,15850
2011-12-02,23:00,23:15,15467
2011-12-02,23:15,23:30,14983
2011-12-02,23:30,23:45,14617
2011-12-02,23:45,00:00,14399
2011-12-03,00:00,00:15,14109
2011-12-03,00:15,00:30,13953
2011-12-03,00:30,00:45,13689
2011-12-03,00:45,01:00,13420
2011-12-03,01:00,01:15,13370
2011-12-03,01:15,01:30,13339
2011-12-03,01:30,01:45,13159
2011-12-03,01:45,02:00,12998
2011-12-03,02:00,02:15,13070
2011-12-03,02:15,02:30,12991
2011-12-03,02:30,02:45,12951
2011-12-03,02:45,03:00,12827
2011-12-03,03:00,03:15,12810
2011-12-03,03:15,03:30,12732
2011-12-03,03:30,03:45,12737
2011-12-03,03:45,04:00,12697
2011-12-03,04:00,04:15,12822
2011-12-03,04:15,04:30,12684
2011-12-03,04:30,04:45,12730
2011-12-03,04:45,05:00,12497
2011-12-03,05:00,05:15,12333
2011-12-03,05:15,05:30,12304
2011-12-03,05:30,05:45,12239
2011-12-03,05:45,06:00,12043
2011-12-03,06:00,06:15,11854
2011-12-03,06:15,06:30,11954
2011-12-03,06:30,06:45,11993
2011-12-03,06:45,07:00,11969
2011-12-03,07:00,07:15,12285
2011-12-03,07:15,07:30,12506
2011-12-03,07:30,07:45,12913
2011-12-03,07:45,08:00,13055
2011-12-03,08:00,08:15,13350
2011-12-03,08:15,08:30,13656
2011-12-03,08:30,08:45,13820
2011-12-03,08:45,09:00,13922
2011-12-03,09:00,09:15,14156
2011-12-03,09:15,09:30,14265
2011-12-03,09:30,09:45,14414
2011-12-03,09:45,10:00,14400
2011-12-03,10:00,10:15,14594
2011-12-03,10:15,10:30,14783
2011-12-03,10:30,10:45,14768
2011-12-03,10:45,11:00,14709
2011-12-03,11:00,11:15,14735
2011-12-03,11:15,11:30,14951
2011-12-03,11:30,11:45,15047
2011-12-03,11:45,12:00,14972
2011-12-03,12:00,12:15,14889
2011-12-03,12:15,12:30,14937
2011-12-03,12:30,12:45,14934
2011-12-03,12:45,13:00,14853
2011-12-03,13:00,13:15,14845
2011-12-03,13:15,13:30,14843
2011-12-03,13:30,13:45,14761
2011-12-03,13:45,14:00,14745
2011-12-03,14:00,14:15,14731
2011-12-03,14:15,14:30,14722
2011-12-03,14:30,14:45,14789
2011-12-03,14:45,15:00,14806
2011-12-03,15:00,15:15,14991
2011-12-03,15:15,15:30,15030
2011-12-03,15:30,15:45,15234
2011-12-03,15:45,16:00,15258
2011-12-03,16:00,16:15,15523
2011-12-03,16:15,16:30,15550
2011-12-03,16:30,16:45,15689
2011-12-03,16:45,17:00,15959
2011-12-03,17:00,17:15,16137
2011-12-03,17:15,17:30,16332
2011-12-03,17:30,17:45,16312
2011-12-03,17:45,18:00,16237
2011-12-03,18:00,18:15,15977
2011-12-03,18:15,18:30,16052
2011-12-03,18:30,18:45,16021
2011-12-03,18:45,19:00,16062
2011-12-03,19:00,19:15,15896
2011-12-03,19:15,19:30,15717
2011-12-03,19:30,19:45,15531
2011-12-03,19:45,20:00,15325
2011-12-03,20:00,20:15,15206
2011-12-03,20:15,20:30,14902
2011-12-03,20:30,20:45,14804
2011-12-03,20:45,21:00,14642
2011-12-03,21:00,21:15,14802
2011-12-03,21:15,21:30,14728
2011-12-03,21:30,21:45,14617
2011-12-03,21:45,22:00,14528
2011-12-03,22:00,22:15,14526
2011-12-03,22:15,22:30,14408
2011-12-03,22:30,22:45,14261
2011-12-03,22:45,23:00,13970
2011-12-03,23:00,23:15,13612
2011-12-03,23:15,23:30,13261
2011-12-03,23:30,23:45,13022
2011-12-03,23:45,00:00,12580
2011-12-04,00:00,00:15,12314
2011-12-04,00:15,00:30,12016
2011-12-04,00:30,00:45,11789
2011-12-04,00:45,01:00,11497
2011-12-04,01:00,01:15,11268
2011-12-04,01:15,01:30,11047
2011-12-04,01:30,01:45,11005
2011-12-04,01:45,02:00,10999
2011-12-04,02:00,02:15,10907
2011-12-04,02:15,02:30,10775
2011-12-04,02:30,02:45,10669
2011-12-04,02:45,03:00,10440
2011-12-04,03:00,03:15,10334
2011-12-04,03:15,03:30,10484
2011-12-04,03:30,03:45,10456
2011-12-04,03:45,04:00,10451
2011-12-04,04:00,04:15,10421
2011-12-04,04:15,04:30,10423
2011-12-04,04:30,04:45,10453
2011-12-04,04:45,05:00,10437
2011-12-04,05:00,05:15,10373
2011-12-04,05:15,05:30,10491
2011-12-04,05:30,05:45,10482
2011-12-04,05:45,06:00,10470
2011-12-04,06:00,06:15,10123
2011-12-04,06:15,06:30,10010
2011-12-04,06:30,06:45,10000
2011-12-04,06:45,07:00,10000
2011-12-04,07:00,07:15,10127
2011-12-04,07:15,07:30,10370
2011-12-04,07:30,07:45,10463
2011-12-04,07:45,08:00,10585
2011-12-04,08:00,08:15,10887
2011-12-04,08:15,08:30,11154
2011-12-04,08:30,08:45,11419
2011-12-04,08:45,09:00,11691
2011-12-04,09:00,09:15,12079
2011-12-04,09:15,09:30,12370
2011-12-04,09:30,09:45,12594
2011-12-04,09:45,10:00,12644
2011-12-04,10:00,10:15,12873
2011-12-04,10:15,10:30,13139
2011-12-04,10:30,10:45,13283
2011-12-04,10:45,11:00,13428
2011-12-04,11:00,11:15,13491
2011-12-04,11:15,11:30,13676
2011-12-04,11:30,11:45,13986
2011-12-04,11:45,12:00,14196
2011-12-04,12:00,12:15,14148
2011-12-04,12:15,12:30,14180
2011-12-04,12:30,12:45,14003
2011-12-04,12:45,13:00,14145
2011-12-04,13:00,13:15,14114
2011-12-04,13:15,13:30,14094
2011-12-04,13:30,13:45,14105
2011-12-04,13:45,14:00,14030
2011-12-04,14:00,14:15,14057
2011-12-04,14:15,14:30,13991
2011-12-04,14:30,14:45,13873
2011-12-04,14:45,15:00,13735
2011-12-04,15:00,15:15,13797
2011-12-04,15:15,15:30,14019
2011-12-04,15:30,15:45,13972
2011-12-04,15:45,16:00,14018
2011-12-04,16:00,16:15,14099
2011-12-04,16:15,16:30,14315
2011-12-04,16:30,16:45,14632
2011-12-04,16:45,17:00,14823
2011-12-04,17:00,17:15,14761
2011-12-04,17:15,17:30,14868
2011-12-04,17:30,17:45,14899
2011-12-04,17:45,18:00,14749
2011-12-04,18:00,18:15,14916
2011-12-04,18:15,18:30,14953
2011-12-04,18:30,18:45,15090
2011-12-04,18:45,19:00,15010
2011-12-04,19:00,19:15,15083
2011-12-04,19:15,19:30,15136
2011-12-04,19:30,19:45,15189
2011-12-04,19:45,20:00,15150
2011-12-04,20:00,20:15,15049
2011-12-04,20:15,20:30,14842
2011-12-04,20:30,20:45,14735
2011-12-04,20:45,21:00,14578
2011-12-04,21:00,21:15,14695
2011-12-04,21:15,21:30,14594
2011-12-04,21:30,21:45,14502
2011-12-04,21:45,22:00,14413
2011-12-04,22:00,22:15,14766
2011-12-04,22:15,22:30,14730
2011-12-04,22:30,22:45,14342
2011-12-04,22:45,23:00,13999
2011-12-04,23:00,23:15,13799
2011-12-04,23:15,23:30,13496
2011-12-04,23:30,23:45,13021
2011-12-04,23:45,00:00,12774
2011-12-05,00:00,00:15,12467
2011-12-05,00:15,00:30,12137
2011-12-05,00:30,00:45,12037
2011-12-05,00:45,01:00,11907
2011-12-05,01:00,01:15,11707
2011-12-05,01:15,01:30,11386
2011-12-05,01:30,01:45,11167
2011-12-05,01:45,02:00,11135
2011-12-05,02:00,02:15,10972
2011-12-05,02:15,02:30,10856
2011-12-05,02:30,02:45,10866
2011-12-05,02:45,03:00,10957
2011-12-05,03:00,03:15,11075
2011-12-05,03:15,03:30,11046
2011-12-05,03:30,03:45,11017
2011-12-05,03:45,04:00,11162
2011-12-05,04:00,04:15,11370
2011-12-05,04:15,04:30,11407
2011-12-05,04:30,04:45,11405
2011-12-05,04:45,05:00,11645
2011-12-05,05:00,05:15,12057
2011-12-05,05:15,05:30,12357
2011-12-05,05:30,05:45,12769
2011-12-05,05:45,06:00,13282
2011-12-05,06:00,06:15,14047
2011-12-05,06:15,06:30,14911
2011-12-05,06:30,06:45,15624
2011-12-05,06:45,07:00,16329
2011-12-05,07:00,07:15,16584
2011-12-05,07:15,07:30,16756
2011-12-05,07:30,07:45,17064
2011-12-05,07:45,08:00,17197
2011-12-05,08:00,08:15,17321
2011-12-05,08:15,08:30,17425
2011-12-05,08:30,08:45,17493
2011-12-05,08:45,09:00,17232
2011-12-05,09:00,09:15,16985
2011-12-05,09:15,09:30,17061
2011-12-05,09:30,09:45,16979
2011-12-05,09:45,10:00,16924
2011-12-05,10:00,10:15,16921
2011-12-05,10:15,10:30,16942
2011-12-05,10:30,10:45,16949
2011-12-05,10:45,11:00,16942
2011-12-05,11:00,11:15,16927
2011-12-05,11:15,11:30,16910
2011-12-05,11:30,11:45,16868
2011-12-05,11:45,12:00,16878
2011-12-05,12:00,12:15,16834
2011-12-05,12:15,12:30,16951
2011-12-05,12:30,12:45,16856
2011-12-05,12:45,13:00,16848
2011-12-05,13:00,13:15,16897
2011-12-05,13:15,13:30,16812
2011-12-05,13:30,13:45,16771
2011-12-05,13:45,14:00,16633
2011-12-05,14:00,14:15,16619
2011-12-05,14:15,14:30,16529
2011-12-05,14:30,14:45,16656
2011-12-05,14:45,15:00,16669
2011-12-05,15:00,15:15,16998
2011-12-05,15:15,15:30,17116
2011-12-05,15:30,15:45,17148
2011-12-05,15:45,16:00,17241
2011-12-05,16:00,16:15,17341
2011-12-05,16:15,16:30,17523
2011-12-05,16:30,16:45,17689
2011-12-05,16:45,17:00,17879
2011-12-05,17:00,17:15,18134
2011-12-05,17:15,17:30,18204
2011-12-05,17:30,17:45,18011
2011-12-05,17:45,18:00,18019
2011-12-05,18:00,18:15,17906
2011-12-05,18:15,18:30,17889
2011-12-05,18:30,18:45,17846
2011-12-05,18:45,19:00,17879
2011-12-05,19:00,19:15,18068
2011-12-05,19:15,19:30,17940
2011-12-05,19:30,19:45,17832
2011-12-05,19:45,20:00,17710
2011-12-05,20:00,20:15,17473
2011-12-05,20:15,20:30,16982
2011-12-05,20:30,20:45,16753
2011-12-05,20:45,21:00,16754
2011-12-05,21:00,21:15,16833
2011-12-05,21:15,21:30,16814
2011-12-05,21:30,21:45,16696
2011-12-05,21:45,22:00,16547
2011-12-05,22:00,22:15,16320
2011-12-05,22:15,22:30,16004
2011-12-05,22:30,22:45,15688
2011-12-05,22:45,23:00,15365
2011-12-05,23:00,23:15,15036
2011-12-05,23:15,23:30,14703
2011-12-05,23:30,23:45,14295
2011-12-05,23:45,00:00,13989
2011-12-06,00:00,00:15,13792
2011-12-06,00:15,00:30,13604
2011-12-06,00:30,00:45,13507
2011-12-06,00:45,01:00,13365
2011-12-06,01:00,01:15,13275
2011-12-06,01:15,01:30,13112
2011-12-06,01:30,01:45,13122
2011-12-06,01:45,02:00,13089
2011-12-06,02:00,02:15,12917
2011-12-06,02:15,02:30,12851
2011-12-06,02:30,02:45,12913
2011-12-06,02:45,03:00,12953
2011-12-06,03:00,03:15,13004
2011-12-06,03:15,03:30,12903
2011-12-06,03:30,03:45,12939
2011-12-06,03:45,04:00,12823
2011-12-06,04:00,04:15,12971
2011-12-06,04:15,04:30,13083
2011-12-06,04:30,04:45,13127
2011-12-06,04:45,05:00,13227
2011-12-06,05:00,05:15,13569
2011-12-06,05:15,05:30,13841
2011-12-06,05:30,05:45,14131
2011-12-06,05:45,06:00,14452
2011-12-06,06:00,06:15,15132
2011-12-06,06:15,06:30,15758
2011-12-06,06:30,06:45,16036
2011-12-06,06:45,07:00,16365
2011-12-06,07:00,07:15,16621
2011-12-06,07:15,07:30,17030
2011-12-06,07:30,07:45,17193
2011-12-06,07:45,08:00,17345
2011-12-06,08:00,08:15,17377
2011-12-06,08:15,08:30,17412
2011-12-06,08:30,08:45,17307
2011-12-06,08:45,09:00,17291
2011-12-06,09:00,09:15,17343
2011-12-06,09:15,09:30,17331
2011-12-06,09:30,09:45,17333
2011-12-06,09:45,10:00,17395
2011-12-06,10:00,10:15,17331
2011-12-06,10:15,10:30,17244
2011-12-06,10:30,10:45,17303
2011-12-06,10:45,11:00,17284
2011-12-06,11:00,11:15,17381
2011-12-06,11:15,11:30,17458
2011-12-06,11:30,11:45,17500
2011-12-06,11:45,12:00,17687
2011-12-06,12:00,12:15,17782
2011-12-06,12:15,12:30,17820
2011-12-06,12:30,12:45,17703
2011-12-06,12:45,13:00,17785
2011-12-06,13:00,13:15,17899
2011-12-06,13:15,13:30,17831
2011-12-06,13:30,13:45,17816
2011-12-06,13:45,14:00,17678
2011-12-06,14:00,14:15,17640
2011-12-06,14:15,14:30,17660
2011-12-06,14:30,14:45,17675
2011-12-06,14:45,15:00,17680
2011-12-06,15:00,15:15,17868
2011-12-06,15:15,15:30,17668
2011-12-06,15:30,15:45,17780
2011-12-06,15:45,16:00,17832
2011-12-06,16:00,16:15,17829
2011-12-06,16:15,16:30,17859
2011-12-06,16:30,16:45,18138
2011-12-06,16:45,17:00,18632
2011-12-06,17:00,17:15,18578
2011-12-06,17:15,17:30,18587
2011-12-06,17:30,17:45,18493
2011-12-06,17:45,18:00,18627
2011-12-06,18:00,18:15,18416
2011-12-06,18:15,18:30,18421
2011-12-06,18:30,18:45,18239
2011-12-06,18:45,19:00,18218
2011-12-06,19:00,19:15,18202
2011-12-06,19:15,19:30,18028
2011-12-06,19:30,19:45,17989
2011-12-06,19:45,20:00,17726
2011-12-06,20:00,20:15,17690
2011-12-06,20:15,20:30,17587
2011-12-06,20:30,20:45,17382
2011-12-06,20:45,21:00,17302
2011-12-06,21:00,21:15,17230
2011-12-06,21:15,21:30,17062
2011-12-06,21:30,21:45,17046
2011-12-06,21:45,22:00,16725
2011-12-06,22:00,22:15,16741
2011-12-06,22:15,22:30,16487
2011-12-06,22:30,22:45,16159
2011-12-06,22:45,23:00,15831
2011-12-06,23:00,23:15,15607
2011-12-06,23:15,23:30,15262
2011-12-06,23:30,23:45,14803
2011-12-06,23:45,00:00,14457
2011-12-07,00:00,00:15,14211
2011-12-07,00:15,00:30,13884
2011-12-07,00:30,00:45,13664
2011-12-07,00:45,01:00,13445
2011-12-07,01:00,01:15,13076
2011-12-07,01:15,01:30,12990
2011-12-07,01:30,01:45,13018
2011-12-07,01:45,02:00,13044
2011-12-07,02:00,02:15,12936
2011-12-07,02:15,02:30,12887
2011-12-07,02:30,02:45,13165
2011-12-07,02:45,03:00,13135
2011-12-07,03:00,03:15,13003
2011-12-07,03:15,03:30,12894
2011-12-07,03:30,03:45,12826
2011-12-07,03:45,04:00,12873
2011-12-07,04:00,04:15,13019
2011-12-07,04:15,04:30,13092
2011-12-07,04:30,04:45,13113
2011-12-07,04:45,05:00,13240
2011-12-07,05:00,05:15,13589
2011-12-07,05:15,05:30,13746
2011-12-07,05:30,05:45,14055
2011-12-07,05:45,06:00,14220
2011-12-07,06:00,06:15,14815
2011-12-07,06:15,06:30,15486
2011-12-07,06:30,06:45,15940
2011-12-07,06:45,07:00,16249
2011-12-07,07:00,07:15,16770
2011-12-07,07:15,07:30,17071
2011-12-07,07:30,07:45,17144
2011-12-07,07:45,08:00,17209
2011-12-07,08:00,08:15,17493
2011-12-07,08:15,08:30,17467
2011-12-07,08:30,08:45,17487
2011-12-07,08:45,09:00,17551
2011-12-07,09:00,09:15,17421
2011-12-07,09:15,09:30,17501
2011-12-07,09:30,09:45,17382
2011-12-07,09:45,10:00,17276
2011-12-07,10:00,10:15,17414
2011-12-07,10:15,10:30,17413
2011-12-07,10:30,10:45,17322
2011-12-07,10:45,11:00,17269
2011-12-07,11:00,11:15,17225
2011-12-07,11:15,11:30,17153
2011-12-07,11:30,11:45,17243
2011-12-07,11:45,12:00,17086
2011-12-07,12:00,12:15,16866
2011-12-07,12:15,12:30,16793
2011-12-07,12:30,12:45,16798
2011-12-07,12:45,13:00,16896
2011-12-07,13:00,13:15,16911
2011-12-07,13:15,13:30,16898
2011-12-07,13:30,13:45,17001
2011-12-07,13:45,14:00,16982
2011-12-07,14:00,14:15,17025
2011-12-07,14:15,14:30,17021
2011-12-07,14:30,14:45,17074
2011-12-07,14:45,15:00,17003
2011-12-07,15:00,15:15,17046
2011-12-07,15:15,15:30,17027
2011-12-07,15:30,15:45,17029
2011-12-07,15:45,16:00,16912
2011-12-07,16:00,16:15,16903
2011-12-07,16:15,16:30,17110
2011-12-07,16:30,16:45,17372
2011-12-07,16:45,17:00,17748
2011-12-07,17:00,17:15,17721
2011-12-07,17:15,17:30,17812
2011-12-07,17:30,17:45,17758
2011-12-07,17:45,18:00,17581
2011-12-07,18:00,18:15,17414
2011-12-07,18:15,18:30,17513
2011-12-07,18:30,18:45,17354
2011-12-07,18:45,19:00,17384
2011-12-07,19:00,19:15,17166
2011-12-07,19:15,19:30,16967
2011-12-07,19:30,19:45,17041
2011-12-07,19:45,20:00,16935
2011-12-07,20:00,20:15,16648
2011-12-07,20:15,20:30,16550
2011-12-07,20:30,20:45,16232
2011-12-07,20:45,21:00,16108
2011-12-07,21:00,21:15,16237
2011-12-07,21:15,21:30,15976
2011-12-07,21:30,21:45,15889
2011-12-07,21:45,22:00,15652
2011-12-07,22:00,22:15,15521
2011-12-07,22:15,22:30,15133
2011-12-07,22:30,22:45,14733
2011-12-07,22:45,23:00,14393
2011-12-07,23:00,23:15,14095
2011-12-07,23:15,23:30,13621
2011-12-07,23:30,23:45,13218
2011-12-07,23:45,00:00,12933
2011-12-08,00:00,00:15,12517
2011-12-08,00:15,00:30,12252
2011-12-08,00:30,00:45,11922
2011-12-08,00:45,01:00,11815
2011-12-08,01:00,01:15,11755
2011-12-08,01:15,01:30,11705
2011-12-08,01:30,01:45,11588
2011-12-08,01:45,02:00,11537
2011-12-08,02:00,02:15,11544
2011-12-08,02:15,02:30,11510
2011-12-08,02:30,02:45,11510
2011-12-08,02:45,03:00,11554
2011-12-08,03:00,03:15,11603
2011-12-08,03:15,03:30,11425
2011-12-08,03:30,03:45,11713
2011-12-08,03:45,04:00,11741
2011-12-08,04:00,04:15,12049
2011-12-08,04:15,04:30,12117
2011-12-08,04:30,04:45,12300
2011-12-08,04:45,05:00,12623
2011-12-08,05:00,05:15,13048
2011-12-08,05:15,05:30,13327
2011-12-08,05:30,05:45,13783
2011-12-08,05:45,06:00,14303
2011-12-08,06:00,06:15,15012
2011-12-08,06:15,06:30,15716
2011-12-08,06:30,06:45,16396
2011-12-08,06:45,07:00,16724
2011-12-08,07:00,07:15,17119
2011-12-08,07:15,07:30,17414
2011-12-08,07:30,07:45,17371
2011-12-08,07:45,08:00,17525
2011-12-08,08:00,08:15,17658
2011-12-08,08:15,08:30,17604
2011-12-08,08:30,08:45,17550
2011-12-08,08:45,09:00,17493
2011-12-08,09:00,09:15,17363
2011-12-08,09:15,09:30,17232
2011-12-08,09:30,09:45,17250
2011-12-08,09:45,10:00,17281
2011-12-08,10:00,10:15,17550
2011-12-08,10:15,10:30,17540
2011-12-08,10:30,10:45,17577
2011-12-08,10:45,11:00,17489
2011-12-08,11:00,11:15,17517
2011-12-08,11:15,11:30,17529
2011-12-08,11:30,11:45,17529
2011-12-08,11:45,12:00,17404
2011-12-08,12:00,12:15,17230
2011-12-08,12:15,12:30,17178
2011-12-08,12:30,12:45,17238
2011-12-08,12:45,13:00,17236
2011-12-08,13:00,13:15,17386
2011-12-08,13:15,13:30,17253
2011-12-08,13:30,13:45,17137
2011-12-08,13:45,14:00,16854
2011-12-08,14:00,14:15,16844
2011-12-08,14:15,14:30,16671
2011-12-08,14:30,14:45,16621
2011-12-08,14:45,15:00,16623
2011-12-08,15:00,15:15,16614
2011-12-08,15:15,15:30,16661
2011-12-08,15:30,15:45,16692
2011-12-08,15:45,16:00,16610
2011-12-08,16:00,16:15,16946
2011-12-08,16:15,16:30,17037
2011-12-08,16:30,16:45,17118
2011-12-08,16:45,17:00,17193
2011-12-08,17:00,17:15,17293
2011-12-08,17:15,17:30,17460
2011-12-08,17:30,17:45,17398
2011-12-08,17:45,18:00,17267
2011-12-08,18:00,18:15,17074
2011-12-08,18:15,18:30,17103
2011-12-08,18:30,18:45,16902
2011-12-08,18:45,19:00,16775
2011-12-08,19:00,19:15,16845
2011-12-08,19:15,19:30,16642
2011-12-08,19:30,19:45,16641
2011-12-08,19:45,20:00,16305
2011-12-08,20:00,20:15,16125
2011-12-08,20:15,20:30,15814
2011-12-08,20:30,20:45,15460
2011-12-08,20:45,21:00,15410
2011-12-08,21:00,21:15,15426
2011-12-08,21:15,21:30,15158
2011-12-08,21:30,21:45,15027
2011-12-08,21:45,22:00,14887
2011-12-08,22:00,22:15,14844
2011-12-08,22:15,22:30,14594
2011-12-08,22:30,22:45,14240
2011-12-08,22:45,23:00,14004
2011-12-08,23:00,23:15,13795
2011-12-08,23:15,23:30,13536
2011-12-08,23:30,23:45,12965
2011-12-08,23:45,00:00,12482
2011-12-09,00:00,00:15,12161
2011-12-09,00:15,00:30,11866
2011-12-09,00:30,00:45,11771
2011-12-09,00:45,01:00,11432
2011-12-09,01:00,01:15,11457
2011-12-09,01:15,01:30,11284
2011-12-09,01:30,01:45,11337
2011-12-09,01:45,02:00,11149
2011-12-09,02:00,02:15,11119
2011-12-09,02:15,02:30,11132
2011-12-09,02:30,02:45,11275
2011-12-09,02:45,03:00,11241
2011-12-09,03:00,03:15,11250
2011-12-09,03:15,03:30,11281
2011-12-09,03:30,03:45,11535
2011-12-09,03:45,04:00,11607
2011-12-09,04:00,04:15,11609
2011-12-09,04:15,04:30,11828
2011-12-09,04:30,04:45,11873
2011-12-09,04:45,05:00,12020
2011-12-09,05:00,05:15,12223
2011-12-09,05:15,05:30,12581
2011-12-09,05:30,05:45,12746
2011-12-09,05:45,06:00,13092
2011-12-09,06:00,06:15,13882
2011-12-09,06:15,06:30,14651
2011-12-09,06:30,06:45,15195
2011-12-09,06:45,07:00,15584
2011-12-09,07:00,07:15,15945
2011-12-09,07:15,07:30,16375
2011-12-09,07:30,07:45,16710
2011-12-09,07:45,08:00,16950
2011-12-09,08:00,08:15,17111
2011-12-09,08:15,08:30,17102
2011-12-09,08:30,08:45,17284
2011-12-09,08:45,09:00,17090
2011-12-09,09:00,09:15,16894
2011-12-09,09:15,09:30,16936
2011-12-09,09:30,09:45,16887
2011-12-09,09:45,10:00,16730
2011-12-09,10:00,10:15,16793
2011-12-09,10:15,10:30,16631
2011-12-09,10:30,10:45,16549
2011-12-09,10:45,11:00,16706
2011-12-09,11:00,11:15,16744
2011-12-09,11:15,11:30,16735
2011-12-09,11:30,11:45,16599
2011-12-09,11:45,12:00,16399
2011-12-09,12:00,12:15,16368
2011-12-09,12:15,12:30,16402
2011-12-09,12:30,12:45,16414
2011-12-09,12:45,13:00,16399
2011-12-09,13:00,13:15,16461
2011-12-09,13:15,13:30,16463
2011-12-09,13:30,13:45,16407
2011-12-09,13:45,14:00,16277
2011-12-09,14:00,14:15,16208
2011-12-09,14:15,14:30,16163
2011-12-09,14:30,14:45,16276
2011-12-09,14:45,15:00,16257
2011-12-09,15:00,15:15,16313
2011-12-09,15:15,15:30,16237
2011-12-09,15:30,15:45,16535
2011-12-09,15:45,16:00,16625
2011-12-09,16:00,16:15,16746
2011-12-09,16:15,16:30,16823
2011-12-09,16:30,16:45,17195
2011-12-09,16:45,17:00,17647
2011-12-09,17:00,17:15,17906
2011-12-09,17:15,17:30,17948
2011-12-09,17:30,17:45,17894
2011-12-09,17:45,18:00,17916
2011-12-09,18:00,18:15,17780
2011-12-09,18:15,18:30,17830
2011-12-09,18:30,18:45,17808
2011-12-09,18:45,19:00,17724
2011-12-09,19:00,19:15,17651
2011-12-09,19:15,19:30,17435
2011-12-09,19:30,19:45,17275
2011-12-09,19:45,20:00,17037
2011-12-09,20:00,20:15,16948
2011-12-09,20:15,20:30,16656
2011-12-09,20:30,20:45,16473
2011-12-09,20:45,21:00,16376
2011-12-09,21:00,21:15,16485
2011-12-09,21:15,21:30,16315
2011-12-09,21:30,21:45,16168
2011-12-09,21:45,22:00,16136
2011-12-09,22:00,22:15,16075
2011-12-09,22:15,22:30,15853
2011-12-09,22:30,22:45,15634
2011-12-09,22:45,23:00,15386
2011-12-09,23:00,23:15,15176
2011-12-09,23:15,23:30,14834
2011-12-09,23:30,23:45,14358
2011-12-09,23:45,00:00,14210
2011-12-10,00:00,00:15,13699
2011-12-10,00:15,00:30,13440
2011-12-10,00:30,00:45,13197
2011-12-10,00:45,01:00,13005
2011-12-10,01:00,01:15,12880
2011-12-10,01:15,01:30,12838
2011-12-10,01:30,01:45,12675
2011-12-10,01:45,02:00,12579
2011-12-10,02:00,02:15,12472
2011-12-10,02:15,02:30,12386
2011-12-10,02:30,02:45,12406
2011-12-10,02:45,03:00,12413
2011-12-10,03:00,03:15,12443
2011-12-10,03:15,03:30,12438
2011-12-10,03:30,03:45,12395
2011-12-10,03:45,04:00,12449
2011-12-10,04:00,04:15,12263
2011-12-10,04:15,04:30,12364
2011-12-10,04:30,04:45,12362
2011-12-10,04:45,05:00,12431
2011-12-10,05:00,05:15,12538
2011-12-10,05:15,05:30,12510
2011-12-10,05:30,05:45,12364
2011-12-10,05:45,06:00,12310
2011-12-10,06:00,06:15,12398
2011-12-10,06:15,06:30,12541
2011-12-10,06:30,06:45,12656
2011-12-10,06:45,07:00,12740
2011-12-10,07:00,07:15,13029
2011-12-10,07:15,07:30,13373
2011-12-10,07:30,07:45,13561
2011-12-10,07:45,08:00,13915
2011-12-10,08:00,08:15,14165
2011-12-10,08:15,08:30,14472
2011-12-10,08:30,08:45,14594
2011-12-10,08:45,09:00,14802
2011-12-10,09:00,09:15,14813
2011-12-10,09:15,09:30,14935
2011-12-10,09:30,09:45,14983
2011-12-10,09:45,10:00,14965
2011-12-10,10:00,10:15,15082
2011-12-10,10:15,10:30,15052
2011-12-10,10:30,10:45,15129
2011-12-10,10:45,11:00,15065
2011-12-10,11:00,11:15,15057
2011-12-10,11:15,11:30,15052
2011-12-10,11:30,11:45,15057
2011-12-10,11:45,12:00,15071
2011-12-10,12:00,12:15,15007
2011-12-10,12:15,12:30,14874
2011-12-10,12:30,12:45,14739
2011-12-10,12:45,13:00,14571
2011-12-10,13:00,13:15,14510
2011-12-10,13:15,13:30,14505
2011-12-10,13:30,13:45,14512
2011-12-10,13:45,14:00,14382
2011-12-10,14:00,14:15,14319
2011-12-10,14:15,14:30,14377
2011-12-10,14:30,14:45,14355
2011-12-10,14:45,15:00,14494
2011-12-10,15:00,15:15,14571
2011-12-10,15:15,15:30,14672
2011-12-10,15:30,15:45,14807
2011-12-10,15:45,16:00,14956
2011-12-10,16:00,16:15,14963
2011-12-10,16:15,16:30,15221
2011-12-10,16:30,16:45,15564
2011-12-10,16:45,17:00,15930
2011-12-10,17:00,17:15,16078
2011-12-10,17:15,17:30,16265
2011-12-10,17:30,17:45,16368
2011-12-10,17:45,18:00,16345
2011-12-10,18:00,18:15,16224
2011-12-10,18:15,18:30,16173
2011-12-10,18:30,18:45,16162
2011-12-10,18:45,19:00,16014
2011-12-10,19:00,19:15,15962
2011-12-10,19:15,19:30,15867
2011-12-10,19:30,19:45,15803
2011-12-10,19:45,20:00,15640
2011-12-10,20:00,20:15,15503
2011-12-10,20:15,20:30,15006
2011-12-10,20:30,20:45,14684
2011-12-10,20:45,21:00,14699
2011-12-10,21:00,21:15,14854
2011-12-10,21:15,21:30,14851
2011-12-10,21:30,21:45,14904
2011-12-10,21:45,22:00,14943
2011-12-10,22:00,22:15,14943
2011-12-10,22:15,22:30,14793
2011-12-10,22:30,22:45,14696
2011-12-10,22:45,23:00,14508
2011-12-10,23:00,23:15,14370
2011-12-10,23:15,23:30,13960
2011-12-10,23:30,23:45,13577
2011-12-10,23:45,00:00,13274
2011-12-11,00:00,00:15,13158
2011-12-11,00:15,00:30,12927
2011-12-11,00:30,00:45,12805
2011-12-11,00:45,01:00,12781
2011-12-11,01:00,01:15,12563
2011-12-11,01:15,01:30,12373
2011-12-11,01:30,01:45,12192
2011-12-11,01:45,02:00,12119
2011-12-11,02:00,02:15,12053
2011-12-11,02:15,02:30,11994
2011-12-11,02:30,02:45,11881
2011-12-11,02:45,03:00,11870
2011-12-11,03:00,03:15,11885
2011-12-11,03:15,03:30,11919
2011-12-11,03:30,03:45,11855
2011-12-11,03:45,04:00,11777
2011-12-11,04:00,04:15,11875
2011-12-11,04:15,04:30,11843
2011-12-11,04:30,04:45,11818
2011-12-11,04:45,05:00,11769
2011-12-11,05:00,05:15,11675
2011-12-11,05:15,05:30,11529
2011-12-11,05:30,05:45,11380
2011-12-11,05:45,06:00,11257
2011-12-11,06:00,06:15,11166
2011-12-11,06:15,06:30,11025
2011-12-11,06:30,06:45,11129
2011-12-11,06:45,07:00,11227
2011-12-11,07:00,07:15,11146
2011-12-11,07:15,07:30,11256
2011-12-11,07:30,07:45,11490
2011-12-11,07:45,08:00,11903
2011-12-11,08:00,08:15,12187
2011-12-11,08:15,08:30,12291
2011-12-11,08:30,08:45,12537
2011-12-11,08:45,09:00,12700
2011-12-11,09:00,09:15,13083
2011-12-11,09:15,09:30,13242
2011-12-11,09:30,09:45,13541
2011-12-11,09:45,10:00,13613
2011-12-11,10:00,10:15,13817
2011-12-11,10:15,10:30,13994
2011-12-11,10:30,10:45,13981
2011-12-11,10:45,11:00,14099
2011-12-11,11:00,11:15,14320
2011-12-11,11:15,11:30,14448
2011-12-11,11:30,11:45,14627
2011-12-11,11:45,12:00,14776
2011-12-11,12:00,12:15,14668
2011-12-11,12:15,12:30,14683
2011-12-11,12:30,12:45,14594
2011-12-11,12:45,13:00,14524
2011-12-11,13:00,13:15,14591
2011-12-11,13:15,13:30,14439
2011-12-11,13:30,13:45,14266
2011-12-11,13:45,14:00,14143
2011-12-11,14:00,14:15,14192
2011-12-11,14:15,14:30,14131
2011-12-11,14:30,14:45,14192
2011-12-11,14:45,15:00,14206
2011-12-11,15:00,15:15,14160
2011-12-11,15:15,15:30,14291
2011-12-11,15:30,15:45,14336
2011-12-11,15:45,16:00,14307
2011-12-11,16:00,16:15,14398
2011-12-11,16:15,16:30,14538
2011-12-11,16:30,16:45,14743
2011-12-11,16:45,17:00,15182
2011-12-11,17:00,17:15,15451
2011-12-11,17:15,17:30,15488
2011-12-11,17:30,17:45,15556
2011-12-11,17:45,18:00,15604
2011-12-11,18:00,18:15,15604
2011-12-11,18:15,18:30,15509
2011-12-11,18:30,18:45,15473
2011-12-11,18:45,19:00,15500
2011-12-11,19:00,19:15,15505
2011-12-11,19:15,19:30,15457
2011-12-11,19:30,19:45,15425
2011-12-11,19:45,20:00,15407
2011-12-11,20:00,20:15,15302
2011-12-11,20:15,20:30,15094
2011-12-11,20:30,20:45,14739
2011-12-11,20:45,21:00,14743
2011-12-11,21:00,21:15,14822
2011-12-11,21:15,21:30,14760
2011-12-11,21:30,21:45,14665
2011-12-11,21:45,22:00,14790
2011-12-11,22:00,22:15,14952
2011-12-11,22:15,22:30,14816
2011-12-11,22:30,22:45,14475
2011-12-11,22:45,23:00,14115
2011-12-11,23:00,23:15,13844
2011-12-11,23:15,23:30,13575
2011-12-11,23:30,23:45,13223
2011-12-11,23:45,00:00,12987
2011-12-12,00:00,00:15,12865
2011-12-12,00:15,00:30,12593
2011-12-12,00:30,00:45,12357
2011-12-12,00:45,01:00,12366
2011-12-12,01:00,01:15,12295
2011-12-12,01:15,01:30,12189
2011-12-12,01:30,01:45,12124
2011-12-12,01:45,02:00,12168
2011-12-12,02:00,02:15,11849
2011-12-12,02:15,02:30,11865
2011-12-12,02:30,02:45,11844
2011-12-12,02:45,03:00,11660
2011-12-12,03:00,03:15,11610
2011-12-12,03:15,03:30,11586
2011-12-12,03:30,03:45,11699
2011-12-12,03:45,04:00,11813
2011-12-12,04:00,04:15,11924
2011-12-12,04:15,04:30,11899
2011-12-12,04:30,04:45,11938
2011-12-12,04:45,05:00,12075
2011-12-12,05:00,05:15,12573
2011-12-12,05:15,05:30,13012
2011-12-12,05:30,05:45,13448
2011-12-12,05:45,06:00,13819
2011-12-12,06:00,06:15,14691
2011-12-12,06:15,06:30,15471
2011-12-12,06:30,06:45,16089
2011-12-12,06:45,07:00,16524
2011-12-12,07:00,07:15,16890
2011-12-12,07:15,07:30,17277
2011-12-12,07:30,07:45,17621
2011-12-12,07:45,08:00,17862
2011-12-12,08:00,08:15,18147
2011-12-12,08:15,08:30,18410
2011-12-12,08:30,08:45,18466
2011-12-12,08:45,09:00,18457
2011-12-12,09:00,09:15,18225
2011-12-12,09:15,09:30,18429
2011-12-12,09:30,09:45,18473
2011-12-12,09:45,10:00,18466
2011-12-12,10:00,10:15,18386
2011-12-12,10:15,10:30,18471
2011-12-12,10:30,10:45,18518
2011-12-12,10:45,11:00,18565
2011-12-12,11:00,11:15,18560
2011-12-12,11:15,11:30,18606
2011-12-12,11:30,11:45,18709
2011-12-12,11:45,12:00,18521
2011-12-12,12:00,12:15,18487
2011-12-12,12:15,12:30,18462
2011-12-12,12:30,12:45,18385
2011-12-12,12:45,13:00,18171
2011-12-12,13:00,13:15,18164
2011-12-12,13:15,13:30,18057
2011-12-12,13:30,13:45,17908
2011-12-12,13:45,14:00,17731
2011-12-12,14:00,14:15,17635
2011-12-12,14:15,14:30,17552
2011-12-12,14:30,14:45,17526
2011-12-12,14:45,15:00,17502
2011-12-12,15:00,15:15,17655
2011-12-12,15:15,15:30,17675
2011-12-12,15:30,15:45,17743
2011-12-12,15:45,16:00,17884
2011-12-12,16:00,16:15,17930
2011-12-12,16:15,16:30,18077
2011-12-12,16:30,16:45,18305
2011-12-12,16:45,17:00,18672
2011-12-12,17:00,17:15,18740
2011-12-12,17:15,17:30,18767
2011-12-12,17:30,17:45,18743
2011-12-12,17:45,18:00,18625
2011-12-12,18:00,18:15,18392
2011-12-12,18:15,18:30,18377
2011-12-12,18:30,18:45,18338
2011-12-12,18:45,19:00,18259
2011-12-12,19:00,19:15,18156
2011-12-12,19:15,19:30,17910
2011-12-12,19:30,19:45,17675
2011-12-12,19:45,20:00,17616
2011-12-12,20:00,20:15,17539
2011-12-12,20:15,20:30,17267
2011-12-12,20:30,20:45,16985
2011-12-12,20:45,21:00,16837
2011-12-12,21:00,21:15,16776
2011-12-12,21:15,21:30,16690
2011-12-12,21:30,21:45,16495
2011-12-12,21:45,22:00,16192
2011-12-12,22:00,22:15,16065
2011-12-12,22:15,22:30,15836
2011-12-12,22:30,22:45,15486
2011-12-12,22:45,23:00,14991
2011-12-12,23:00,23:15,14389
2011-12-12,23:15,23:30,13957
2011-12-12,23:30,23:45,13708
2011-12-12,23:45,00:00,13368
2011-12-13,00:00,00:15,13074
2011-12-13,00:15,00:30,12725
2011-12-13,00:30,00:45,12487
2011-12-13,00:45,01:00,12367
2011-12-13,01:00,01:15,12311
2011-12-13,01:15,01:30,12179
2011-12-13,01:30,01:45,12263
2011-12-13,01:45,02:00,12223
2011-12-13,02:00,02:15,12128
2011-12-13,02:15,02:30,12011
2011-12-13,02:30,02:45,12069
2011-12-13,02:45,03:00,12031
2011-12-13,03:00,03:15,12018
2011-12-13,03:15,03:30,11856
2011-12-13,03:30,03:45,11946
2011-12-13,03:45,04:00,11983
2011-12-13,04:00,04:15,12090
2011-12-13,04:15,04:30,12172
2011-12-13,04:30,04:45,12478
2011-12-13,04:45,05:00,12616
2011-12-13,05:00,05:15,12761
2011-12-13,05:15,05:30,13041
2011-12-13,05:30,05:45,13288
2011-12-13,05:45,06:00,13542
2011-12-13,06:00,06:15,14187
2011-12-13,06:15,06:30,14855
2011-12-13,06:30,06:45,15495
2011-12-13,06:45,07:00,15745
2011-12-13,07:00,07:15,16071
2011-12-13,07:15,07:30,16308
2011-12-13,07:30,07:45,16420
2011-12-13,07:45,08:00,16711
2011-12-13,08:00,08:15,16894
2011-12-13,08:15,08:30,17094
2011-12-13,08:30,08:45,17087
2011-12-13,08:45,09:00,17172
2011-12-13,09:00,09:15,17029
2011-12-13,09:15,09:30,16817
2011-12-13,09:30,09:45,16800
2011-12-13,09:45,10:00,16768
2011-12-13,10:00,10:15,16858
2011-12-13,10:15,10:30,16868
2011-12-13,10:30,10:45,16947
2011-12-13,10:45,11:00,16862
2011-12-13,11:00,11:15,16817
2011-12-13,11:15,11:30,16877
2011-12-13,11:30,11:45,17028
2011-12-13,11:45,12:00,16989
2011-12-13,12:00,12:15,16885
2011-12-13,12:15,12:30,16998
2011-12-13,12:30,12:45,17140
2011-12-13,12:45,13:00,17151
2011-12-13,13:00,13:15,17210
2011-12-13,13:15,13:30,17210
2011-12-13,13:30,13:45,17128
2011-12-13,13:45,14:00,16999
2011-12-13,14:00,14:15,17211
2011-12-13,14:15,14:30,17315
2011-12-13,14:30,14:45,17261
2011-12-13,14:45,15:00,17286
2011-12-13,15:00,15:15,17551
2011-12-13,15:15,15:30,17512
2011-12-13,15:30,15:45,17623
2011-12-13,15:45,16:00,17473
2011-12-13,16:00,16:15,17588
2011-12-13,16:15,16:30,17785
2011-12-13,16:30,16:45,17953
2011-12-13,16:45,17:00,18152
2011-12-13,17:00,17:15,18174
2011-12-13,17:15,17:30,18330
2011-12-13,17:30,17:45,18167
2011-12-13,17:45,18:00,18184
2011-12-13,18:00,18:15,18223
2011-12-13,18:15,18:30,18274
2011-12-13,18:30,18:45,18105
2011-12-13,18:45,19:00,17774
2011-12-13,19:00,19:15,17773
2011-12-13,19:15,19:30,17634
2011-12-13,19:30,19:45,17505
2011-12-13,19:45,20:00,17249
2011-12-13,20:00,20:15,17231
2011-12-13,20:15,20:30,17026
2011-12-13,20:30,20:45,16809
2011-12-13,20:45,21:00,16672
2011-12-13,21:00,21:15,16597
2011-12-13,21:15,21:30,16437
2011-12-13,21:30,21:45,16140
2011-12-13,21:45,22:00,15802
2011-12-13,22:00,22:15,15578
2011-12-13,22:15,22:30,15235
2011-12-13,22:30,22:45,14779
2011-12-13,22:45,23:00,14528
2011-12-13,23:00,23:15,14089
2011-12-13,23:15,23:30,13621
2011-12-13,23:30,23:45,13436
2011-12-13,23:45,00:00,13089
2011-12-14,00:00,00:15,12775
2011-12-14,00:15,00:30,12610
2011-12-14,00:30,00:45,12377
2011-12-14,00:45,01:00,12325
2011-12-14,01:00,01:15,12346
2011-12-14,01:15,01:30,12295
2011-12-14,01:30,01:45,12179
2011-12-14,01:45,02:00,12109
2011-12-14,02:00,02:15,12009
2011-12-14,02:15,02:30,12063
2011-12-14,02:30,02:45,12226
2011-12-14,02:45,03:00,12187
2011-12-14,03:00,03:15,12089
2011-12-14,03:15,03:30,12174
2011-12-14,03:30,03:45,12246
2011-12-14,03:45,04:00,12489
2011-12-14,04:00,04:15,12574
2011-12-14,04:15,04:30,12713
2011-12-14,04:30,04:45,12930
2011-12-14,04:45,05:00,13181
2011-12-14,05:00,05:15,13265
2011-12-14,05:15,05:30,13402
2011-12-14,05:30,05:45,13748
2011-12-14,05:45,06:00,14120
2011-12-14,06:00,06:15,14689
2011-12-14,06:15,06:30,15344
2011-12-14,06:30,06:45,15794
2011-12-14,06:45,07:00,16217
2011-12-14,07:00,07:15,16635
2011-12-14,07:15,07:30,17040
2011-12-14,07:30,07:45,17222
2011-12-14,07:45,08:00,17345
2011-12-14,08:00,08:15,17524
2011-12-14,08:15,08:30,17772
2011-12-14,08:30,08:45,17643
2011-12-14,08:45,09:00,17376
2011-12-14,09:00,09:15,16860
2011-12-14,09:15,09:30,16788
2011-12-14,09:30,09:45,16880
2011-12-14,09:45,10:00,17095
2011-12-14,10:00,10:15,17120
2011-12-14,10:15,10:30,17102
2011-12-14,10:30,10:45,17325
2011-12-14,10:45,11:00,17607
2011-12-14,11:00,11:15,17752
2011-12-14,11:15,11:30,17709
2011-12-14,11:30,11:45,17835
2011-12-14,11:45,12:00,17899
2011-12-14,12:00,12:15,17821
2011-12-14,12:15,12:30,17855
2011-12-14,12:30,12:45,18061
2011-12-14,12:45,13:00,18150
2011-12-14,13:00,13:15,18185
2011-12-14,13:15,13:30,18185
2011-12-14,13:30,13:45,17947
2011-12-14,13:45,14:00,17729
2011-12-14,14:00,14:15,17697
2011-12-14,14:15,14:30,17781
2011-12-14,14:30,14:45,17919
2011-12-14,14:45,15:00,18042
2011-12-14,15:00,15:15,17954
2011-12-14,15:15,15:30,18018
2011-12-14,15:30,15:45,17892
2011-12-14,15:45,16:00,17813
2011-12-14,16:00,16:15,17896
2011-12-14,16:15,16:30,17955
2011-12-14,16:30,16:45,18184
2011-12-14,16:45,17:00,18406
2011-12-14,17:00,17:15,18251
2011-12-14,17:15,17:30,18213
2011-12-14,17:30,17:45,18198
2011-12-14,17:45,18:00,18075
2011-12-14,18:00,18:15,17917
2011-12-14,18:15,18:30,17600
2011-12-14,18:30,18:45,17579
2011-12-14,18:45,19:00,17589
2011-12-14,19:00,19:15,17531
2011-12-14,19:15,19:30,17388
2011-12-14,19:30,19:45,17170
2011-12-14,19:45,20:00,16869
2011-12-14,20:00,20:15,16631
2011-12-14,20:15,20:30,16269
2011-12-14,20:30,20:45,16260
2011-12-14,20:45,21:00,16097
2011-12-14,21:00,21:15,16106
2011-12-14,21:15,21:30,15966
2011-12-14,21:30,21:45,15795
2011-12-14,21:45,22:00,15426
2011-12-14,22:00,22:15,15316
2011-12-14,22:15,22:30,15072
2011-12-14,22:30,22:45,14674
2011-12-14,22:45,23:00,14257
2011-12-14,23:00,23:15,13801
2011-12-14,23:15,23:30,13484
2011-12-14,23:30,23:45,13012
2011-12-14,23:45,00:00,12731
2011-12-15,00:00,00:15,12635
2011-12-15,00:15,00:30,12437
2011-12-15,00:30,00:45,12236
2011-12-15,00:45,01:00,12111
2011-12-15,01:00,01:15,12011
2011-12-15,01:15,01:30,11966
2011-12-15,01:30,01:45,11928
2011-12-15,01:45,02:00,12015
2011-12-15,02:00,02:15,11880
2011-12-15,02:15,02:30,11990
2011-12-15,02:30,02:45,12065
2011-12-15,02:45,03:00,12043
2011-12-15,03:00,03:15,11984
2011-12-15,03:15,03:30,11937
2011-12-15,03:30,03:45,12132
2011-12-15,03:45,04:00,12236
2011-12-15,04:00,04:15,12431
2011-12-15,04:15,04:30,12515
2011-12-15,04:30,04:45,12605
2011-12-15,04:45,05:00,12834
2011-12-15,05:00,05:15,13101
2011-12-15,05:15,05:30,13353
2011-12-15,05:30,05:45,13684
2011-12-15,05:45,06:00,14043
2011-12-15,06:00,06:15,14700
2011-12-15,06:15,06:30,15340
2011-12-15,06:30,06:45,15910
2011-12-15,06:45,07:00,16135
2011-12-15,07:00,07:15,16435
2011-12-15,07:15,07:30,16722
2011-12-15,07:30,07:45,16868
2011-12-15,07:45,08:00,17161
2011-12-15,08:00,08:15,17325
2011-12-15,08:15,08:30,17355
2011-12-15,08:30,08:45,17345
2011-12-15,08:45,09:00,17229
2011-12-15,09:00,09:15,16865
2011-12-15,09:15,09:30,16886
2011-12-15,09:30,09:45,16748
2011-12-15,09:45,10:00,16878
2011-12-15,10:00,10:15,16869
2011-12-15,10:15,10:30,16913
2011-12-15,10:30,10:45,16799
2011-12-15,10:45,11:00,16941
2011-12-15,11:00,11:15,17057
2011-12-15,11:15,11:30,17087
2011-12-15,11:30,11:45,17137
2011-12-15,11:45,12:00,17080
2011-12-15,12:00,12:15,17131
2011-12-15,12:15,12:30,16942
2011-12-15,12:30,12:45,17038
2011-12-15,12:45,13:00,16962
2011-12-15,13:00,13:15,16936
2011-12-15,13:15,13:30,16909
2011-12-15,13:30,13:45,16939
2011-12-15,13:45,14:00,16723
2011-12-15,14:00,14:15,16780
2011-12-15,14:15,14:30,16749
2011-12-15,14:30,14:45,16749
2011-12-15,14:45,15:00,16749
2011-12-15,15:00,15:15,16749
2011-12-15,15:15,15:30,16749
2011-12-15,15:30,15:45,16749
2011-12-15,15:45,16:00,17208
2011-12-15,16:00,16:15,17208
2011-12-15,16:15,16:30,17208
2011-12-15,16:30,16:45,17208
2011-12-15,16:45,17:00,17208
2011-12-15,17:00,17:15,17208
2011-12-15,17:15,17:30,17247
2011-12-15,17:30,17:45,17267
2011-12-15,17:45,18:00,17262
2011-12-15,18:00,18:15,17302
2011-12-15,18:15,18:30,17220
2011-12-15,18:30,18:45,17111
2011-12-15,18:45,19:00,17072
2011-12-15,19:00,19:15,16830
2011-12-15,19:15,19:30,16681
2011-12-15,19:30,19:45,16584
2011-12-15,19:45,20:00,16563
2011-12-15,20:00,20:15,16547
2011-12-15,20:15,20:30,16232
2011-12-15,20:30,20:45,15993
2011-12-15,20:45,21:00,15928
2011-12-15,21:00,21:15,13649
2011-12-15,21:15,21:30,15757
2011-12-15,21:30,21:45,15823
2011-12-15,21:45,22:00,15562
2011-12-15,22:00,22:15,15512
2011-12-15,22:15,22:30,15334
2011-12-15,22:30,22:45,15322
2011-12-15,22:45,23:00,15055
2011-12-15,23:00,23:15,14632
2011-12-15,23:15,23:30,14213
2011-12-15,23:30,23:45,13822
2011-12-15,23:45,00:00,13455
2011-12-16,00:00,00:15,0
2011-12-16,00:15,00:30,0
2011-12-16,00:30,00:45,0
2011-12-16,00:45,01:00,0
2011-12-16,01:00,01:15,0
2011-12-16,01:15,01:30,0
2011-12-16,01:30,01:45,0
2011-12-16,01:45,02:00,0
2011-12-16,02:00,02:15,0
2011-12-16,02:15,02:30,0
2011-12-16,02:30,02:45,0
2011-12-16,02:45,03:00,0
2011-12-16,03:00,03:15,0
2011-12-16,03:15,03:30,0
2011-12-16,03:30,03:45,0
2011-12-16,03:45,04:00,0
2011-12-16,04:00,04:15,0
2011-12-16,04:15,04:30,0
2011-12-16,04:30,04:45,0
2011-12-16,04:45,05:00,0
2011-12-16,05:00,05:15,0
2011-12-16,05:15,05:30,0
2011-12-16,05:30,05:45,0
2011-12-16,05:45,06:00,0
2011-12-16,06:00,06:15,0
2011-12-16,06:15,06:30,0
2011-12-16,06:30,06:45,0
2011-12-16,06:45,07:00,0
2011-12-16,07:00,07:15,15819
2011-12-16,07:15,07:30,0
2011-12-16,07:30,07:45,0
2011-12-16,07:45,08:00,0
2011-12-16,08:00,08:15,17089
2011-12-16,08:15,08:30,17393
2011-12-16,08:30,08:45,17285
2011-12-16,08:45,09:00,17440
2011-12-16,09:00,09:15,17344
2011-12-16,09:15,09:30,17334
2011-12-16,09:30,09:45,17482
2011-12-16,09:45,10:00,17695
2011-12-16,10:00,10:15,17704
2011-12-16,10:15,10:30,17846
2011-12-16,10:30,10:45,17857
2011-12-16,10:45,11:00,18018
2011-12-16,11:00,11:15,18001
2011-12-16,11:15,11:30,18051
2011-12-16,11:30,11:45,18007
2011-12-16,11:45,12:00,18075
2011-12-16,12:00,12:15,18129
2011-12-16,12:15,12:30,18011
2011-12-16,12:30,12:45,18013
2011-12-16,12:45,13:00,17897
2011-12-16,13:00,13:15,17808
2011-12-16,13:15,13:30,17663
2011-12-16,13:30,13:45,17484
2011-12-16,13:45,14:00,17276
2011-12-16,14:00,14:15,17225
2011-12-16,14:15,14:30,17186
2011-12-16,14:30,14:45,17189
2011-12-16,14:45,15:00,17033
2011-12-16,15:00,15:15,17209
2011-12-16,15:15,15:30,17251
2011-12-16,15:30,15:45,17212
2011-12-16,15:45,16:00,17199
2011-12-16,16:00,16:15,17412
2011-12-16,16:15,16:30,17477
2011-12-16,16:30,16:45,17741
2011-12-16,16:45,17:00,17736
2011-12-16,17:00,17:15,17720
2011-12-16,17:15,17:30,17714
2011-12-16,17:30,17:45,17751
2011-12-16,17:45,18:00,17704
2011-12-16,18:00,18:15,17653
2011-12-16,18:15,18:30,17640
2011-12-16,18:30,18:45,17352
2011-12-16,18:45,19:00,17367
2011-12-16,19:00,19:15,17194
2011-12-16,19:15,19:30,16975
2011-12-16,19:30,19:45,16879
2011-12-16,19:45,20:00,16600
2011-12-16,20:00,20:15,16448
2011-12-16,20:15,20:30,16460
2011-12-16,20:30,20:45,16102
2011-12-16,20:45,21:00,16092
2011-12-16,21:00,21:15,16440
2011-12-16,21:15,21:30,16621
2011-12-16,21:30,21:45,16401
2011-12-16,21:45,22:00,16254
2011-12-16,22:00,22:15,16474
2011-12-16,22:15,22:30,16247
2011-12-16,22:30,22:45,15964
2011-12-16,22:45,23:00,15697
2011-12-16,23:00,23:15,15391
2011-12-16,23:15,23:30,15063
2011-12-16,23:30,23:45,14599
2011-12-16,23:45,00:00,14355
2011-12-17,00:00,00:15,14162
2011-12-17,00:15,00:30,13897
2011-12-17,00:30,00:45,13742
2011-12-17,00:45,01:00,13537
2011-12-17,01:00,01:15,13485
2011-12-17,01:15,01:30,13418
2011-12-17,01:30,01:45,13285
2011-12-17,01:45,02:00,13231
2011-12-17,02:00,02:15,12990
2011-12-17,02:15,02:30,12926
2011-12-17,02:30,02:45,12969
2011-12-17,02:45,03:00,12952
2011-12-17,03:00,03:15,12955
2011-12-17,03:15,03:30,12912
2011-12-17,03:30,03:45,12885
2011-12-17,03:45,04:00,12919
2011-12-17,04:00,04:15,12859
2011-12-17,04:15,04:30,12701
2011-12-17,04:30,04:45,12726
2011-12-17,04:45,05:00,12703
2011-12-17,05:00,05:15,12623
2011-12-17,05:15,05:30,12499
2011-12-17,05:30,05:45,12394
2011-12-17,05:45,06:00,12470
2011-12-17,06:00,06:15,12342
2011-12-17,06:15,06:30,12350
2011-12-17,06:30,06:45,12512
2011-12-17,06:45,07:00,12664
2011-12-17,07:00,07:15,12939
2011-12-17,07:15,07:30,13318
2011-12-17,07:30,07:45,13578
2011-12-17,07:45,08:00,13864
2011-12-17,08:00,08:15,14331
2011-12-17,08:15,08:30,14533
2011-12-17,08:30,08:45,14823
2011-12-17,08:45,09:00,15025
2011-12-17,09:00,09:15,15254
2011-12-17,09:15,09:30,15363
2011-12-17,09:30,09:45,15456
2011-12-17,09:45,10:00,15519
2011-12-17,10:00,10:15,15602
2011-12-17,10:15,10:30,15664
2011-12-17,10:30,10:45,15516
2011-12-17,10:45,11:00,15595
2011-12-17,11:00,11:15,15632
2011-12-17,11:15,11:30,15693
2011-12-17,11:30,11:45,15596
2011-12-17,11:45,12:00,15447
2011-12-17,12:00,12:15,15490
2011-12-17,12:15,12:30,15484
2011-12-17,12:30,12:45,15364
2011-12-17,12:45,13:00,15286
2011-12-17,13:00,13:15,15417
2011-12-17,13:15,13:30,15257
2011-12-17,13:30,13:45,15276
2011-12-17,13:45,14:00,15207
2011-12-17,14:00,14:15,15201
2011-12-17,14:15,14:30,15033
2011-12-17,14:30,14:45,15057
2011-12-17,14:45,15:00,15191
2011-12-17,15:00,15:15,15429
2011-12-17,15:15,15:30,15466
2011-12-17,15:30,15:45,15650
2011-12-17,15:45,16:00,15739
2011-12-17,16:00,16:15,15730
2011-12-17,16:15,16:30,15947
2011-12-17,16:30,16:45,16243
2011-12-17,16:45,17:00,16627
2011-12-17,17:00,17:15,16789
2011-12-17,17:15,17:30,16809
2011-12-17,17:30,17:45,16894
2011-12-17,17:45,18:00,16851
2011-12-17,18:00,18:15,16913
2011-12-17,18:15,18:30,16801
2011-12-17,18:30,18:45,16876
2011-12-17,18:45,19:00,16817
2011-12-17,19:00,19:15,16624
2011-12-17,19:15,19:30,16361
2011-12-17,19:30,19:45,16307
2011-12-17,19:45,20:00,16073
2011-12-17,20:00,20:15,15835
2011-12-17,20:15,20:30,15450
2011-12-17,20:30,20:45,15267
2011-12-17,20:45,21:00,15210
2011-12-17,21:00,21:15,15403
2011-12-17,21:15,21:30,15202
2011-12-17,21:30,21:45,15296
2011-12-17,21:45,22:00,15286
2011-12-17,22:00,22:15,15318
2011-12-17,22:15,22:30,15114
2011-12-17,22:30,22:45,14978
2011-12-17,22:45,23:00,14792
2011-12-17,23:00,23:15,14503
2011-12-17,23:15,23:30,14213
2011-12-17,23:30,23:45,13902
2011-12-17,23:45,00:00,13531
2011-12-18,00:00,00:15,13086
2011-12-18,00:15,00:30,12927
2011-12-18,00:30,00:45,12924
2011-12-18,00:45,01:00,12774
2011-12-18,01:00,01:15,12518
2011-12-18,01:15,01:30,12305
2011-12-18,01:30,01:45,12172
2011-12-18,01:45,02:00,12011
2011-12-18,02:00,02:15,11980
2011-12-18,02:15,02:30,12008
2011-12-18,02:30,02:45,12016
2011-12-18,02:45,03:00,11985
2011-12-18,03:00,03:15,11723
2011-12-18,03:15,03:30,11805
2011-12-18,03:30,03:45,11891
2011-12-18,03:45,04:00,11840
2011-12-18,04:00,04:15,11929
2011-12-18,04:15,04:30,11981
2011-12-18,04:30,04:45,11909
2011-12-18,04:45,05:00,11773
2011-12-18,05:00,05:15,11705
2011-12-18,05:15,05:30,11574
2011-12-18,05:30,05:45,11465
2011-12-18,05:45,06:00,11338
2011-12-18,06:00,06:15,11205
2011-12-18,06:15,06:30,11157
2011-12-18,06:30,06:45,11209
2011-12-18,06:45,07:00,11144
2011-12-18,07:00,07:15,11213
2011-12-18,07:15,07:30,11479
2011-12-18,07:30,07:45,11617
2011-12-18,07:45,08:00,11902
2011-12-18,08:00,08:15,12144
2011-12-18,08:15,08:30,12242
2011-12-18,08:30,08:45,12516
2011-12-18,08:45,09:00,12782
2011-12-18,09:00,09:15,13174
2011-12-18,09:15,09:30,13533
2011-12-18,09:30,09:45,13623
2011-12-18,09:45,10:00,13845
2011-12-18,10:00,10:15,13989
2011-12-18,10:15,10:30,14081
2011-12-18,10:30,10:45,14149
2011-12-18,10:45,11:00,14235
2011-12-18,11:00,11:15,14341
2011-12-18,11:15,11:30,14500
2011-12-18,11:30,11:45,14653
2011-12-18,11:45,12:00,14736
2011-12-18,12:00,12:15,14622
2011-12-18,12:15,12:30,14816
2011-12-18,12:30,12:45,14785
2011-12-18,12:45,13:00,14694
2011-12-18,13:00,13:15,14563
2011-12-18,13:15,13:30,14510
2011-12-18,13:30,13:45,14404
2011-12-18,13:45,14:00,14378
2011-12-18,14:00,14:15,14324
2011-12-18,14:15,14:30,14489
2011-12-18,14:30,14:45,14510
2011-12-18,14:45,15:00,14550
2011-12-18,15:00,15:15,14541
2011-12-18,15:15,15:30,14584
2011-12-18,15:30,15:45,14609
2011-12-18,15:45,16:00,14806
2011-12-18,16:00,16:15,14772
2011-12-18,16:15,16:30,14848
2011-12-18,16:30,16:45,15302
2011-12-18,16:45,17:00,15657
2011-12-18,17:00,17:15,15778
2011-12-18,17:15,17:30,15839
2011-12-18,17:30,17:45,15904
2011-12-18,17:45,18:00,15859
2011-12-18,18:00,18:15,15864
2011-12-18,18:15,18:30,15926
2011-12-18,18:30,18:45,16034
2011-12-18,18:45,19:00,16023
2011-12-18,19:00,19:15,16019
2011-12-18,19:15,19:30,15914
2011-12-18,19:30,19:45,15822
2011-12-18,19:45,20:00,15854
2011-12-18,20:00,20:15,15679
2011-12-18,20:15,20:30,15537
2011-12-18,20:30,20:45,15408
2011-12-18,20:45,21:00,15313
2011-12-18,21:00,21:15,15362
2011-12-18,21:15,21:30,15425
2011-12-18,21:30,21:45,15285
2011-12-18,21:45,22:00,15457
2011-12-18,22:00,22:15,15536
2011-12-18,22:15,22:30,15450
2011-12-18,22:30,22:45,15202
2011-12-18,22:45,23:00,14893
2011-12-18,23:00,23:15,14544
2011-12-18,23:15,23:30,14376
2011-12-18,23:30,23:45,14018
2011-12-18,23:45,00:00,13762
2011-12-19,00:00,00:15,13531
2011-12-19,00:15,00:30,13256
2011-12-19,00:30,00:45,13063
2011-12-19,00:45,01:00,12811
2011-12-19,01:00,01:15,12627
2011-12-19,01:15,01:30,12680
2011-12-19,01:30,01:45,12517
2011-12-19,01:45,02:00,12381
2011-12-19,02:00,02:15,12392
2011-12-19,02:15,02:30,12286
2011-12-19,02:30,02:45,12309
2011-12-19,02:45,03:00,12373
2011-12-19,03:00,03:15,12329
2011-12-19,03:15,03:30,12454
2011-12-19,03:30,03:45,12370
2011-12-19,03:45,04:00,12365
2011-12-19,04:00,04:15,12587
2011-12-19,04:15,04:30,12650
2011-12-19,04:30,04:45,12746
2011-12-19,04:45,05:00,12845
2011-12-19,05:00,05:15,13210
2011-12-19,05:15,05:30,13261
2011-12-19,05:30,05:45,13701
2011-12-19,05:45,06:00,14125
2011-12-19,06:00,06:15,14981
2011-12-19,06:15,06:30,15953
2011-12-19,06:30,06:45,16631
2011-12-19,06:45,07:00,17051
2011-12-19,07:00,07:15,17374
2011-12-19,07:15,07:30,17882
2011-12-19,07:30,07:45,18101
2011-12-19,07:45,08:00,18280
2011-12-19,08:00,08:15,18620
2011-12-19,08:15,08:30,18618
2011-12-19,08:30,08:45,18560
2011-12-19,08:45,09:00,18658
2011-12-19,09:00,09:15,18696
2011-12-19,09:15,09:30,18777
2011-12-19,09:30,09:45,18823
2011-12-19,09:45,10:00,18760
2011-12-19,10:00,10:15,18868
2011-12-19,10:15,10:30,18939
2011-12-19,10:30,10:45,18908
2011-12-19,10:45,11:00,18947
2011-12-19,11:00,11:15,18891
2011-12-19,11:15,11:30,18844
2011-12-19,11:30,11:45,18913
2011-12-19,11:45,12:00,18947
2011-12-19,12:00,12:15,18950
2011-12-19,12:15,12:30,18904
2011-12-19,12:30,12:45,18858
2011-12-19,12:45,13:00,18952
2011-12-19,13:00,13:15,19017
2011-12-19,13:15,13:30,18965
2011-12-19,13:30,13:45,18837
2011-12-19,13:45,14:00,18575
2011-12-19,14:00,14:15,18655
2011-12-19,14:15,14:30,18713
2011-12-19,14:30,14:45,18727
2011-12-19,14:45,15:00,18682
2011-12-19,15:00,15:15,18649
2011-12-19,15:15,15:30,18579
2011-12-19,15:30,15:45,18575
2011-12-19,15:45,16:00,18450
2011-12-19,16:00,16:15,18400
2011-12-19,16:15,16:30,18380
2011-12-19,16:30,16:45,18476
2011-12-19,16:45,17:00,18734
2011-12-19,17:00,17:15,18884
2011-12-19,17:15,17:30,18805
2011-12-19,17:30,17:45,18767
2011-12-19,17:45,18:00,18781
2011-12-19,18:00,18:15,18695
2011-12-19,18:15,18:30,18672
2011-12-19,18:30,18:45,18586
2011-12-19,18:45,19:00,18410
2011-12-19,19:00,19:15,18225
2011-12-19,19:15,19:30,18116
2011-12-19,19:30,19:45,17952
2011-12-19,19:45,20:00,17889
2011-12-19,20:00,20:15,17692
2011-12-19,20:15,20:30,17276
2011-12-19,20:30,20:45,17101
2011-12-19,20:45,21:00,16948
2011-12-19,21:00,21:15,16985
2011-12-19,21:15,21:30,16870
2011-12-19,21:30,21:45,16744
2011-12-19,21:45,22:00,16471
2011-12-19,22:00,22:15,16394
2011-12-19,22:15,22:30,16140
2011-12-19,22:30,22:45,15874
2011-12-19,22:45,23:00,15365
2011-12-19,23:00,23:15,14852
2011-12-19,23:15,23:30,14388
2011-12-19,23:30,23:45,13988
2011-12-19,23:45,00:00,13590
2011-12-20,00:00,00:15,13292
2011-12-20,00:15,00:30,13094
2011-12-20,00:30,00:45,12770
2011-12-20,00:45,01:00,12655
2011-12-20,01:00,01:15,12540
2011-12-20,01:15,01:30,12342
2011-12-20,01:30,01:45,12294
2011-12-20,01:45,02:00,12306
2011-12-20,02:00,02:15,12205
2011-12-20,02:15,02:30,12207
2011-12-20,02:30,02:45,12064
2011-12-20,02:45,03:00,12099
2011-12-20,03:00,03:15,12117
2011-12-20,03:15,03:30,12126
2011-12-20,03:30,03:45,12146
2011-12-20,03:45,04:00,12285
2011-12-20,04:00,04:15,12394
2011-12-20,04:15,04:30,12451
2011-12-20,04:30,04:45,12558
2011-12-20,04:45,05:00,12721
2011-12-20,05:00,05:15,12895
2011-12-20,05:15,05:30,13156
2011-12-20,05:30,05:45,13465
2011-12-20,05:45,06:00,13767
2011-12-20,06:00,06:15,14456
2011-12-20,06:15,06:30,15285
2011-12-20,06:30,06:45,15964
2011-12-20,06:45,07:00,16632
2011-12-20,07:00,07:15,17207
2011-12-20,07:15,07:30,17567
2011-12-20,07:30,07:45,17856
2011-12-20,07:45,08:00,18138
2011-12-20,08:00,08:15,18449
2011-12-20,08:15,08:30,18537
2011-12-20,08:30,08:45,18555
2011-12-20,08:45,09:00,18561
2011-12-20,09:00,09:15,18395
2011-12-20,09:15,09:30,18440
2011-12-20,09:30,09:45,18506
2011-12-20,09:45,10:00,18559
2011-12-20,10:00,10:15,18679
2011-12-20,10:15,10:30,18762
2011-12-20,10:30,10:45,18754
2011-12-20,10:45,11:00,18701
2011-12-20,11:00,11:15,18829
2011-12-20,11:15,11:30,18885
2011-12-20,11:30,11:45,18919
2011-12-20,11:45,12:00,18881
2011-12-20,12:00,12:15,18798
2011-12-20,12:15,12:30,18803
2011-12-20,12:30,12:45,18732
2011-12-20,12:45,13:00,18730
2011-12-20,13:00,13:15,18613
2011-12-20,13:15,13:30,18441
2011-12-20,13:30,13:45,18261
2011-12-20,13:45,14:00,18018
2011-12-20,14:00,14:15,17897
2011-12-20,14:15,14:30,17918
2011-12-20,14:30,14:45,17774
2011-12-20,14:45,15:00,17688
2011-12-20,15:00,15:15,17794
2011-12-20,15:15,15:30,17687
2011-12-20,15:30,15:45,17543
2011-12-20,15:45,16:00,17447
2011-12-20,16:00,16:15,17411
2011-12-20,16:15,16:30,17505
2011-12-20,16:30,16:45,17560
2011-12-20,16:45,17:00,17839
2011-12-20,17:00,17:15,17820
2011-12-20,17:15,17:30,17944
2011-12-20,17:30,17:45,17980
2011-12-20,17:45,18:00,18034
2011-12-20,18:00,18:15,17908
2011-12-20,18:15,18:30,17669
2011-12-20,18:30,18:45,17654
2011-12-20,18:45,19:00,17604
2011-12-20,19:00,19:15,17569
2011-12-20,19:15,19:30,17527
2011-12-20,19:30,19:45,17394
2011-12-20,19:45,20:00,17228
2011-12-20,20:00,20:15,17239
2011-12-20,20:15,20:30,16909
2011-12-20,20:30,20:45,16626
2011-12-20,20:45,21:00,16339
2011-12-20,21:00,21:15,16522
2011-12-20,21:15,21:30,16455
2011-12-20,21:30,21:45,16216
2011-12-20,21:45,22:00,16014
2011-12-20,22:00,22:15,15922
2011-12-20,22:15,22:30,15698
2011-12-20,22:30,22:45,15304
2011-12-20,22:45,23:00,14999
2011-12-20,23:00,23:15,14501
2011-12-20,23:15,23:30,14167
2011-12-20,23:30,23:45,13720
2011-12-20,23:45,00:00,13540
2011-12-21,00:00,00:15,13310
2011-12-21,00:15,00:30,13089
2011-12-21,00:30,00:45,12821
2011-12-21,00:45,01:00,12707
2011-12-21,01:00,01:15,12620
2011-12-21,01:15,01:30,12529
2011-12-21,01:30,01:45,12461
2011-12-21,01:45,02:00,12463
2011-12-21,02:00,02:15,12314
2011-12-21,02:15,02:30,12315
2011-12-21,02:30,02:45,12308
2011-12-21,02:45,03:00,12376
2011-12-21,03:00,03:15,12436
2011-12-21,03:15,03:30,12498
2011-12-21,03:30,03:45,12501
2011-12-21,03:45,04:00,12516
2011-12-21,04:00,04:15,12637
2011-12-21,04:15,04:30,12657
2011-12-21,04:30,04:45,12783
2011-12-21,04:45,05:00,12835
2011-12-21,05:00,05:15,13030
2011-12-21,05:15,05:30,13244
2011-12-21,05:30,05:45,13484
2011-12-21,05:45,06:00,13762
2011-12-21,06:00,06:15,14436
2011-12-21,06:15,06:30,15198
2011-12-21,06:30,06:45,15824
2011-12-21,06:45,07:00,16281
2011-12-21,07:00,07:15,16868
2011-12-21,07:15,07:30,17236
2011-12-21,07:30,07:45,17586
2011-12-21,07:45,08:00,17878
2011-12-21,08:00,08:15,18207
2011-12-21,08:15,08:30,18347
2011-12-21,08:30,08:45,18383
2011-12-21,08:45,09:00,18394
2011-12-21,09:00,09:15,18209
2011-12-21,09:15,09:30,18302
2011-12-21,09:30,09:45,18287
2011-12-21,09:45,10:00,18263
2011-12-21,10:00,10:15,18265
2011-12-21,10:15,10:30,18274
2011-12-21,10:30,10:45,18224
2011-12-21,10:45,11:00,18264
2011-12-21,11:00,11:15,18341
2011-12-21,11:15,11:30,18393
2011-12-21,11:30,11:45,18490
2011-12-21,11:45,12:00,18433
2011-12-21,12:00,12:15,18421
2011-12-21,12:15,12:30,18531
2011-12-21,12:30,12:45,18630
2011-12-21,12:45,13:00,18696
2011-12-21,13:00,13:15,18892
2011-12-21,13:15,13:30,18889
2011-12-21,13:30,13:45,18805
2011-12-21,13:45,14:00,18695
2011-12-21,14:00,14:15,18681
2011-12-21,14:15,14:30,18727
2011-12-21,14:30,14:45,18799
2011-12-21,14:45,15:00,18822
2011-12-21,15:00,15:15,18910
2011-12-21,15:15,15:30,18898
2011-12-21,15:30,15:45,18866
2011-12-21,15:45,16:00,18790
2011-12-21,16:00,16:15,18912
2011-12-21,16:15,16:30,18885
2011-12-21,16:30,16:45,19054
2011-12-21,16:45,17:00,19375
2011-12-21,17:00,17:15,19366
2011-12-21,17:15,17:30,19425
2011-12-21,17:30,17:45,19364
2011-12-21,17:45,18:00,19306
2011-12-21,18:00,18:15,19164
2011-12-21,18:15,18:30,19210
2011-12-21,18:30,18:45,19125
2011-12-21,18:45,19:00,19064
2011-12-21,19:00,19:15,18996
2011-12-21,19:15,19:30,18824
2011-12-21,19:30,19:45,18668
2011-12-21,19:45,20:00,18484
2011-12-21,20:00,20:15,18460
2011-12-21,20:15,20:30,18302
2011-12-21,20:30,20:45,17966
2011-12-21,20:45,21:00,17775
2011-12-21,21:00,21:15,17766
2011-12-21,21:15,21:30,17757
2011-12-21,21:30,21:45,17635
2011-12-21,21:45,22:00,17363
2011-12-21,22:00,22:15,17049
2011-12-21,22:15,22:30,16733
2011-12-21,22:30,22:45,16351
2011-12-21,22:45,23:00,16013
2011-12-21,23:00,23:15,15691
2011-12-21,23:15,23:30,15258
2011-12-21,23:30,23:45,14805
2011-12-21,23:45,00:00,14428
2011-12-22,00:00,00:15,14069
2011-12-22,00:15,00:30,13800
2011-12-22,00:30,00:45,13557
2011-12-22,00:45,01:00,13398
2011-12-22,01:00,01:15,13281
2011-12-22,01:15,01:30,13076
2011-12-22,01:30,01:45,12847
2011-12-22,01:45,02:00,12766
2011-12-22,02:00,02:15,12646
2011-12-22,02:15,02:30,12711
2011-12-22,02:30,02:45,12735
2011-12-22,02:45,03:00,12620
2011-12-22,03:00,03:15,12529
2011-12-22,03:15,03:30,12541
2011-12-22,03:30,03:45,12572
2011-12-22,03:45,04:00,12548
2011-12-22,04:00,04:15,12632
2011-12-22,04:15,04:30,12718
2011-12-22,04:30,04:45,12860
2011-12-22,04:45,05:00,12842
2011-12-22,05:00,05:15,13103
2011-12-22,05:15,05:30,13171
2011-12-22,05:30,05:45,13311
2011-12-22,05:45,06:00,13520
2011-12-22,06:00,06:15,14087
2011-12-22,06:15,06:30,14871
2011-12-22,06:30,06:45,15308
2011-12-22,06:45,07:00,15818
2011-12-22,07:00,07:15,16255
2011-12-22,07:15,07:30,16592
2011-12-22,07:30,07:45,16797
2011-12-22,07:45,08:00,17039
2011-12-22,08:00,08:15,17324
2011-12-22,08:15,08:30,17396
2011-12-22,08:30,08:45,17479
2011-12-22,08:45,09:00,17531
2011-12-22,09:00,09:15,17392
2011-12-22,09:15,09:30,17461
2011-12-22,09:30,09:45,17455
2011-12-22,09:45,10:00,17519
2011-12-22,10:00,10:15,17565
2011-12-22,10:15,10:30,17643
2011-12-22,10:30,10:45,17617
2011-12-22,10:45,11:00,17523
2011-12-22,11:00,11:15,17608
2011-12-22,11:15,11:30,17689
2011-12-22,11:30,11:45,17763
2011-12-22,11:45,12:00,17839
2011-12-22,12:00,12:15,17842
2011-12-22,12:15,12:30,17826
2011-12-22,12:30,12:45,17934
2011-12-22,12:45,13:00,17833
2011-12-22,13:00,13:15,17756
2011-12-22,13:15,13:30,17594
2011-12-22,13:30,13:45,17628
2011-12-22,13:45,14:00,17477
2011-12-22,14:00,14:15,17382
2011-12-22,14:15,14:30,17377
2011-12-22,14:30,14:45,17422
2011-12-22,14:45,15:00,17357
2011-12-22,15:00,15:15,17280
2011-12-22,15:15,15:30,17303
2011-12-22,15:30,15:45,17296
2011-12-22,15:45,16:00,17224
2011-12-22,16:00,16:15,17286
2011-12-22,16:15,16:30,17239
2011-12-22,16:30,16:45,17350
2011-12-22,16:45,17:00,17675
2011-12-22,17:00,17:15,17825
2011-12-22,17:15,17:30,17887
2011-12-22,17:30,17:45,17826
2011-12-22,17:45,18:00,17749
2011-12-22,18:00,18:15,17682
2011-12-22,18:15,18:30,17691
2011-12-22,18:30,18:45,17525
2011-12-22,18:45,19:00,17522
2011-12-22,19:00,19:15,17443
2011-12-22,19:15,19:30,17194
2011-12-22,19:30,19:45,17107
2011-12-22,19:45,20:00,0
2011-12-22,20:00,20:15,0
2011-12-22,20:15,20:30,17068
2011-12-22,20:30,20:45,16462
2011-12-22,20:45,21:00,16368
2011-12-22,21:00,21:15,16324
2011-12-22,21:15,21:30,16184
2011-12-22,21:30,21:45,16115
2011-12-22,21:45,22:00,15896
2011-12-22,22:00,22:15,15697
2011-12-22,22:15,22:30,15346
2011-12-22,22:30,22:45,14986
2011-12-22,22:45,23:00,14590
2011-12-22,23:00,23:15,14224
2011-12-22,23:15,23:30,13782
2011-12-22,23:30,23:45,13323
2011-12-22,23:45,00:00,12946
2011-12-23,00:00,00:15,12606
2011-12-23,00:15,00:30,12324
2011-12-23,00:30,00:45,12051
2011-12-23,00:45,01:00,11835
2011-12-23,01:00,01:15,11746
2011-12-23,01:15,01:30,11671
2011-12-23,01:30,01:45,11512
2011-12-23,01:45,02:00,11434
2011-12-23,02:00,02:15,11366
2011-12-23,02:15,02:30,11369
2011-12-23,02:30,02:45,11338
2011-12-23,02:45,03:00,11356
2011-12-23,03:00,03:15,11349
2011-12-23,03:15,03:30,11350
2011-12-23,03:30,03:45,11368
2011-12-23,03:45,04:00,11396
2011-12-23,04:00,04:15,11585
2011-12-23,04:15,04:30,11642
2011-12-23,04:30,04:45,11716
2011-12-23,04:45,05:00,11790
2011-12-23,05:00,05:15,11942
2011-12-23,05:15,05:30,12005
2011-12-23,05:30,05:45,12160
2011-12-23,05:45,06:00,12243
2011-12-23,06:00,06:15,12662
2011-12-23,06:15,06:30,13056
2011-12-23,06:30,06:45,13549
2011-12-23,06:45,07:00,13970
2011-12-23,07:00,07:15,14353
2011-12-23,07:15,07:30,14800
2011-12-23,07:30,07:45,15133
2011-12-23,07:45,08:00,15535
2011-12-23,08:00,08:15,16014
2011-12-23,08:15,08:30,16094
2011-12-23,08:30,08:45,16201
2011-12-23,08:45,09:00,16194
2011-12-23,09:00,09:15,16248
2011-12-23,09:15,09:30,16402
2011-12-23,09:30,09:45,16566
2011-12-23,09:45,10:00,16557
2011-12-23,10:00,10:15,16547
2011-12-23,10:15,10:30,16547
2011-12-23,10:30,10:45,16525
2011-12-23,10:45,11:00,16492
2011-12-23,11:00,11:15,16510
2011-12-23,11:15,11:30,16497
2011-12-23,11:30,11:45,16546
2011-12-23,11:45,12:00,16597
2011-12-23,12:00,12:15,16555
2011-12-23,12:15,12:30,16421
2011-12-23,12:30,12:45,16346
2011-12-23,12:45,13:00,16129
2011-12-23,13:00,13:15,16038
2011-12-23,13:15,13:30,16027
2011-12-23,13:30,13:45,15970
2011-12-23,13:45,14:00,15802
2011-12-23,14:00,14:15,15762
2011-12-23,14:15,14:30,15700
2011-12-23,14:30,14:45,15638
2011-12-23,14:45,15:00,15497
2011-12-23,15:00,15:15,15625
2011-12-23,15:15,15:30,15677
2011-12-23,15:30,15:45,15770
2011-12-23,15:45,16:00,15835
2011-12-23,16:00,16:15,15821
2011-12-23,16:15,16:30,15856
2011-12-23,16:30,16:45,16082
2011-12-23,16:45,17:00,16408
2011-12-23,17:00,17:15,16568
2011-12-23,17:15,17:30,16564
2011-12-23,17:30,17:45,16528
2011-12-23,17:45,18:00,16563
2011-12-23,18:00,18:15,16568
2011-12-23,18:15,18:30,16574
2011-12-23,18:30,18:45,16427
2011-12-23,18:45,19:00,16205
2011-12-23,19:00,19:15,15934
2011-12-23,19:15,19:30,15670
2011-12-23,19:30,19:45,15477
2011-12-23,19:45,20:00,15239
2011-12-23,20:00,20:15,15251
2011-12-23,20:15,20:30,15129
2011-12-23,20:30,20:45,14770
2011-12-23,20:45,21:00,14517
2011-12-23,21:00,21:15,14502
2011-12-23,21:15,21:30,14430
2011-12-23,21:30,21:45,14238
2011-12-23,21:45,22:00,13988
2011-12-23,22:00,22:15,13972
2011-12-23,22:15,22:30,13681
2011-12-23,22:30,22:45,13327
2011-12-23,22:45,23:00,13062
2011-12-23,23:00,23:15,12678
2011-12-23,23:15,23:30,12308
2011-12-23,23:30,23:45,11832
2011-12-23,23:45,00:00,11401
2011-12-24,00:00,00:15,10874
2011-12-24,00:15,00:30,10416
2011-12-24,00:30,00:45,10182
2011-12-24,00:45,01:00,10007
2011-12-24,01:00,01:15,9807
2011-12-24,01:15,01:30,9590
2011-12-24,01:30,01:45,9402
2011-12-24,01:45,02:00,9308
2011-12-24,02:00,02:15,9305
2011-12-24,02:15,02:30,9257
2011-12-24,02:30,02:45,9179
2011-12-24,02:45,03:00,9100
2011-12-24,03:00,03:15,9113
2011-12-24,03:15,03:30,9033
2011-12-24,03:30,03:45,8953
2011-12-24,03:45,04:00,9045
2011-12-24,04:00,04:15,9035
2011-12-24,04:15,04:30,8962
2011-12-24,04:30,04:45,8958
2011-12-24,04:45,05:00,8921
2011-12-24,05:00,05:15,8932
2011-12-24,05:15,05:30,8898
2011-12-24,05:30,05:45,8735
2011-12-24,05:45,06:00,8604
2011-12-24,06:00,06:15,8432
2011-12-24,06:15,06:30,8484
2011-12-24,06:30,06:45,8583
2011-12-24,06:45,07:00,8732
2011-12-24,07:00,07:15,8989
2011-12-24,07:15,07:30,9316
2011-12-24,07:30,07:45,9683
2011-12-24,07:45,08:00,10043
2011-12-24,08:00,08:15,10546
2011-12-24,08:15,08:30,10906
2011-12-24,08:30,08:45,11167
2011-12-24,08:45,09:00,11419
2011-12-24,09:00,09:15,11760
2011-12-24,09:15,09:30,12174
2011-12-24,09:30,09:45,12362
2011-12-24,09:45,10:00,12525
2011-12-24,10:00,10:15,12687
2011-12-24,10:15,10:30,12751
2011-12-24,10:30,10:45,12793
2011-12-24,10:45,11:00,12825
2011-12-24,11:00,11:15,12894
2011-12-24,11:15,11:30,12874
2011-12-24,11:30,11:45,12924
2011-12-24,11:45,12:00,12905
2011-12-24,12:00,12:15,12936
2011-12-24,12:15,12:30,13024
2011-12-24,12:30,12:45,13111
2011-12-24,12:45,13:00,13267
2011-12-24,13:00,13:15,13321
2011-12-24,13:15,13:30,13352
2011-12-24,13:30,13:45,13416
2011-12-24,13:45,14:00,13381
2011-12-24,14:00,14:15,13352
2011-12-24,14:15,14:30,13336
2011-12-24,14:30,14:45,13386
2011-12-24,14:45,15:00,13288
2011-12-24,15:00,15:15,13418
2011-12-24,15:15,15:30,13397
2011-12-24,15:30,15:45,13464
2011-12-24,15:45,16:00,13431
2011-12-24,16:00,16:15,13397
2011-12-24,16:15,16:30,13584
2011-12-24,16:30,16:45,13744
2011-12-24,16:45,17:00,14141
2011-12-24,17:00,17:15,14501
2011-12-24,17:15,17:30,14634
2011-12-24,17:30,17:45,14532
2011-12-24,17:45,18:00,14382
2011-12-24,18:00,18:15,13999
2011-12-24,18:15,18:30,13759
2011-12-24,18:30,18:45,13511
2011-12-24,18:45,19:00,13234
2011-12-24,19:00,19:15,12971
2011-12-24,19:15,19:30,12739
2011-12-24,19:30,19:45,12535
2011-12-24,19:45,20:00,12333
2011-12-24,20:00,20:15,12187
2011-12-24,20:15,20:30,12005
2011-12-24,20:30,20:45,11892
2011-12-24,20:45,21:00,11809
2011-12-24,21:00,21:15,11944
2011-12-24,21:15,21:30,12001
2011-12-24,21:30,21:45,12051
2011-12-24,21:45,22:00,12051
2011-12-24,22:00,22:15,12183
2011-12-24,22:15,22:30,12054
2011-12-24,22:30,22:45,11853
2011-12-24,22:45,23:00,11678
2011-12-24,23:00,23:15,11626
2011-12-24,23:15,23:30,11382
2011-12-24,23:30,23:45,11134
2011-12-24,23:45,00:00,10899
2011-12-25,00:00,00:15,10453
2011-12-25,00:15,00:30,10166
2011-12-25,00:30,00:45,9977
2011-12-25,00:45,01:00,9779
2011-12-25,01:00,01:15,9639
2011-12-25,01:15,01:30,9423
2011-12-25,01:30,01:45,9269
2011-12-25,01:45,02:00,9173
2011-12-25,02:00,02:15,9093
2011-12-25,02:15,02:30,9039
2011-12-25,02:30,02:45,8923
2011-12-25,02:45,03:00,8863
2011-12-25,03:00,03:15,8884
2011-12-25,03:15,03:30,8871
2011-12-25,03:30,03:45,8849
2011-12-25,03:45,04:00,8810
2011-12-25,04:00,04:15,8688
2011-12-25,04:15,04:30,8612
2011-12-25,04:30,04:45,8594
2011-12-25,04:45,05:00,8600
2011-12-25,05:00,05:15,8589
2011-12-25,05:15,05:30,8517
2011-12-25,05:30,05:45,8458
2011-12-25,05:45,06:00,8454
2011-12-25,06:00,06:15,8332
2011-12-25,06:15,06:30,8239
2011-12-25,06:30,06:45,8216
2011-12-25,06:45,07:00,8248
2011-12-25,07:00,07:15,8408
2011-12-25,07:15,07:30,8608
2011-12-25,07:30,07:45,8856
2011-12-25,07:45,08:00,9075
2011-12-25,08:00,08:15,9370
2011-12-25,08:15,08:30,9565
2011-12-25,08:30,08:45,9811
2011-12-25,08:45,09:00,10079
2011-12-25,09:00,09:15,10453
2011-12-25,09:15,09:30,10789
2011-12-25,09:30,09:45,11044
2011-12-25,09:45,10:00,11252
2011-12-25,10:00,10:15,11492
2011-12-25,10:15,10:30,11716
2011-12-25,10:30,10:45,11827
2011-12-25,10:45,11:00,11917
2011-12-25,11:00,11:15,12127
2011-12-25,11:15,11:30,12352
2011-12-25,11:30,11:45,12546
2011-12-25,11:45,12:00,12635
2011-12-25,12:00,12:15,12735
2011-12-25,12:15,12:30,12736
2011-12-25,12:30,12:45,12657
2011-12-25,12:45,13:00,12540
2011-12-25,13:00,13:15,12232
2011-12-25,13:15,13:30,12062
2011-12-25,13:30,13:45,11951
2011-12-25,13:45,14:00,11862
2011-12-25,14:00,14:15,11825
2011-12-25,14:15,14:30,11739
2011-12-25,14:30,14:45,11687
2011-12-25,14:45,15:00,11621
2011-12-25,15:00,15:15,11534
2011-12-25,15:15,15:30,11584
2011-12-25,15:30,15:45,11635
2011-12-25,15:45,16:00,11594
2011-12-25,16:00,16:15,11615
2011-12-25,16:15,16:30,11685
2011-12-25,16:30,16:45,11807
2011-12-25,16:45,17:00,12026
2011-12-25,17:00,17:15,12216
2011-12-25,17:15,17:30,12249
2011-12-25,17:30,17:45,12385
2011-12-25,17:45,18:00,12457
2011-12-25,18:00,18:15,12434
2011-12-25,18:15,18:30,12387
2011-12-25,18:30,18:45,12435
2011-12-25,18:45,19:00,12394
2011-12-25,19:00,19:15,12331
2011-12-25,19:15,19:30,12299
2011-12-25,19:30,19:45,12310
2011-12-25,19:45,20:00,12168
2011-12-25,20:00,20:15,12110
2011-12-25,20:15,20:30,11969
2011-12-25,20:30,20:45,11816
2011-12-25,20:45,21:00,11819
2011-12-25,21:00,21:15,11980
2011-12-25,21:15,21:30,12012
2011-12-25,21:30,21:45,11954
2011-12-25,21:45,22:00,11867
2011-12-25,22:00,22:15,11919
2011-12-25,22:15,22:30,11795
2011-12-25,22:30,22:45,11597
2011-12-25,22:45,23:00,11339
2011-12-25,23:00,23:15,11245
2011-12-25,23:15,23:30,11074
2011-12-25,23:30,23:45,10787
2011-12-25,23:45,00:00,10499
2011-12-26,00:00,00:15,10236
2011-12-26,00:15,00:30,9960
2011-12-26,00:30,00:45,9821
2011-12-26,00:45,01:00,9577
2011-12-26,01:00,01:15,9544
2011-12-26,01:15,01:30,9390
2011-12-26,01:30,01:45,9263
2011-12-26,01:45,02:00,9166
2011-12-26,02:00,02:15,9220
2011-12-26,02:15,02:30,9167
2011-12-26,02:30,02:45,9202
2011-12-26,02:45,03:00,9134
2011-12-26,03:00,03:15,9010
2011-12-26,03:15,03:30,8929
2011-12-26,03:30,03:45,8976
2011-12-26,03:45,04:00,9074
2011-12-26,04:00,04:15,9110
2011-12-26,04:15,04:30,9132
2011-12-26,04:30,04:45,9133
2011-12-26,04:45,05:00,9200
2011-12-26,05:00,05:15,9249
2011-12-26,05:15,05:30,9224
2011-12-26,05:30,05:45,9119
2011-12-26,05:45,06:00,9107
2011-12-26,06:00,06:15,8899
2011-12-26,06:15,06:30,8793
2011-12-26,06:30,06:45,8774
2011-12-26,06:45,07:00,8730
2011-12-26,07:00,07:15,8770
2011-12-26,07:15,07:30,8893
2011-12-26,07:30,07:45,9016
2011-12-26,07:45,08:00,9191
2011-12-26,08:00,08:15,9468
2011-12-26,08:15,08:30,9762
2011-12-26,08:30,08:45,10079
2011-12-26,08:45,09:00,10364
2011-12-26,09:00,09:15,10767
2011-12-26,09:15,09:30,11067
2011-12-26,09:30,09:45,11274
2011-12-26,09:45,10:00,11504
2011-12-26,10:00,10:15,11689
2011-12-26,10:15,10:30,11844
2011-12-26,10:30,10:45,11928
2011-12-26,10:45,11:00,12043
2011-12-26,11:00,11:15,12151
2011-12-26,11:15,11:30,12281
2011-12-26,11:30,11:45,12472
2011-12-26,11:45,12:00,12664
2011-12-26,12:00,12:15,12726
2011-12-26,12:15,12:30,12756
2011-12-26,12:30,12:45,12815
2011-12-26,12:45,13:00,12806
2011-12-26,13:00,13:15,12709
2011-12-26,13:15,13:30,12636
2011-12-26,13:30,13:45,12599
2011-12-26,13:45,14:00,12429
2011-12-26,14:00,14:15,12425
2011-12-26,14:15,14:30,12398
2011-12-26,14:30,14:45,12361
2011-12-26,14:45,15:00,12193
2011-12-26,15:00,15:15,12176
2011-12-26,15:15,15:30,12244
2011-12-26,15:30,15:45,12278
2011-12-26,15:45,16:00,12276
2011-12-26,16:00,16:15,12316
2011-12-26,16:15,16:30,12367
2011-12-26,16:30,16:45,12551
2011-12-26,16:45,17:00,12794
2011-12-26,17:00,17:15,12949
2011-12-26,17:15,17:30,13011
2011-12-26,17:30,17:45,13106
2011-12-26,17:45,18:00,13206
2011-12-26,18:00,18:15,13298
2011-12-26,18:15,18:30,13444
2011-12-26,18:30,18:45,13410
2011-12-26,18:45,19:00,13349
2011-12-26,19:00,19:15,13338
2011-12-26,19:15,19:30,13271
2011-12-26,19:30,19:45,13161
2011-12-26,19:45,20:00,13114
2011-12-26,20:00,20:15,13046
2011-12-26,20:15,20:30,12932
2011-12-26,20:30,20:45,12748
2011-12-26,20:45,21:00,12639
2011-12-26,21:00,21:15,12860
2011-12-26,21:15,21:30,12903
2011-12-26,21:30,21:45,12943
2011-12-26,21:45,22:00,12985
2011-12-26,22:00,22:15,13049
2011-12-26,22:15,22:30,12883
2011-12-26,22:30,22:45,12668
2011-12-26,22:45,23:00,12400
2011-12-26,23:00,23:15,12307
2011-12-26,23:15,23:30,12011
2011-12-26,23:30,23:45,11653
2011-12-26,23:45,00:00,11332
2011-12-27,00:00,00:15,11072
2011-12-27,00:15,00:30,10750
2011-12-27,00:30,00:45,10446
2011-12-27,00:45,01:00,10213
2011-12-27,01:00,01:15,10194
2011-12-27,01:15,01:30,10112
2011-12-27,01:30,01:45,9973
2011-12-27,01:45,02:00,10027
2011-12-27,02:00,02:15,10135
2011-12-27,02:15,02:30,10091
2011-12-27,02:30,02:45,10073
2011-12-27,02:45,03:00,10060
2011-12-27,03:00,03:15,10089
2011-12-27,03:15,03:30,10050
2011-12-27,03:30,03:45,10022
2011-12-27,03:45,04:00,10110
2011-12-27,04:00,04:15,10173
2011-12-27,04:15,04:30,10196
2011-12-27,04:30,04:45,10226
2011-12-27,04:45,05:00,10331
2011-12-27,05:00,05:15,10554
2011-12-27,05:15,05:30,10649
2011-12-27,05:30,05:45,10752
2011-12-27,05:45,06:00,10864
2011-12-27,06:00,06:15,11220
2011-12-27,06:15,06:30,11570
2011-12-27,06:30,06:45,11903
2011-12-27,06:45,07:00,12211
2011-12-27,07:00,07:15,12467
2011-12-27,07:15,07:30,12756
2011-12-27,07:30,07:45,13062
2011-12-27,07:45,08:00,13395
2011-12-27,08:00,08:15,13699
2011-12-27,08:15,08:30,13888
2011-12-27,08:30,08:45,14114
2011-12-27,08:45,09:00,14309
2011-12-27,09:00,09:15,14507
2011-12-27,09:15,09:30,14685
2011-12-27,09:30,09:45,14962
2011-12-27,09:45,10:00,15010
2011-12-27,10:00,10:15,15303
2011-12-27,10:15,10:30,15506
2011-12-27,10:30,10:45,15625
2011-12-27,10:45,11:00,15728
2011-12-27,11:00,11:15,15844
2011-12-27,11:15,11:30,16012
2011-12-27,11:30,11:45,16141
2011-12-27,11:45,12:00,16136
2011-12-27,12:00,12:15,16176
2011-12-27,12:15,12:30,16261
2011-12-27,12:30,12:45,16288
2011-12-27,12:45,13:00,16289
2011-12-27,13:00,13:15,16342
2011-12-27,13:15,13:30,16204
2011-12-27,13:30,13:45,16085
2011-12-27,13:45,14:00,15907
2011-12-27,14:00,14:15,15889
2011-12-27,14:15,14:30,15856
2011-12-27,14:30,14:45,15824
2011-12-27,14:45,15:00,15706
2011-12-27,15:00,15:15,15829
2011-12-27,15:15,15:30,15835
2011-12-27,15:30,15:45,15742
2011-12-27,15:45,16:00,15623
2011-12-27,16:00,16:15,15611
2011-12-27,16:15,16:30,15567
2011-12-27,16:30,16:45,15701
2011-12-27,16:45,17:00,16018
2011-12-27,17:00,17:15,16091
2011-12-27,17:15,17:30,16173
2011-12-27,17:30,17:45,16429
2011-12-27,17:45,18:00,16545
2011-12-27,18:00,18:15,16491
2011-12-27,18:15,18:30,16505
2011-12-27,18:30,18:45,16361
2011-12-27,18:45,19:00,16218
2011-12-27,19:00,19:15,16041
2011-12-27,19:15,19:30,15833
2011-12-27,19:30,19:45,15678
2011-12-27,19:45,20:00,15516
2011-12-27,20:00,20:15,15502
2011-12-27,20:15,20:30,15299
2011-12-27,20:30,20:45,14988
2011-12-27,20:45,21:00,14806
2011-12-27,21:00,21:15,14955
2011-12-27,21:15,21:30,14867
2011-12-27,21:30,21:45,14736
2011-12-27,21:45,22:00,14629
2011-12-27,22:00,22:15,14561
2011-12-27,22:15,22:30,14320
2011-12-27,22:30,22:45,13963
2011-12-27,22:45,23:00,13620
2011-12-27,23:00,23:15,13259
2011-12-27,23:15,23:30,12973
2011-12-27,23:30,23:45,12611
2011-12-27,23:45,00:00,12253
2011-12-28,00:00,00:15,11936
2011-12-28,00:15,00:30,11622
2011-12-28,00:30,00:45,11392
2011-12-28,00:45,01:00,11151
2011-12-28,01:00,01:15,10954
2011-12-28,01:15,01:30,10744
2011-12-28,01:30,01:45,10626
2011-12-28,01:45,02:00,10569
2011-12-28,02:00,02:15,10526
2011-12-28,02:15,02:30,10414
2011-12-28,02:30,02:45,10443
2011-12-28,02:45,03:00,10412
2011-12-28,03:00,03:15,10553
2011-12-28,03:15,03:30,10562
2011-12-28,03:30,03:45,10633
2011-12-28,03:45,04:00,10702
2011-12-28,04:00,04:15,10859
2011-12-28,04:15,04:30,10915
2011-12-28,04:30,04:45,10912
2011-12-28,04:45,05:00,10963
2011-12-28,05:00,05:15,10970
2011-12-28,05:15,05:30,10981
2011-12-28,05:30,05:45,11058
2011-12-28,05:45,06:00,11194
2011-12-28,06:00,06:15,11249
2011-12-28,06:15,06:30,11434
2011-12-28,06:30,06:45,11655
2011-12-28,06:45,07:00,11854
2011-12-28,07:00,07:15,12057
2011-12-28,07:15,07:30,12362
2011-12-28,07:30,07:45,12634
2011-12-28,07:45,08:00,13025
2011-12-28,08:00,08:15,13451
2011-12-28,08:15,08:30,13632
2011-12-28,08:30,08:45,13759
2011-12-28,08:45,09:00,13895
2011-12-28,09:00,09:15,14008
2011-12-28,09:15,09:30,14100
2011-12-28,09:30,09:45,14282
2011-12-28,09:45,10:00,14311
2011-12-28,10:00,10:15,14370
2011-12-28,10:15,10:30,14364
2011-12-28,10:30,10:45,14305
2011-12-28,10:45,11:00,14339
2011-12-28,11:00,11:15,14366
2011-12-28,11:15,11:30,14446
2011-12-28,11:30,11:45,14451
2011-12-28,11:45,12:00,14478
2011-12-28,12:00,12:15,14381
2011-12-28,12:15,12:30,14343
2011-12-28,12:30,12:45,14307
2011-12-28,12:45,13:00,14238
2011-12-28,13:00,13:15,14296
2011-12-28,13:15,13:30,14341
2011-12-28,13:30,13:45,14386
2011-12-28,13:45,14:00,14316
2011-12-28,14:00,14:15,14388
2011-12-28,14:15,14:30,14559
2011-12-28,14:30,14:45,14593
2011-12-28,14:45,15:00,14627
2011-12-28,15:00,15:15,14749
2011-12-28,15:15,15:30,14830
2011-12-28,15:30,15:45,14938
2011-12-28,15:45,16:00,14948
2011-12-28,16:00,16:15,14932
2011-12-28,16:15,16:30,14963
2011-12-28,16:30,16:45,15044
2011-12-28,16:45,17:00,15366
2011-12-28,17:00,17:15,15478
2011-12-28,17:15,17:30,15535
2011-12-28,17:30,17:45,15535
2011-12-28,17:45,18:00,15552
2011-12-28,18:00,18:15,15574
2011-12-28,18:15,18:30,15553
2011-12-28,18:30,18:45,15406
2011-12-28,18:45,19:00,15372
2011-12-28,19:00,19:15,15162
2011-12-28,19:15,19:30,14853
2011-12-28,19:30,19:45,14645
2011-12-28,19:45,20:00,14429
2011-12-28,20:00,20:15,14442
2011-12-28,20:15,20:30,14333
2011-12-28,20:30,20:45,14140
2011-12-28,20:45,21:00,13908
2011-12-28,21:00,21:15,14018
2011-12-28,21:15,21:30,13939
2011-12-28,21:30,21:45,13746
2011-12-28,21:45,22:00,13543
2011-12-28,22:00,22:15,13548
2011-12-28,22:15,22:30,13378
2011-12-28,22:30,22:45,13072
2011-12-28,22:45,23:00,12789
2011-12-28,23:00,23:15,12403
2011-12-28,23:15,23:30,12002
2011-12-28,23:30,23:45,11637
2011-12-28,23:45,00:00,11297
2011-12-29,00:00,00:15,10951
2011-12-29,00:15,00:30,10670
2011-12-29,00:30,00:45,10433
2011-12-29,00:45,01:00,10203
2011-12-29,01:00,01:15,10044
2011-12-29,01:15,01:30,9937
2011-12-29,01:30,01:45,9817
2011-12-29,01:45,02:00,9801
2011-12-29,02:00,02:15,9692
2011-12-29,02:15,02:30,9716
2011-12-29,02:30,02:45,9672
2011-12-29,02:45,03:00,9658
2011-12-29,03:00,03:15,9639
2011-12-29,03:15,03:30,9660
2011-12-29,03:30,03:45,9688
2011-12-29,03:45,04:00,9697
2011-12-29,04:00,04:15,9739
2011-12-29,04:15,04:30,9754
2011-12-29,04:30,04:45,9755
2011-12-29,04:45,05:00,9776
2011-12-29,05:00,05:15,9791
2011-12-29,05:15,05:30,9868
2011-12-29,05:30,05:45,10026
2011-12-29,05:45,06:00,10166
2011-12-29,06:00,06:15,10270
2011-12-29,06:15,06:30,10485
2011-12-29,06:30,06:45,10787
2011-12-29,06:45,07:00,11146
2011-12-29,07:00,07:15,11482
2011-12-29,07:15,07:30,11822
2011-12-29,07:30,07:45,12046
2011-12-29,07:45,08:00,12423
2011-12-29,08:00,08:15,12816
2011-12-29,08:15,08:30,12944
2011-12-29,08:30,08:45,13026
2011-12-29,08:45,09:00,13209
2011-12-29,09:00,09:15,13341
2011-12-29,09:15,09:30,13427
2011-12-29,09:30,09:45,13586
2011-12-29,09:45,10:00,13725
2011-12-29,10:00,10:15,13903
2011-12-29,10:15,10:30,13951
2011-12-29,10:30,10:45,14023
2011-12-29,10:45,11:00,14005
2011-12-29,11:00,11:15,13965
2011-12-29,11:15,11:30,13978
2011-12-29,11:30,11:45,14055
2011-12-29,11:45,12:00,14115
2011-12-29,12:00,12:15,14150
2011-12-29,12:15,12:30,14164
2011-12-29,12:30,12:45,14017
2011-12-29,12:45,13:00,13895
2011-12-29,13:00,13:15,13835
2011-12-29,13:15,13:30,13794
2011-12-29,13:30,13:45,13664
2011-12-29,13:45,14:00,13556
2011-12-29,14:00,14:15,13562
2011-12-29,14:15,14:30,13561
2011-12-29,14:30,14:45,13565
2011-12-29,14:45,15:00,13530
2011-12-29,15:00,15:15,13562
2011-12-29,15:15,15:30,13666
2011-12-29,15:30,15:45,13755
2011-12-29,15:45,16:00,13741
2011-12-29,16:00,16:15,13769
2011-12-29,16:15,16:30,13795
2011-12-29,16:30,16:45,14028
2011-12-29,16:45,17:00,14289
2011-12-29,17:00,17:15,14433
2011-12-29,17:15,17:30,14416
2011-12-29,17:30,17:45,14405
2011-12-29,17:45,18:00,14384
2011-12-29,18:00,18:15,14292
2011-12-29,18:15,18:30,14212
2011-12-29,18:30,18:45,14111
2011-12-29,18:45,19:00,13986
2011-12-29,19:00,19:15,13795
2011-12-29,19:15,19:30,13584
2011-12-29,19:30,19:45,13375
2011-12-29,19:45,20:00,13170
2011-12-29,20:00,20:15,13084
2011-12-29,20:15,20:30,12863
2011-12-29,20:30,20:45,12559
2011-12-29,20:45,21:00,12474
2011-12-29,21:00,21:15,12562
2011-12-29,21:15,21:30,12525
2011-12-29,21:30,21:45,12495
2011-12-29,21:45,22:00,12320
2011-12-29,22:00,22:15,12402
2011-12-29,22:15,22:30,12230
2011-12-29,22:30,22:45,12039
2011-12-29,22:45,23:00,11800
2011-12-29,23:00,23:15,11446
2011-12-29,23:15,23:30,11103
2011-12-29,23:30,23:45,10768
2011-12-29,23:45,00:00,10442
2011-12-30,00:00,00:15,10303
2011-12-30,00:15,00:30,10023
2011-12-30,00:30,00:45,9861
2011-12-30,00:45,01:00,9690
2011-12-30,01:00,01:15,9623
2011-12-30,01:15,01:30,9488
2011-12-30,01:30,01:45,9446
2011-12-30,01:45,02:00,9317
2011-12-30,02:00,02:15,9286
2011-12-30,02:15,02:30,9286
2011-12-30,02:30,02:45,9322
2011-12-30,02:45,03:00,9288
2011-12-30,03:00,03:15,9344
2011-12-30,03:15,03:30,9316
2011-12-30,03:30,03:45,9352
2011-12-30,03:45,04:00,9369
2011-12-30,04:00,04:15,9418
2011-12-30,04:15,04:30,9419
2011-12-30,04:30,04:45,9418
2011-12-30,04:45,05:00,9457
2011-12-30,05:00,05:15,9458
2011-12-30,05:15,05:30,9510
2011-12-30,05:30,05:45,9549
2011-12-30,05:45,06:00,9621
2011-12-30,06:00,06:15,9849
2011-12-30,06:15,06:30,10137
2011-12-30,06:30,06:45,10323
2011-12-30,06:45,07:00,10655
2011-12-30,07:00,07:15,10972
2011-12-30,07:15,07:30,11271
2011-12-30,07:30,07:45,11518
2011-12-30,07:45,08:00,11844
2011-12-30,08:00,08:15,12116
2011-12-30,08:15,08:30,12258
2011-12-30,08:30,08:45,12444
2011-12-30,08:45,09:00,12657
2011-12-30,09:00,09:15,12885
2011-12-30,09:15,09:30,13139
2011-12-30,09:30,09:45,13292
2011-12-30,09:45,10:00,13297
2011-12-30,10:00,10:15,13342
2011-12-30,10:15,10:30,13461
2011-12-30,10:30,10:45,13426
2011-12-30,10:45,11:00,13475
2011-12-30,11:00,11:15,13462
2011-12-30,11:15,11:30,13483
2011-12-30,11:30,11:45,13558
2011-12-30,11:45,12:00,13585
2011-12-30,12:00,12:15,13631
2011-12-30,12:15,12:30,13704
2011-12-30,12:30,12:45,13824
2011-12-30,12:45,13:00,13815
2011-12-30,13:00,13:15,13888
2011-12-30,13:15,13:30,13944
2011-12-30,13:30,13:45,14034
2011-12-30,13:45,14:00,14009
2011-12-30,14:00,14:15,14025
2011-12-30,14:15,14:30,14075
2011-12-30,14:30,14:45,14069
2011-12-30,14:45,15:00,14060
2011-12-30,15:00,15:15,14169
2011-12-30,15:15,15:30,14264
2011-12-30,15:30,15:45,14401
2011-12-30,15:45,16:00,14431
2011-12-30,16:00,16:15,14436
2011-12-30,16:15,16:30,14522
2011-12-30,16:30,16:45,14707
2011-12-30,16:45,17:00,15141
2011-12-30,17:00,17:15,15368
2011-12-30,17:15,17:30,15547
2011-12-30,17:30,17:45,15563
2011-12-30,17:45,18:00,15578
2011-12-30,18:00,18:15,15569
2011-12-30,18:15,18:30,15593
2011-12-30,18:30,18:45,15454
2011-12-30,18:45,19:00,15411
2011-12-30,19:00,19:15,15407
2011-12-30,19:15,19:30,15309
2011-12-30,19:30,19:45,15176
2011-12-30,19:45,20:00,14985
2011-12-30,20:00,20:15,14859
2011-12-30,20:15,20:30,14617
2011-12-30,20:30,20:45,14355
2011-12-30,20:45,21:00,14245
2011-12-30,21:00,21:15,14397
2011-12-30,21:15,21:30,14295
2011-12-30,21:30,21:45,14232
2011-12-30,21:45,22:00,13973
2011-12-30,22:00,22:15,14090
2011-12-30,22:15,22:30,13950
2011-12-30,22:30,22:45,13658
2011-12-30,22:45,23:00,13397
2011-12-30,23:00,23:15,13097
2011-12-30,23:15,23:30,12760
2011-12-30,23:30,23:45,12305
2011-12-30,23:45,00:00,11983
2011-12-31,00:00,00:15,11727
2011-12-31,00:15,00:30,11398
2011-12-31,00:30,00:45,11242
2011-12-31,00:45,01:00,11087
2011-12-31,01:00,01:15,10881
2011-12-31,01:15,01:30,10685
2011-12-31,01:30,01:45,10614
2011-12-31,01:45,02:00,10539
2011-12-31,02:00,02:15,10359
2011-12-31,02:15,02:30,10330
2011-12-31,02:30,02:45,10340
2011-12-31,02:45,03:00,10348
2011-12-31,03:00,03:15,10421
2011-12-31,03:15,03:30,10334
2011-12-31,03:30,03:45,10262
2011-12-31,03:45,04:00,10294
2011-12-31,04:00,04:15,10294
2011-12-31,04:15,04:30,10258
2011-12-31,04:30,04:45,10205
2011-12-31,04:45,05:00,10212
2011-12-31,05:00,05:15,10193
2011-12-31,05:15,05:30,10133
2011-12-31,05:30,05:45,10002
2011-12-31,05:45,06:00,9896
2011-12-31,06:00,06:15,9782
2011-12-31,06:15,06:30,9741
2011-12-31,06:30,06:45,9692
2011-12-31,06:45,07:00,9772
2011-12-31,07:00,07:15,9991
2011-12-31,07:15,07:30,10184
2011-12-31,07:30,07:45,10375
2011-12-31,07:45,08:00,10654
2011-12-31,08:00,08:15,11093
2011-12-31,08:15,08:30,11321
2011-12-31,08:30,08:45,11528
2011-12-31,08:45,09:00,11815
2011-12-31,09:00,09:15,12159
2011-12-31,09:15,09:30,12480
2011-12-31,09:30,09:45,12698
2011-12-31,09:45,10:00,12864
2011-12-31,10:00,10:15,13039
2011-12-31,10:15,10:30,13158
2011-12-31,10:30,10:45,13196
2011-12-31,10:45,11:00,13249
2011-12-31,11:00,11:15,13399
2011-12-31,11:15,11:30,13495
2011-12-31,11:30,11:45,13547
2011-12-31,11:45,12:00,13630
2011-12-31,12:00,12:15,13658
2011-12-31,12:15,12:30,13743
2011-12-31,12:30,12:45,13839
2011-12-31,12:45,13:00,13839
2011-12-31,13:00,13:15,13812
2011-12-31,13:15,13:30,13679
2011-12-31,13:30,13:45,13718
2011-12-31,13:45,14:00,13705
2011-12-31,14:00,14:15,13716
2011-12-31,14:15,14:30,13665
2011-12-31,14:30,14:45,13660
2011-12-31,14:45,15:00,13553
2011-12-31,15:00,15:15,13576
2011-12-31,15:15,15:30,13554
2011-12-31,15:30,15:45,13644
2011-12-31,15:45,16:00,13572
2011-12-31,16:00,16:15,13580
2011-12-31,16:15,16:30,13686
2011-12-31,16:30,16:45,13869
2011-12-31,16:45,17:00,14281
2011-12-31,17:00,17:15,14513
2011-12-31,17:15,17:30,14425
2011-12-31,17:30,17:45,14314
2011-12-31,17:45,18:00,14303
2011-12-31,18:00,18:15,14285
2011-12-31,18:15,18:30,14173
2011-12-31,18:30,18:45,13935
2011-12-31,18:45,19:00,13728
2011-12-31,19:00,19:15,13495
2011-12-31,19:15,19:30,13200
2011-12-31,19:30,19:45,12920
2011-12-31,19:45,20:00,12529
2011-12-31,20:00,20:15,12324
2011-12-31,20:15,20:30,12071
2011-12-31,20:30,20:45,11838
2011-12-31,20:45,21:00,11600
2011-12-31,21:00,21:15,11704
2011-12-31,21:15,21:30,11634
2011-12-31,21:30,21:45,11589
2011-12-31,21:45,22:00,11452
2011-12-31,22:00,22:15,11576
2011-12-31,22:15,22:30,11515
2011-12-31,22:30,22:45,11324
2011-12-31,22:45,23:00,11131
2011-12-31,23:00,23:15,10988
2011-12-31,23:15,23:30,10827
2011-12-31,23:30,23:45,10636
2011-12-31,23:45,00:00,10425
