date,time_from,time_to,forecast,actual_feedin
2017-05-01,00:00,00:15,0,0
2017-05-01,00:15,00:30,0,0
2017-05-01,00:30,00:45,0,0
2017-05-01,00:45,01:00,0,0
2017-05-01,01:00,01:15,0,0
2017-05-01,01:15,01:30,0,0
2017-05-01,01:30,01:45,0,0
2017-05-01,01:45,02:00,0,0
2017-05-01,02:00,02:15,0,0
2017-05-01,02:15,02:30,0,0
2017-05-01,02:30,02:45,0,0
2017-05-01,02:45,03:00,0,0
2017-05-01,03:00,03:15,0,0
2017-05-01,03:15,03:30,0,0
2017-05-01,03:30,03:45,0,0
2017-05-01,03:45,04:00,0,0
2017-05-01,04:00,04:15,0,0
2017-05-01,04:15,04:30,0,0
2017-05-01,04:30,04:45,0,0
2017-05-01,04:45,05:00,0,0
2017-05-01,05:00,05:15,0,0
2017-05-01,05:15,05:30,0,0
2017-05-01,05:30,05:45,0,0
2017-05-01,05:45,06:00,0,0
2017-05-01,06:00,06:15,5,1
2017-05-01,06:15,06:30,23,53
2017-05-01,06:30,06:45,71,138
2017-05-01,06:45,07:00,171,235
2017-05-01,07:00,07:15,279,341
2017-05-01,07:15,07:30,407,457
2017-05-01,07:30,07:45,550,580
2017-05-01,07:45,08:00,706,711
2017-05-01,08:00,08:15,879,841
2017-05-01,08:15,08:30,1060,974
2017-05-01,08:30,08:45,1245,1107
2017-05-01,08:45,09:00,1420,1249
2017-05-01,09:00,09:15,1584,1370
2017-05-01,09:15,09:30,1726,1469
2017-05-01,09:30,09:45,1848,1532
2017-05-01,09:45,10:00,1943,1566
2017-05-01,10:00,10:15,2023,1592
2017-05-01,10:15,10:30,2084,1626
2017-05-01,10:30,10:45,2134,1690
2017-05-01,10:45,11:00,2166,1694
2017-05-01,11:00,11:15,2191,1697
2017-05-01,11:15,11:30,2199,1709
2017-05-01,11:30,11:45,2206,1705
2017-05-01,11:45,12:00,2195,1676
2017-05-01,12:00,12:15,2179,1673
2017-05-01,12:15,12:30,2143,1677
2017-05-01,12:30,12:45,2100,1679
2017-05-01,12:45,13:00,2054,1690
2017-05-01,13:00,13:15,1996,1699
2017-05-01,13:15,13:30,1930,1684
2017-05-01,13:30,13:45,1862,1655
2017-05-01,13:45,14:00,1798,1650
2017-05-01,14:00,14:15,1729,1657
2017-05-01,14:15,14:30,1663,1642
2017-05-01,14:30,14:45,1600,1629
2017-05-01,14:45,15:00,1536,1607
2017-05-01,15:00,15:15,1463,1571
2017-05-01,15:15,15:30,1388,1533
2017-05-01,15:30,15:45,1308,1494
2017-05-01,15:45,16:00,1236,1434
2017-05-01,16:00,16:15,1150,1349
2017-05-01,16:15,16:30,1069,1280
2017-05-01,16:30,16:45,990,1234
2017-05-01,16:45,17:00,920,1145
2017-05-01,17:00,17:15,844,1044
2017-05-01,17:15,17:30,760,957
2017-05-01,17:30,17:45,723,893
2017-05-01,17:45,18:00,672,821
2017-05-01,18:00,18:15,567,743
2017-05-01,18:15,18:30,474,660
2017-05-01,18:30,18:45,385,560
2017-05-01,18:45,19:00,296,460
2017-05-01,19:00,19:15,222,369
2017-05-01,19:15,19:30,157,286
2017-05-01,19:30,19:45,107,204
2017-05-01,19:45,20:00,64,134
2017-05-01,20:00,20:15,33,79
2017-05-01,20:15,20:30,13,36
2017-05-01,20:30,20:45,3,9
2017-05-01,20:45,21:00,0,1
2017-05-01,21:00,21:15,0,0
2017-05-01,21:15,21:30,0,0
2017-05-01,21:30,21:45,0,0
2017-05-01,21:45,22:00,0,0
2017-05-01,22:00,22:15,0,0
2017-05-01,22:15,22:30,0,0
2017-05-01,22:30,22:45,0,0
2017-05-01,22:45,23:00,0,0
2017-05-01,23:00,23:15,0,0
2017-05-01,23:15,23:30,0,0
2017-05-01,23:30,23:45,0,0
2017-05-01,23:45,00:00,0,0
2017-05-02,00:00,00:15,0,0
2017-05-02,00:15,00:30,0,0
2017-05-02,00:30,00:45,0,0
2017-05-02,00:45,01:00,0,0
2017-05-02,01:00,01:15,0,0
2017-05-02,01:15,01:30,0,0
2017-05-02,01:30,01:45,0,0
2017-05-02,01:45,02:00,0,0
2017-05-02,02:00,02:15,0,0
2017-05-02,02:15,02:30,0,0
2017-05-02,02:30,02:45,0,0
2017-05-02,02:45,03:00,0,0
2017-05-02,03:00,03:15,0,0
2017-05-02,03:15,03:30,0,0
2017-05-02,03:30,03:45,0,0
2017-05-02,03:45,04:00,0,0
2017-05-02,04:00,04:15,0,0
2017-05-02,04:15,04:30,0,0
2017-05-02,04:30,04:45,0,0
2017-05-02,04:45,05:00,0,0
2017-05-02,05:00,05:15,0,0
2017-05-02,05:15,05:30,0,0
2017-05-02,05:30,05:45,0,0
2017-05-02,05:45,06:00,0,0
2017-05-02,06:00,06:15,3,0
2017-05-02,06:15,06:30,17,8
2017-05-02,06:30,06:45,53,39
2017-05-02,06:45,07:00,124,87
2017-05-02,07:00,07:15,198,146
2017-05-02,07:15,07:30,290,212
2017-05-02,07:30,07:45,400,286
2017-05-02,07:45,08:00,523,363
2017-05-02,08:00,08:15,670,448
2017-05-02,08:15,08:30,832,536
2017-05-02,08:30,08:45,1015,616
2017-05-02,08:45,09:00,1204,710
2017-05-02,09:00,09:15,1393,833
2017-05-02,09:15,09:30,1577,961
2017-05-02,09:30,09:45,1744,1088
2017-05-02,09:45,10:00,1899,1247
2017-05-02,10:00,10:15,2046,1416
2017-05-02,10:15,10:30,2184,1587
2017-05-02,10:30,10:45,2307,1774
2017-05-02,10:45,11:00,2418,1981
2017-05-02,11:00,11:15,2517,2209
2017-05-02,11:15,11:30,2608,2438
2017-05-02,11:30,11:45,2683,2590
2017-05-02,11:45,12:00,2751,2739
2017-05-02,12:00,12:15,2805,2844
2017-05-02,12:15,12:30,2843,2923
2017-05-02,12:30,12:45,2875,2946
2017-05-02,12:45,13:00,2893,2971
2017-05-02,13:00,13:15,2901,2886
2017-05-02,13:15,13:30,2897,2834
2017-05-02,13:30,13:45,2882,2745
2017-05-02,13:45,14:00,2853,2662
2017-05-02,14:00,14:15,2815,2602
2017-05-02,14:15,14:30,2766,2526
2017-05-02,14:30,14:45,2709,2439
2017-05-02,14:45,15:00,2644,2347
2017-05-02,15:00,15:15,2569,2285
2017-05-02,15:15,15:30,2487,2163
2017-05-02,15:30,15:45,2379,1980
2017-05-02,15:45,16:00,2263,1910
2017-05-02,16:00,16:15,2136,1793
2017-05-02,16:15,16:30,2005,1661
2017-05-02,16:30,16:45,1862,1534
2017-05-02,16:45,17:00,1722,1399
2017-05-02,17:00,17:15,1579,1301
2017-05-02,17:15,17:30,1435,1155
2017-05-02,17:30,17:45,1290,1021
2017-05-02,17:45,18:00,1158,898
2017-05-02,18:00,18:15,1006,746
2017-05-02,18:15,18:30,842,609
2017-05-02,18:30,18:45,668,488
2017-05-02,18:45,19:00,509,400
2017-05-02,19:00,19:15,378,337
2017-05-02,19:15,19:30,262,264
2017-05-02,19:30,19:45,177,184
2017-05-02,19:45,20:00,105,104
2017-05-02,20:00,20:15,51,45
2017-05-02,20:15,20:30,16,15
2017-05-02,20:30,20:45,4,3
2017-05-02,20:45,21:00,0,1
2017-05-02,21:00,21:15,0,0
2017-05-02,21:15,21:30,0,0
2017-05-02,21:30,21:45,0,0
2017-05-02,21:45,22:00,0,0
2017-05-02,22:00,22:15,0,0
2017-05-02,22:15,22:30,0,0
2017-05-02,22:30,22:45,0,0
2017-05-02,22:45,23:00,0,0
2017-05-02,23:00,23:15,0,0
2017-05-02,23:15,23:30,0,0
2017-05-02,23:30,23:45,0,0
2017-05-02,23:45,00:00,0,0
2017-05-03,00:00,00:15,0,0
2017-05-03,00:15,00:30,0,0
2017-05-03,00:30,00:45,0,0
2017-05-03,00:45,01:00,0,0
2017-05-03,01:00,01:15,0,0
2017-05-03,01:15,01:30,0,0
2017-05-03,01:30,01:45,0,0
2017-05-03,01:45,02:00,0,0
2017-05-03,02:00,02:15,0,0
2017-05-03,02:15,02:30,0,0
2017-05-03,02:30,02:45,0,0
2017-05-03,02:45,03:00,0,0
2017-05-03,03:00,03:15,0,0
2017-05-03,03:15,03:30,0,0
2017-05-03,03:30,03:45,0,0
2017-05-03,03:45,04:00,0,0
2017-05-03,04:00,04:15,0,0
2017-05-03,04:15,04:30,0,0
2017-05-03,04:30,04:45,0,0
2017-05-03,04:45,05:00,0,0
2017-05-03,05:00,05:15,0,0
2017-05-03,05:15,05:30,0,0
2017-05-03,05:30,05:45,0,0
2017-05-03,05:45,06:00,0,0
2017-05-03,06:00,06:15,6,2
2017-05-03,06:15,06:30,24,19
2017-05-03,06:30,06:45,67,53
2017-05-03,06:45,07:00,156,106
2017-05-03,07:00,07:15,246,178
2017-05-03,07:15,07:30,352,271
2017-05-03,07:30,07:45,477,386
2017-05-03,07:45,08:00,622,516
2017-05-03,08:00,08:15,802,660
2017-05-03,08:15,08:30,1001,809
2017-05-03,08:30,08:45,1229,970
2017-05-03,08:45,09:00,1462,1156
2017-05-03,09:00,09:15,1695,1372
2017-05-03,09:15,09:30,1924,1578
2017-05-03,09:30,09:45,2117,1768
2017-05-03,09:45,10:00,2295,2009
2017-05-03,10:00,10:15,2457,2225
2017-05-03,10:15,10:30,2602,2434
2017-05-03,10:30,10:45,2721,2621
2017-05-03,10:45,11:00,2817,2792
2017-05-03,11:00,11:15,2895,2910
2017-05-03,11:15,11:30,2962,3014
2017-05-03,11:30,11:45,3026,3168
2017-05-03,11:45,12:00,3086,3253
2017-05-03,12:00,12:15,3143,3337
2017-05-03,12:15,12:30,3188,3373
2017-05-03,12:30,12:45,3250,3493
2017-05-03,12:45,13:00,3298,3465
2017-05-03,13:00,13:15,3325,3387
2017-05-03,13:15,13:30,3324,3388
2017-05-03,13:30,13:45,3303,3382
2017-05-03,13:45,14:00,3264,3397
2017-05-03,14:00,14:15,3211,3364
2017-05-03,14:15,14:30,3139,3294
2017-05-03,14:30,14:45,3044,3253
2017-05-03,14:45,15:00,2950,3150
2017-05-03,15:00,15:15,2840,3054
2017-05-03,15:15,15:30,2727,2963
2017-05-03,15:30,15:45,2590,2785
2017-05-03,15:45,16:00,2463,2686
2017-05-03,16:00,16:15,2329,2603
2017-05-03,16:15,16:30,2197,2397
2017-05-03,16:30,16:45,2053,2221
2017-05-03,16:45,17:00,1901,2036
2017-05-03,17:00,17:15,1747,1844
2017-05-03,17:15,17:30,1604,1691
2017-05-03,17:30,17:45,1477,1549
2017-05-03,17:45,18:00,1331,1378
2017-05-03,18:00,18:15,1136,1186
2017-05-03,18:15,18:30,977,1016
2017-05-03,18:30,18:45,805,843
2017-05-03,18:45,19:00,632,671
2017-05-03,19:00,19:15,482,521
2017-05-03,19:15,19:30,349,380
2017-05-03,19:30,19:45,243,266
2017-05-03,19:45,20:00,149,168
2017-05-03,20:00,20:15,78,87
2017-05-03,20:15,20:30,30,32
2017-05-03,20:30,20:45,8,6
2017-05-03,20:45,21:00,1,0
2017-05-03,21:00,21:15,0,0
2017-05-03,21:15,21:30,0,0
2017-05-03,21:30,21:45,0,0
2017-05-03,21:45,22:00,0,0
2017-05-03,22:00,22:15,0,0
2017-05-03,22:15,22:30,0,0
2017-05-03,22:30,22:45,0,0
2017-05-03,22:45,23:00,0,0
2017-05-03,23:00,23:15,0,0
2017-05-03,23:15,23:30,0,0
2017-05-03,23:30,23:45,0,0
2017-05-03,23:45,00:00,0,0
2017-05-04,00:00,00:15,0,0
2017-05-04,00:15,00:30,0,0
2017-05-04,00:30,00:45,0,0
2017-05-04,00:45,01:00,0,0
2017-05-04,01:00,01:15,0,0
2017-05-04,01:15,01:30,0,0
2017-05-04,01:30,01:45,0,0
2017-05-04,01:45,02:00,0,0
2017-05-04,02:00,02:15,0,0
2017-05-04,02:15,02:30,0,0
2017-05-04,02:30,02:45,0,0
2017-05-04,02:45,03:00,0,0
2017-05-04,03:00,03:15,0,0
2017-05-04,03:15,03:30,0,0
2017-05-04,03:30,03:45,0,0
2017-05-04,03:45,04:00,0,0
2017-05-04,04:00,04:15,0,0
2017-05-04,04:15,04:30,0,0
2017-05-04,04:30,04:45,0,0
2017-05-04,04:45,05:00,0,0
2017-05-04,05:00,05:15,0,0
2017-05-04,05:15,05:30,0,0
2017-05-04,05:30,05:45,0,0
2017-05-04,05:45,06:00,0,0
2017-05-04,06:00,06:15,7,9
2017-05-04,06:15,06:30,29,58
2017-05-04,06:30,06:45,77,131
2017-05-04,06:45,07:00,160,228
2017-05-04,07:00,07:15,247,344
2017-05-04,07:15,07:30,345,470
2017-05-04,07:30,07:45,458,607
2017-05-04,07:45,08:00,583,744
2017-05-04,08:00,08:15,718,891
2017-05-04,08:15,08:30,867,1053
2017-05-04,08:30,08:45,1028,1209
2017-05-04,08:45,09:00,1190,1380
2017-05-04,09:00,09:15,1348,1552
2017-05-04,09:15,09:30,1497,1730
2017-05-04,09:30,09:45,1633,1924
2017-05-04,09:45,10:00,1753,2142
2017-05-04,10:00,10:15,1860,2348
2017-05-04,10:15,10:30,1959,2552
2017-05-04,10:30,10:45,2044,2711
2017-05-04,10:45,11:00,2116,2875
2017-05-04,11:00,11:15,2183,2989
2017-05-04,11:15,11:30,2242,3036
2017-05-04,11:30,11:45,2291,3040
2017-05-04,11:45,12:00,2335,3042
2017-05-04,12:00,12:15,2378,3004
2017-05-04,12:15,12:30,2418,2971
2017-05-04,12:30,12:45,2443,2963
2017-05-04,12:45,13:00,2459,2788
2017-05-04,13:00,13:15,2467,2644
2017-05-04,13:15,13:30,2464,2553
2017-05-04,13:30,13:45,2459,2492
2017-05-04,13:45,14:00,2451,2446
2017-05-04,14:00,14:15,2434,2370
2017-05-04,14:15,14:30,2408,2254
2017-05-04,14:30,14:45,2372,2208
2017-05-04,14:45,15:00,2322,2167
2017-05-04,15:00,15:15,2262,2093
2017-05-04,15:15,15:30,2185,1992
2017-05-04,15:30,15:45,2090,1843
2017-05-04,15:45,16:00,1980,1717
2017-05-04,16:00,16:15,1872,1585
2017-05-04,16:15,16:30,1762,1460
2017-05-04,16:30,16:45,1646,1374
2017-05-04,16:45,17:00,1524,1278
2017-05-04,17:00,17:15,1394,1188
2017-05-04,17:15,17:30,1259,1107
2017-05-04,17:30,17:45,1114,990
2017-05-04,17:45,18:00,972,886
2017-05-04,18:00,18:15,836,791
2017-05-04,18:15,18:30,709,674
2017-05-04,18:30,18:45,574,570
2017-05-04,18:45,19:00,457,470
2017-05-04,19:00,19:15,341,377
2017-05-04,19:15,19:30,265,288
2017-05-04,19:30,19:45,192,208
2017-05-04,19:45,20:00,139,138
2017-05-04,20:00,20:15,69,75
2017-05-04,20:15,20:30,30,31
2017-05-04,20:30,20:45,7,7
2017-05-04,20:45,21:00,1,1
2017-05-04,21:00,21:15,0,0
2017-05-04,21:15,21:30,0,0
2017-05-04,21:30,21:45,0,0
2017-05-04,21:45,22:00,0,0
2017-05-04,22:00,22:15,0,0
2017-05-04,22:15,22:30,0,0
2017-05-04,22:30,22:45,0,0
2017-05-04,22:45,23:00,0,0
2017-05-04,23:00,23:15,0,0
2017-05-04,23:15,23:30,0,0
2017-05-04,23:30,23:45,0,0
2017-05-04,23:45,00:00,0,0
2017-05-05,00:00,00:15,0,0
2017-05-05,00:15,00:30,0,0
2017-05-05,00:30,00:45,0,0
2017-05-05,00:45,01:00,0,0
2017-05-05,01:00,01:15,0,0
2017-05-05,01:15,01:30,0,0
2017-05-05,01:30,01:45,0,0
2017-05-05,01:45,02:00,0,0
2017-05-05,02:00,02:15,0,0
2017-05-05,02:15,02:30,0,0
2017-05-05,02:30,02:45,0,0
2017-05-05,02:45,03:00,0,0
2017-05-05,03:00,03:15,0,0
2017-05-05,03:15,03:30,0,0
2017-05-05,03:30,03:45,0,0
2017-05-05,03:45,04:00,0,0
2017-05-05,04:00,04:15,0,0
2017-05-05,04:15,04:30,0,0
2017-05-05,04:30,04:45,0,0
2017-05-05,04:45,05:00,0,0
2017-05-05,05:00,05:15,0,0
2017-05-05,05:15,05:30,0,0
2017-05-05,05:30,05:45,0,0
2017-05-05,05:45,06:00,0,0
2017-05-05,06:00,06:15,6,3
2017-05-05,06:15,06:30,23,15
2017-05-05,06:30,06:45,62,43
2017-05-05,06:45,07:00,127,88
2017-05-05,07:00,07:15,191,146
2017-05-05,07:15,07:30,259,219
2017-05-05,07:30,07:45,337,303
2017-05-05,07:45,08:00,426,399
2017-05-05,08:00,08:15,516,488
2017-05-05,08:15,08:30,615,587
2017-05-05,08:30,08:45,723,702
2017-05-05,08:45,09:00,831,809
2017-05-05,09:00,09:15,942,918
2017-05-05,09:15,09:30,1056,1008
2017-05-05,09:30,09:45,1168,1117
2017-05-05,09:45,10:00,1278,1263
2017-05-05,10:00,10:15,1384,1435
2017-05-05,10:15,10:30,1491,1571
2017-05-05,10:30,10:45,1594,1671
2017-05-05,10:45,11:00,1695,1801
2017-05-05,11:00,11:15,1805,1862
2017-05-05,11:15,11:30,1918,1978
2017-05-05,11:30,11:45,2027,2079
2017-05-05,11:45,12:00,2138,2105
2017-05-05,12:00,12:15,2251,2154
2017-05-05,12:15,12:30,2359,2255
2017-05-05,12:30,12:45,2449,2366
2017-05-05,12:45,13:00,2536,2435
2017-05-05,13:00,13:15,2617,2545
2017-05-05,13:15,13:30,2670,2571
2017-05-05,13:30,13:45,2726,2645
2017-05-05,13:45,14:00,2775,2644
2017-05-05,14:00,14:15,2811,2625
2017-05-05,14:15,14:30,2832,2564
2017-05-05,14:30,14:45,2836,2556
2017-05-05,14:45,15:00,2823,2513
2017-05-05,15:00,15:15,2796,2456
2017-05-05,15:15,15:30,2754,2493
2017-05-05,15:30,15:45,2688,2505
2017-05-05,15:45,16:00,2605,2510
2017-05-05,16:00,16:15,2514,2459
2017-05-05,16:15,16:30,2403,2363
2017-05-05,16:30,16:45,2280,2210
2017-05-05,16:45,17:00,2143,2126
2017-05-05,17:00,17:15,1993,2061
2017-05-05,17:15,17:30,1833,1956
2017-05-05,17:30,17:45,1656,1812
2017-05-05,17:45,18:00,1473,1644
2017-05-05,18:00,18:15,1289,1458
2017-05-05,18:15,18:30,1107,1294
2017-05-05,18:30,18:45,925,1114
2017-05-05,18:45,19:00,759,919
2017-05-05,19:00,19:15,598,744
2017-05-05,19:15,19:30,467,574
2017-05-05,19:30,19:45,342,423
2017-05-05,19:45,20:00,235,287
2017-05-05,20:00,20:15,123,172
2017-05-05,20:15,20:30,56,86
2017-05-05,20:30,20:45,16,29
2017-05-05,20:45,21:00,2,5
2017-05-05,21:00,21:15,0,0
2017-05-05,21:15,21:30,0,0
2017-05-05,21:30,21:45,0,0
2017-05-05,21:45,22:00,0,0
2017-05-05,22:00,22:15,0,0
2017-05-05,22:15,22:30,0,0
2017-05-05,22:30,22:45,0,0
2017-05-05,22:45,23:00,0,0
2017-05-05,23:00,23:15,0,0
2017-05-05,23:15,23:30,0,0
2017-05-05,23:30,23:45,0,0
2017-05-05,23:45,00:00,0,0
2017-05-06,00:00,00:15,0,0
2017-05-06,00:15,00:30,0,0
2017-05-06,00:30,00:45,0,0
2017-05-06,00:45,01:00,0,0
2017-05-06,01:00,01:15,0,0
2017-05-06,01:15,01:30,0,0
2017-05-06,01:30,01:45,0,0
2017-05-06,01:45,02:00,0,0
2017-05-06,02:00,02:15,0,0
2017-05-06,02:15,02:30,0,0
2017-05-06,02:30,02:45,0,0
2017-05-06,02:45,03:00,0,0
2017-05-06,03:00,03:15,0,0
2017-05-06,03:15,03:30,0,0
2017-05-06,03:30,03:45,0,0
2017-05-06,03:45,04:00,0,0
2017-05-06,04:00,04:15,0,0
2017-05-06,04:15,04:30,0,0
2017-05-06,04:30,04:45,0,0
2017-05-06,04:45,05:00,0,0
2017-05-06,05:00,05:15,0,0
2017-05-06,05:15,05:30,0,0
2017-05-06,05:30,05:45,0,0
2017-05-06,05:45,06:00,1,0
2017-05-06,06:00,06:15,16,24
2017-05-06,06:15,06:30,56,121
2017-05-06,06:30,06:45,141,244
2017-05-06,06:45,07:00,281,390
2017-05-06,07:00,07:15,446,562
2017-05-06,07:15,07:30,641,772
2017-05-06,07:30,07:45,871,1009
2017-05-06,07:45,08:00,1120,1275
2017-05-06,08:00,08:15,1388,1572
2017-05-06,08:15,08:30,1684,1893
2017-05-06,08:30,08:45,1995,2244
2017-05-06,08:45,09:00,2308,2605
2017-05-06,09:00,09:15,2614,2954
2017-05-06,09:15,09:30,2908,3307
2017-05-06,09:30,09:45,3176,3674
2017-05-06,09:45,10:00,3420,3955
2017-05-06,10:00,10:15,3639,4290
2017-05-06,10:15,10:30,3834,4554
2017-05-06,10:30,10:45,3991,4816
2017-05-06,10:45,11:00,4118,5035
2017-05-06,11:00,11:15,4229,5206
2017-05-06,11:15,11:30,4310,5319
2017-05-06,11:30,11:45,4343,5431
2017-05-06,11:45,12:00,4363,5527
2017-05-06,12:00,12:15,4368,5616
2017-05-06,12:15,12:30,4356,5667
2017-05-06,12:30,12:45,4364,5685
2017-05-06,12:45,13:00,4368,5690
2017-05-06,13:00,13:15,4359,5622
2017-05-06,13:15,13:30,4311,5552
2017-05-06,13:30,13:45,4235,5425
2017-05-06,13:45,14:00,4145,5318
2017-05-06,14:00,14:15,4048,5240
2017-05-06,14:15,14:30,3941,5065
2017-05-06,14:30,14:45,3819,4917
2017-05-06,14:45,15:00,3683,4660
2017-05-06,15:00,15:15,3543,4475
2017-05-06,15:15,15:30,3399,4274
2017-05-06,15:30,15:45,3250,4044
2017-05-06,15:45,16:00,3088,3827
2017-05-06,16:00,16:15,2923,3590
2017-05-06,16:15,16:30,2742,3350
2017-05-06,16:30,16:45,2549,3068
2017-05-06,16:45,17:00,2345,2860
2017-05-06,17:00,17:15,2134,2600
2017-05-06,17:15,17:30,1917,2365
2017-05-06,17:30,17:45,1697,2090
2017-05-06,17:45,18:00,1480,1820
2017-05-06,18:00,18:15,1268,1552
2017-05-06,18:15,18:30,1066,1284
2017-05-06,18:30,18:45,873,1058
2017-05-06,18:45,19:00,706,863
2017-05-06,19:00,19:15,556,688
2017-05-06,19:15,19:30,444,521
2017-05-06,19:30,19:45,339,381
2017-05-06,19:45,20:00,239,262
2017-05-06,20:00,20:15,130,168
2017-05-06,20:15,20:30,64,91
2017-05-06,20:30,20:45,22,36
2017-05-06,20:45,21:00,4,7
2017-05-06,21:00,21:15,0,0
2017-05-06,21:15,21:30,0,0
2017-05-06,21:30,21:45,0,0
2017-05-06,21:45,22:00,0,0
2017-05-06,22:00,22:15,0,0
2017-05-06,22:15,22:30,0,0
2017-05-06,22:30,22:45,0,0
2017-05-06,22:45,23:00,0,0
2017-05-06,23:00,23:15,0,0
2017-05-06,23:15,23:30,0,0
2017-05-06,23:30,23:45,0,0
2017-05-06,23:45,00:00,0,0
2017-05-07,00:00,00:15,0,0
2017-05-07,00:15,00:30,0,0
2017-05-07,00:30,00:45,0,0
2017-05-07,00:45,01:00,0,0
2017-05-07,01:00,01:15,0,0
2017-05-07,01:15,01:30,0,0
2017-05-07,01:30,01:45,0,0
2017-05-07,01:45,02:00,0,0
2017-05-07,02:00,02:15,0,0
2017-05-07,02:15,02:30,0,0
2017-05-07,02:30,02:45,0,0
2017-05-07,02:45,03:00,0,0
2017-05-07,03:00,03:15,0,0
2017-05-07,03:15,03:30,0,0
2017-05-07,03:30,03:45,0,0
2017-05-07,03:45,04:00,0,0
2017-05-07,04:00,04:15,0,0
2017-05-07,04:15,04:30,0,0
2017-05-07,04:30,04:45,0,0
2017-05-07,04:45,05:00,0,0
2017-05-07,05:00,05:15,0,0
2017-05-07,05:15,05:30,0,0
2017-05-07,05:30,05:45,0,0
2017-05-07,05:45,06:00,1,0
2017-05-07,06:00,06:15,10,19
2017-05-07,06:15,06:30,32,66
2017-05-07,06:30,06:45,77,135
2017-05-07,06:45,07:00,150,221
2017-05-07,07:00,07:15,221,322
2017-05-07,07:15,07:30,295,435
2017-05-07,07:30,07:45,383,545
2017-05-07,07:45,08:00,476,655
2017-05-07,08:00,08:15,581,765
2017-05-07,08:15,08:30,697,869
2017-05-07,08:30,08:45,821,972
2017-05-07,08:45,09:00,942,1092
2017-05-07,09:00,09:15,1059,1222
2017-05-07,09:15,09:30,1169,1358
2017-05-07,09:30,09:45,1279,1521
2017-05-07,09:45,10:00,1382,1675
2017-05-07,10:00,10:15,1482,1797
2017-05-07,10:15,10:30,1590,1913
2017-05-07,10:30,10:45,1690,2030
2017-05-07,10:45,11:00,1778,2145
2017-05-07,11:00,11:15,1869,2241
2017-05-07,11:15,11:30,1960,2298
2017-05-07,11:30,11:45,2036,2344
2017-05-07,11:45,12:00,2108,2425
2017-05-07,12:00,12:15,2169,2489
2017-05-07,12:15,12:30,2218,2511
2017-05-07,12:30,12:45,2258,2566
2017-05-07,12:45,13:00,2287,2614
2017-05-07,13:00,13:15,2304,2629
2017-05-07,13:15,13:30,2304,2606
2017-05-07,13:30,13:45,2288,2584
2017-05-07,13:45,14:00,2268,2556
2017-05-07,14:00,14:15,2247,2505
2017-05-07,14:15,14:30,2214,2460
2017-05-07,14:30,14:45,2176,2381
2017-05-07,14:45,15:00,2125,2267
2017-05-07,15:00,15:15,2069,2165
2017-05-07,15:15,15:30,2004,2032
2017-05-07,15:30,15:45,1932,1893
2017-05-07,15:45,16:00,1849,1784
2017-05-07,16:00,16:15,1764,1693
2017-05-07,16:15,16:30,1667,1592
2017-05-07,16:30,16:45,1561,1486
2017-05-07,16:45,17:00,1446,1368
2017-05-07,17:00,17:15,1327,1274
2017-05-07,17:15,17:30,1206,1158
2017-05-07,17:30,17:45,1078,1049
2017-05-07,17:45,18:00,952,924
2017-05-07,18:00,18:15,829,812
2017-05-07,18:15,18:30,708,695
2017-05-07,18:30,18:45,582,591
2017-05-07,18:45,19:00,470,494
2017-05-07,19:00,19:15,372,402
2017-05-07,19:15,19:30,298,321
2017-05-07,19:30,19:45,219,242
2017-05-07,19:45,20:00,166,172
2017-05-07,20:00,20:15,91,114
2017-05-07,20:15,20:30,47,68
2017-05-07,20:30,20:45,16,33
2017-05-07,20:45,21:00,3,10
2017-05-07,21:00,21:15,0,1
2017-05-07,21:15,21:30,0,0
2017-05-07,21:30,21:45,0,0
2017-05-07,21:45,22:00,0,0
2017-05-07,22:00,22:15,0,0
2017-05-07,22:15,22:30,0,0
2017-05-07,22:30,22:45,0,0
2017-05-07,22:45,23:00,0,0
2017-05-07,23:00,23:15,0,0
2017-05-07,23:15,23:30,0,0
2017-05-07,23:30,23:45,0,0
2017-05-07,23:45,00:00,0,0
2017-05-08,00:00,00:15,0,0
2017-05-08,00:15,00:30,0,0
2017-05-08,00:30,00:45,0,0
2017-05-08,00:45,01:00,0,0
2017-05-08,01:00,01:15,0,0
2017-05-08,01:15,01:30,0,0
2017-05-08,01:30,01:45,0,0
2017-05-08,01:45,02:00,0,0
2017-05-08,02:00,02:15,0,0
2017-05-08,02:15,02:30,0,0
2017-05-08,02:30,02:45,0,0
2017-05-08,02:45,03:00,0,0
2017-05-08,03:00,03:15,0,0
2017-05-08,03:15,03:30,0,0
2017-05-08,03:30,03:45,0,0
2017-05-08,03:45,04:00,0,0
2017-05-08,04:00,04:15,0,0
2017-05-08,04:15,04:30,0,0
2017-05-08,04:30,04:45,0,0
2017-05-08,04:45,05:00,0,0
2017-05-08,05:00,05:15,0,0
2017-05-08,05:15,05:30,0,0
2017-05-08,05:30,05:45,0,0
2017-05-08,05:45,06:00,1,0
2017-05-08,06:00,06:15,8,2
2017-05-08,06:15,06:30,25,9
2017-05-08,06:30,06:45,59,27
2017-05-08,06:45,07:00,115,60
2017-05-08,07:00,07:15,166,104
2017-05-08,07:15,07:30,215,157
2017-05-08,07:30,07:45,272,214
2017-05-08,07:45,08:00,338,277
2017-05-08,08:00,08:15,406,349
2017-05-08,08:15,08:30,483,423
2017-05-08,08:30,08:45,574,493
2017-05-08,08:45,09:00,668,571
2017-05-08,09:00,09:15,766,660
2017-05-08,09:15,09:30,864,755
2017-05-08,09:30,09:45,959,845
2017-05-08,09:45,10:00,1055,921
2017-05-08,10:00,10:15,1150,1006
2017-05-08,10:15,10:30,1248,1074
2017-05-08,10:30,10:45,1343,1127
2017-05-08,10:45,11:00,1434,1183
2017-05-08,11:00,11:15,1525,1243
2017-05-08,11:15,11:30,1618,1284
2017-05-08,11:30,11:45,1708,1324
2017-05-08,11:45,12:00,1801,1346
2017-05-08,12:00,12:15,1886,1348
2017-05-08,12:15,12:30,1964,1346
2017-05-08,12:30,12:45,2021,1352
2017-05-08,12:45,13:00,2064,1353
2017-05-08,13:00,13:15,2103,1373
2017-05-08,13:15,13:30,2132,1390
2017-05-08,13:30,13:45,2145,1377
2017-05-08,13:45,14:00,2148,1376
2017-05-08,14:00,14:15,2151,1383
2017-05-08,14:15,14:30,2148,1393
2017-05-08,14:30,14:45,2141,1401
2017-05-08,14:45,15:00,2124,1437
2017-05-08,15:00,15:15,2099,1485
2017-05-08,15:15,15:30,2063,1534
2017-05-08,15:30,15:45,2018,1615
2017-05-08,15:45,16:00,1964,1679
2017-05-08,16:00,16:15,1917,1655
2017-05-08,16:15,16:30,1858,1594
2017-05-08,16:30,16:45,1785,1567
2017-05-08,16:45,17:00,1699,1514
2017-05-08,17:00,17:15,1603,1470
2017-05-08,17:15,17:30,1497,1356
2017-05-08,17:30,17:45,1378,1265
2017-05-08,17:45,18:00,1251,1170
2017-05-08,18:00,18:15,1115,1049
2017-05-08,18:15,18:30,971,913
2017-05-08,18:30,18:45,818,809
2017-05-08,18:45,19:00,681,675
2017-05-08,19:00,19:15,555,564
2017-05-08,19:15,19:30,446,449
2017-05-08,19:30,19:45,336,349
2017-05-08,19:45,20:00,243,254
2017-05-08,20:00,20:15,139,172
2017-05-08,20:15,20:30,73,104
2017-05-08,20:30,20:45,27,51
2017-05-08,20:45,21:00,6,17
2017-05-08,21:00,21:15,0,2
2017-05-08,21:15,21:30,0,0
2017-05-08,21:30,21:45,0,0
2017-05-08,21:45,22:00,0,0
2017-05-08,22:00,22:15,0,0
2017-05-08,22:15,22:30,0,0
2017-05-08,22:30,22:45,0,0
2017-05-08,22:45,23:00,0,0
2017-05-08,23:00,23:15,0,0
2017-05-08,23:15,23:30,0,0
2017-05-08,23:30,23:45,0,0
2017-05-08,23:45,00:00,0,0
2017-05-09,00:00,00:15,0,0
2017-05-09,00:15,00:30,0,0
2017-05-09,00:30,00:45,0,0
2017-05-09,00:45,01:00,0,0
2017-05-09,01:00,01:15,0,0
2017-05-09,01:15,01:30,0,0
2017-05-09,01:30,01:45,0,0
2017-05-09,01:45,02:00,0,0
2017-05-09,02:00,02:15,0,0
2017-05-09,02:15,02:30,0,0
2017-05-09,02:30,02:45,0,0
2017-05-09,02:45,03:00,0,0
2017-05-09,03:00,03:15,0,0
2017-05-09,03:15,03:30,0,0
2017-05-09,03:30,03:45,0,0
2017-05-09,03:45,04:00,0,0
2017-05-09,04:00,04:15,0,0
2017-05-09,04:15,04:30,0,0
2017-05-09,04:30,04:45,0,0
2017-05-09,04:45,05:00,0,0
2017-05-09,05:00,05:15,0,0
2017-05-09,05:15,05:30,0,0
2017-05-09,05:30,05:45,0,0
2017-05-09,05:45,06:00,3,0
2017-05-09,06:00,06:15,21,29
2017-05-09,06:15,06:30,62,110
2017-05-09,06:30,06:45,148,224
2017-05-09,06:45,07:00,288,374
2017-05-09,07:00,07:15,457,557
2017-05-09,07:15,07:30,657,762
2017-05-09,07:30,07:45,888,1001
2017-05-09,07:45,08:00,1142,1274
2017-05-09,08:00,08:15,1417,1564
2017-05-09,08:15,08:30,1721,1858
2017-05-09,08:30,08:45,2033,2178
2017-05-09,08:45,09:00,2350,2512
2017-05-09,09:00,09:15,2661,2861
2017-05-09,09:15,09:30,2968,3188
2017-05-09,09:30,09:45,3243,3479
2017-05-09,09:45,10:00,3502,3803
2017-05-09,10:00,10:15,3743,4114
2017-05-09,10:15,10:30,3956,4313
2017-05-09,10:30,10:45,4148,4441
2017-05-09,10:45,11:00,4315,4537
2017-05-09,11:00,11:15,4474,4641
2017-05-09,11:15,11:30,4612,4672
2017-05-09,11:30,11:45,4702,4716
2017-05-09,11:45,12:00,4780,4700
2017-05-09,12:00,12:15,4839,4634
2017-05-09,12:15,12:30,4870,4592
2017-05-09,12:30,12:45,4915,4576
2017-05-09,12:45,13:00,4959,4511
2017-05-09,13:00,13:15,4994,4461
2017-05-09,13:15,13:30,4975,4320
2017-05-09,13:30,13:45,4928,4345
2017-05-09,13:45,14:00,4865,4284
2017-05-09,14:00,14:15,4788,4203
2017-05-09,14:15,14:30,4702,4189
2017-05-09,14:30,14:45,4590,4167
2017-05-09,14:45,15:00,4460,4136
2017-05-09,15:00,15:15,4316,4040
2017-05-09,15:15,15:30,4161,4003
2017-05-09,15:30,15:45,3987,3965
2017-05-09,15:45,16:00,3805,3833
2017-05-09,16:00,16:15,3619,3716
2017-05-09,16:15,16:30,3417,3545
2017-05-09,16:30,16:45,3207,3409
2017-05-09,16:45,17:00,2984,3214
2017-05-09,17:00,17:15,2751,2953
2017-05-09,17:15,17:30,2512,2698
2017-05-09,17:30,17:45,2259,2447
2017-05-09,17:45,18:00,2004,2200
2017-05-09,18:00,18:15,1751,1952
2017-05-09,18:15,18:30,1503,1675
2017-05-09,18:30,18:45,1266,1419
2017-05-09,18:45,19:00,1052,1166
2017-05-09,19:00,19:15,852,923
2017-05-09,19:15,19:30,668,705
2017-05-09,19:30,19:45,509,518
2017-05-09,19:45,20:00,359,370
2017-05-09,20:00,20:15,198,240
2017-05-09,20:15,20:30,98,136
2017-05-09,20:30,20:45,34,62
2017-05-09,20:45,21:00,7,18
2017-05-09,21:00,21:15,1,1
2017-05-09,21:15,21:30,0,0
2017-05-09,21:30,21:45,0,0
2017-05-09,21:45,22:00,0,0
2017-05-09,22:00,22:15,0,0
2017-05-09,22:15,22:30,0,0
2017-05-09,22:30,22:45,0,0
2017-05-09,22:45,23:00,0,0
2017-05-09,23:00,23:15,0,0
2017-05-09,23:15,23:30,0,0
2017-05-09,23:30,23:45,0,0
2017-05-09,23:45,00:00,0,0
2017-05-10,00:00,00:15,0,0
2017-05-10,00:15,00:30,0,0
2017-05-10,00:30,00:45,0,0
2017-05-10,00:45,01:00,0,0
2017-05-10,01:00,01:15,0,0
2017-05-10,01:15,01:30,0,0
2017-05-10,01:30,01:45,0,0
2017-05-10,01:45,02:00,0,0
2017-05-10,02:00,02:15,0,0
2017-05-10,02:15,02:30,0,0
2017-05-10,02:30,02:45,0,0
2017-05-10,02:45,03:00,0,0
2017-05-10,03:00,03:15,0,0
2017-05-10,03:15,03:30,0,0
2017-05-10,03:30,03:45,0,0
2017-05-10,03:45,04:00,0,0
2017-05-10,04:00,04:15,0,0
2017-05-10,04:15,04:30,0,0
2017-05-10,04:30,04:45,0,0
2017-05-10,04:45,05:00,0,0
2017-05-10,05:00,05:15,0,0
2017-05-10,05:15,05:30,0,0
2017-05-10,05:30,05:45,0,0
2017-05-10,05:45,06:00,4,1
2017-05-10,06:00,06:15,21,48
2017-05-10,06:15,06:30,63,133
2017-05-10,06:30,06:45,157,265
2017-05-10,06:45,07:00,307,447
2017-05-10,07:00,07:15,496,671
2017-05-10,07:15,07:30,730,929
2017-05-10,07:30,07:45,1007,1221
2017-05-10,07:45,08:00,1307,1541
2017-05-10,08:00,08:15,1637,1889
2017-05-10,08:15,08:30,1991,2244
2017-05-10,08:30,08:45,2352,2625
2017-05-10,08:45,09:00,2705,3006
2017-05-10,09:00,09:15,3046,3385
2017-05-10,09:15,09:30,3368,3752
2017-05-10,09:30,09:45,3666,4093
2017-05-10,09:45,10:00,3944,4387
2017-05-10,10:00,10:15,4200,4620
2017-05-10,10:15,10:30,4432,4853
2017-05-10,10:30,10:45,4631,5055
2017-05-10,10:45,11:00,4802,5241
2017-05-10,11:00,11:15,4960,5412
2017-05-10,11:15,11:30,5098,5551
2017-05-10,11:30,11:45,5191,5691
2017-05-10,11:45,12:00,5275,5787
2017-05-10,12:00,12:15,5341,5892
2017-05-10,12:15,12:30,5386,5980
2017-05-10,12:30,12:45,5471,6063
2017-05-10,12:45,13:00,5561,6136
2017-05-10,13:00,13:15,5640,6187
2017-05-10,13:15,13:30,5667,6228
2017-05-10,13:30,13:45,5662,6245
2017-05-10,13:45,14:00,5637,6258
2017-05-10,14:00,14:15,5604,6243
2017-05-10,14:15,14:30,5560,6222
2017-05-10,14:30,14:45,5495,6163
2017-05-10,14:45,15:00,5412,6072
2017-05-10,15:00,15:15,5308,5978
2017-05-10,15:15,15:30,5185,5842
2017-05-10,15:30,15:45,5039,5660
2017-05-10,15:45,16:00,4874,5454
2017-05-10,16:00,16:15,4694,5219
2017-05-10,16:15,16:30,4487,4969
2017-05-10,16:30,16:45,4254,4693
2017-05-10,16:45,17:00,3998,4381
2017-05-10,17:00,17:15,3725,4038
2017-05-10,17:15,17:30,3434,3686
2017-05-10,17:30,17:45,3112,3321
2017-05-10,17:45,18:00,2776,2949
2017-05-10,18:00,18:15,2434,2570
2017-05-10,18:15,18:30,2093,2183
2017-05-10,18:30,18:45,1765,1807
2017-05-10,18:45,19:00,1464,1455
2017-05-10,19:00,19:15,1183,1133
2017-05-10,19:15,19:30,906,850
2017-05-10,19:30,19:45,706,615
2017-05-10,19:45,20:00,491,425
2017-05-10,20:00,20:15,285,274
2017-05-10,20:15,20:30,128,157
2017-05-10,20:30,20:45,46,74
2017-05-10,20:45,21:00,10,24
2017-05-10,21:00,21:15,1,3
2017-05-10,21:15,21:30,0,0
2017-05-10,21:30,21:45,0,0
2017-05-10,21:45,22:00,0,0
2017-05-10,22:00,22:15,0,0
2017-05-10,22:15,22:30,0,0
2017-05-10,22:30,22:45,0,0
2017-05-10,22:45,23:00,0,0
2017-05-10,23:00,23:15,0,0
2017-05-10,23:15,23:30,0,0
2017-05-10,23:30,23:45,0,0
2017-05-10,23:45,00:00,0,0
2017-05-11,00:00,00:15,0,0
2017-05-11,00:15,00:30,0,0
2017-05-11,00:30,00:45,0,0
2017-05-11,00:45,01:00,0,0
2017-05-11,01:00,01:15,0,0
2017-05-11,01:15,01:30,0,0
2017-05-11,01:30,01:45,0,0
2017-05-11,01:45,02:00,0,0
2017-05-11,02:00,02:15,0,0
2017-05-11,02:15,02:30,0,0
2017-05-11,02:30,02:45,0,0
2017-05-11,02:45,03:00,0,0
2017-05-11,03:00,03:15,0,0
2017-05-11,03:15,03:30,0,0
2017-05-11,03:30,03:45,0,0
2017-05-11,03:45,04:00,0,0
2017-05-11,04:00,04:15,0,0
2017-05-11,04:15,04:30,0,0
2017-05-11,04:30,04:45,0,0
2017-05-11,04:45,05:00,0,0
2017-05-11,05:00,05:15,0,0
2017-05-11,05:15,05:30,0,0
2017-05-11,05:30,05:45,0,0
2017-05-11,05:45,06:00,5,2
2017-05-11,06:00,06:15,28,67
2017-05-11,06:15,06:30,76,169
2017-05-11,06:30,06:45,177,308
2017-05-11,06:45,07:00,338,482
2017-05-11,07:00,07:15,518,693
2017-05-11,07:15,07:30,718,921
2017-05-11,07:30,07:45,947,1190
2017-05-11,07:45,08:00,1193,1476
2017-05-11,08:00,08:15,1456,1764
2017-05-11,08:15,08:30,1738,2059
2017-05-11,08:30,08:45,2027,2348
2017-05-11,08:45,09:00,2313,2616
2017-05-11,09:00,09:15,2591,2916
2017-05-11,09:15,09:30,2855,3203
2017-05-11,09:30,09:45,3097,3440
2017-05-11,09:45,10:00,3326,3719
2017-05-11,10:00,10:15,3535,3968
2017-05-11,10:15,10:30,3729,4218
2017-05-11,10:30,10:45,3898,4460
2017-05-11,10:45,11:00,4045,4677
2017-05-11,11:00,11:15,4171,4883
2017-05-11,11:15,11:30,4258,5085
2017-05-11,11:30,11:45,4297,5304
2017-05-11,11:45,12:00,4326,5467
2017-05-11,12:00,12:15,4346,5594
2017-05-11,12:15,12:30,4349,5628
2017-05-11,12:30,12:45,4361,5616
2017-05-11,12:45,13:00,4375,5654
2017-05-11,13:00,13:15,4366,5608
2017-05-11,13:15,13:30,4322,5550
2017-05-11,13:30,13:45,4248,5421
2017-05-11,13:45,14:00,4165,5356
2017-05-11,14:00,14:15,4078,5143
2017-05-11,14:15,14:30,3976,4930
2017-05-11,14:30,14:45,3856,4664
2017-05-11,14:45,15:00,3722,4351
2017-05-11,15:00,15:15,3574,4052
2017-05-11,15:15,15:30,3406,3744
2017-05-11,15:30,15:45,3228,3506
2017-05-11,15:45,16:00,3038,3248
2017-05-11,16:00,16:15,2843,2968
2017-05-11,16:15,16:30,2650,2627
2017-05-11,16:30,16:45,2455,2347
2017-05-11,16:45,17:00,2256,2028
2017-05-11,17:00,17:15,2054,1782
2017-05-11,17:15,17:30,1847,1587
2017-05-11,17:30,17:45,1641,1393
2017-05-11,17:45,18:00,1435,1225
2017-05-11,18:00,18:15,1237,1053
2017-05-11,18:15,18:30,1050,903
2017-05-11,18:30,18:45,873,764
2017-05-11,18:45,19:00,711,627
2017-05-11,19:00,19:15,561,499
2017-05-11,19:15,19:30,441,385
2017-05-11,19:30,19:45,334,290
2017-05-11,19:45,20:00,236,207
2017-05-11,20:00,20:15,130,131
2017-05-11,20:15,20:30,73,72
2017-05-11,20:30,20:45,31,31
2017-05-11,20:45,21:00,7,9
2017-05-11,21:00,21:15,1,1
2017-05-11,21:15,21:30,0,0
2017-05-11,21:30,21:45,0,0
2017-05-11,21:45,22:00,0,0
2017-05-11,22:00,22:15,0,0
2017-05-11,22:15,22:30,0,0
2017-05-11,22:30,22:45,0,0
2017-05-11,22:45,23:00,0,0
2017-05-11,23:00,23:15,0,0
2017-05-11,23:15,23:30,0,0
2017-05-11,23:30,23:45,0,0
2017-05-11,23:45,00:00,0,0
2017-05-12,00:00,00:15,0,0
2017-05-12,00:15,00:30,0,0
2017-05-12,00:30,00:45,0,0
2017-05-12,00:45,01:00,0,0
2017-05-12,01:00,01:15,0,0
2017-05-12,01:15,01:30,0,0
2017-05-12,01:30,01:45,0,0
2017-05-12,01:45,02:00,0,0
2017-05-12,02:00,02:15,0,0
2017-05-12,02:15,02:30,0,0
2017-05-12,02:30,02:45,0,0
2017-05-12,02:45,03:00,0,0
2017-05-12,03:00,03:15,0,0
2017-05-12,03:15,03:30,0,0
2017-05-12,03:30,03:45,0,0
2017-05-12,03:45,04:00,0,0
2017-05-12,04:00,04:15,0,0
2017-05-12,04:15,04:30,0,0
2017-05-12,04:30,04:45,0,0
2017-05-12,04:45,05:00,0,0
2017-05-12,05:00,05:15,0,0
2017-05-12,05:15,05:30,0,0
2017-05-12,05:30,05:45,0,0
2017-05-12,05:45,06:00,3,1
2017-05-12,06:00,06:15,18,12
2017-05-12,06:15,06:30,44,45
2017-05-12,06:30,06:45,97,98
2017-05-12,06:45,07:00,180,171
2017-05-12,07:00,07:15,256,261
2017-05-12,07:15,07:30,330,368
2017-05-12,07:30,07:45,419,490
2017-05-12,07:45,08:00,519,641
2017-05-12,08:00,08:15,627,802
2017-05-12,08:15,08:30,746,1001
2017-05-12,08:30,08:45,889,1199
2017-05-12,08:45,09:00,1042,1421
2017-05-12,09:00,09:15,1202,1651
2017-05-12,09:15,09:30,1364,1872
2017-05-12,09:30,09:45,1524,2095
2017-05-12,09:45,10:00,1690,2281
2017-05-12,10:00,10:15,1854,2486
2017-05-12,10:15,10:30,2022,2656
2017-05-12,10:30,10:45,2182,2874
2017-05-12,10:45,11:00,2337,3127
2017-05-12,11:00,11:15,2489,3392
2017-05-12,11:15,11:30,2634,3603
2017-05-12,11:30,11:45,2758,3751
2017-05-12,11:45,12:00,2879,3935
2017-05-12,12:00,12:15,2992,4045
2017-05-12,12:15,12:30,3101,4181
2017-05-12,12:30,12:45,3212,4382
2017-05-12,12:45,13:00,3314,4514
2017-05-12,13:00,13:15,3402,4583
2017-05-12,13:15,13:30,3473,4580
2017-05-12,13:30,13:45,3516,4508
2017-05-12,13:45,14:00,3545,4399
2017-05-12,14:00,14:15,3574,4415
2017-05-12,14:15,14:30,3590,4305
2017-05-12,14:30,14:45,3593,4255
2017-05-12,14:45,15:00,3576,4071
2017-05-12,15:00,15:15,3548,4004
2017-05-12,15:15,15:30,3505,3819
2017-05-12,15:30,15:45,3430,3584
2017-05-12,15:45,16:00,3326,3421
2017-05-12,16:00,16:15,3210,3227
2017-05-12,16:15,16:30,3071,3056
2017-05-12,16:30,16:45,2917,2886
2017-05-12,16:45,17:00,2744,2685
2017-05-12,17:00,17:15,2554,2461
2017-05-12,17:15,17:30,2351,2203
2017-05-12,17:30,17:45,2133,1958
2017-05-12,17:45,18:00,1909,1752
2017-05-12,18:00,18:15,1682,1601
2017-05-12,18:15,18:30,1453,1413
2017-05-12,18:30,18:45,1223,1231
2017-05-12,18:45,19:00,1011,1056
2017-05-12,19:00,19:15,815,891
2017-05-12,19:15,19:30,648,721
2017-05-12,19:30,19:45,505,546
2017-05-12,19:45,20:00,390,398
2017-05-12,20:00,20:15,229,266
2017-05-12,20:15,20:30,119,159
2017-05-12,20:30,20:45,53,76
2017-05-12,20:45,21:00,11,20
2017-05-12,21:00,21:15,1,2
2017-05-12,21:15,21:30,0,0
2017-05-12,21:30,21:45,0,0
2017-05-12,21:45,22:00,0,0
2017-05-12,22:00,22:15,0,0
2017-05-12,22:15,22:30,0,0
2017-05-12,22:30,22:45,0,0
2017-05-12,22:45,23:00,0,0
2017-05-12,23:00,23:15,0,0
2017-05-12,23:15,23:30,0,0
2017-05-12,23:30,23:45,0,0
2017-05-12,23:45,00:00,0,0
2017-05-13,00:00,00:15,0,0
2017-05-13,00:15,00:30,0,0
2017-05-13,00:30,00:45,0,0
2017-05-13,00:45,01:00,0,0
2017-05-13,01:00,01:15,0,0
2017-05-13,01:15,01:30,0,0
2017-05-13,01:30,01:45,0,0
2017-05-13,01:45,02:00,0,0
2017-05-13,02:00,02:15,0,0
2017-05-13,02:15,02:30,0,0
2017-05-13,02:30,02:45,0,0
2017-05-13,02:45,03:00,0,0
2017-05-13,03:00,03:15,0,0
2017-05-13,03:15,03:30,0,0
2017-05-13,03:30,03:45,0,0
2017-05-13,03:45,04:00,0,0
2017-05-13,04:00,04:15,0,0
2017-05-13,04:15,04:30,0,0
2017-05-13,04:30,04:45,0,0
2017-05-13,04:45,05:00,0,0
2017-05-13,05:00,05:15,0,0
2017-05-13,05:15,05:30,0,0
2017-05-13,05:30,05:45,0,0
2017-05-13,05:45,06:00,6,2
2017-05-13,06:00,06:15,32,56
2017-05-13,06:15,06:30,80,142
2017-05-13,06:30,06:45,179,248
2017-05-13,06:45,07:00,332,372
2017-05-13,07:00,07:15,482,520
2017-05-13,07:15,07:30,634,708
2017-05-13,07:30,07:45,811,908
2017-05-13,07:45,08:00,998,1170
2017-05-13,08:00,08:15,1211,1429
2017-05-13,08:15,08:30,1445,1693
2017-05-13,08:30,08:45,1691,1928
2017-05-13,08:45,09:00,1920,2143
2017-05-13,09:00,09:15,2130,2419
2017-05-13,09:15,09:30,2314,2679
2017-05-13,09:30,09:45,2492,2923
2017-05-13,09:45,10:00,2660,3191
2017-05-13,10:00,10:15,2816,3378
2017-05-13,10:15,10:30,3005,3528
2017-05-13,10:30,10:45,3173,3744
2017-05-13,10:45,11:00,3338,3930
2017-05-13,11:00,11:15,3501,4096
2017-05-13,11:15,11:30,3659,4284
2017-05-13,11:30,11:45,3789,4495
2017-05-13,11:45,12:00,3896,4583
2017-05-13,12:00,12:15,3985,4548
2017-05-13,12:15,12:30,4060,4615
2017-05-13,12:30,12:45,4153,4687
2017-05-13,12:45,13:00,4227,4687
2017-05-13,13:00,13:15,4299,4639
2017-05-13,13:15,13:30,4380,4713
2017-05-13,13:30,13:45,4435,4688
2017-05-13,13:45,14:00,4471,4728
2017-05-13,14:00,14:15,4486,4837
2017-05-13,14:15,14:30,4468,4852
2017-05-13,14:30,14:45,4424,4812
2017-05-13,14:45,15:00,4350,4777
2017-05-13,15:00,15:15,4247,4676
2017-05-13,15:15,15:30,4122,4669
2017-05-13,15:30,15:45,3979,4477
2017-05-13,15:45,16:00,3812,4209
2017-05-13,16:00,16:15,3631,3918
2017-05-13,16:15,16:30,3431,3646
2017-05-13,16:30,16:45,3224,3376
2017-05-13,16:45,17:00,3003,3080
2017-05-13,17:00,17:15,2780,2816
2017-05-13,17:15,17:30,2563,2580
2017-05-13,17:30,17:45,2332,2279
2017-05-13,17:45,18:00,2100,2005
2017-05-13,18:00,18:15,1860,1772
2017-05-13,18:15,18:30,1612,1496
2017-05-13,18:30,18:45,1366,1256
2017-05-13,18:45,19:00,1139,1020
2017-05-13,19:00,19:15,925,801
2017-05-13,19:15,19:30,736,617
2017-05-13,19:30,19:45,568,471
2017-05-13,19:45,20:00,437,339
2017-05-13,20:00,20:15,254,227
2017-05-13,20:15,20:30,129,133
2017-05-13,20:30,20:45,58,68
2017-05-13,20:45,21:00,12,23
2017-05-13,21:00,21:15,2,3
2017-05-13,21:15,21:30,0,0
2017-05-13,21:30,21:45,0,0
2017-05-13,21:45,22:00,0,0
2017-05-13,22:00,22:15,0,0
2017-05-13,22:15,22:30,0,0
2017-05-13,22:30,22:45,0,0
2017-05-13,22:45,23:00,0,0
2017-05-13,23:00,23:15,0,0
2017-05-13,23:15,23:30,0,0
2017-05-13,23:30,23:45,0,0
2017-05-13,23:45,00:00,0,0
2017-05-14,00:00,00:15,0,0
2017-05-14,00:15,00:30,0,0
2017-05-14,00:30,00:45,0,0
2017-05-14,00:45,01:00,0,0
2017-05-14,01:00,01:15,0,0
2017-05-14,01:15,01:30,0,0
2017-05-14,01:30,01:45,0,0
2017-05-14,01:45,02:00,0,0
2017-05-14,02:00,02:15,0,0
2017-05-14,02:15,02:30,0,0
2017-05-14,02:30,02:45,0,0
2017-05-14,02:45,03:00,0,0
2017-05-14,03:00,03:15,0,0
2017-05-14,03:15,03:30,0,0
2017-05-14,03:30,03:45,0,0
2017-05-14,03:45,04:00,0,0
2017-05-14,04:00,04:15,0,0
2017-05-14,04:15,04:30,0,0
2017-05-14,04:30,04:45,0,0
2017-05-14,04:45,05:00,0,0
2017-05-14,05:00,05:15,0,0
2017-05-14,05:15,05:30,0,0
2017-05-14,05:30,05:45,0,0
2017-05-14,05:45,06:00,7,5
2017-05-14,06:00,06:15,32,55
2017-05-14,06:15,06:30,79,149
2017-05-14,06:30,06:45,170,272
2017-05-14,06:45,07:00,318,426
2017-05-14,07:00,07:15,474,608
2017-05-14,07:15,07:30,644,791
2017-05-14,07:30,07:45,843,1015
2017-05-14,07:45,08:00,1068,1261
2017-05-14,08:00,08:15,1318,1564
2017-05-14,08:15,08:30,1593,1862
2017-05-14,08:30,08:45,1884,2176
2017-05-14,08:45,09:00,2176,2479
2017-05-14,09:00,09:15,2470,2813
2017-05-14,09:15,09:30,2752,3134
2017-05-14,09:30,09:45,3012,3419
2017-05-14,09:45,10:00,3259,3688
2017-05-14,10:00,10:15,3478,3939
2017-05-14,10:15,10:30,3688,4099
2017-05-14,10:30,10:45,3879,4228
2017-05-14,10:45,11:00,4053,4334
2017-05-14,11:00,11:15,4224,4435
2017-05-14,11:15,11:30,4323,4374
2017-05-14,11:30,11:45,4390,4413
2017-05-14,11:45,12:00,4461,4297
2017-05-14,12:00,12:15,4509,4271
2017-05-14,12:15,12:30,4549,4268
2017-05-14,12:30,12:45,4565,4258
2017-05-14,12:45,13:00,4586,4140
2017-05-14,13:00,13:15,4601,4244
2017-05-14,13:15,13:30,4605,4300
2017-05-14,13:30,13:45,4596,4219
2017-05-14,13:45,14:00,4564,4199
2017-05-14,14:00,14:15,4510,4214
2017-05-14,14:15,14:30,4405,4083
2017-05-14,14:30,14:45,4278,3999
2017-05-14,14:45,15:00,4139,3850
2017-05-14,15:00,15:15,3993,3658
2017-05-14,15:15,15:30,3847,3474
2017-05-14,15:30,15:45,3686,3309
2017-05-14,15:45,16:00,3505,3144
2017-05-14,16:00,16:15,3334,2982
2017-05-14,16:15,16:30,3165,2818
2017-05-14,16:30,16:45,3002,2662
2017-05-14,16:45,17:00,2840,2466
2017-05-14,17:00,17:15,2654,2195
2017-05-14,17:15,17:30,2440,1909
2017-05-14,17:30,17:45,2216,1664
2017-05-14,17:45,18:00,1990,1520
2017-05-14,18:00,18:15,1766,1329
2017-05-14,18:15,18:30,1540,1172
2017-05-14,18:30,18:45,1311,1063
2017-05-14,18:45,19:00,1100,942
2017-05-14,19:00,19:15,905,806
2017-05-14,19:15,19:30,737,676
2017-05-14,19:30,19:45,571,545
2017-05-14,19:45,20:00,451,405
2017-05-14,20:00,20:15,264,278
2017-05-14,20:15,20:30,134,173
2017-05-14,20:30,20:45,53,89
2017-05-14,20:45,21:00,13,33
2017-05-14,21:00,21:15,2,7
2017-05-14,21:15,21:30,0,0
2017-05-14,21:30,21:45,0,0
2017-05-14,21:45,22:00,0,0
2017-05-14,22:00,22:15,0,0
2017-05-14,22:15,22:30,0,0
2017-05-14,22:30,22:45,0,0
2017-05-14,22:45,23:00,0,0
2017-05-14,23:00,23:15,0,0
2017-05-14,23:15,23:30,0,0
2017-05-14,23:30,23:45,0,0
2017-05-14,23:45,00:00,0,0
2017-05-15,00:00,00:15,0,0
2017-05-15,00:15,00:30,0,0
2017-05-15,00:30,00:45,0,0
2017-05-15,00:45,01:00,0,0
2017-05-15,01:00,01:15,0,0
2017-05-15,01:15,01:30,0,0
2017-05-15,01:30,01:45,0,0
2017-05-15,01:45,02:00,0,0
2017-05-15,02:00,02:15,0,0
2017-05-15,02:15,02:30,0,0
2017-05-15,02:30,02:45,0,0
2017-05-15,02:45,03:00,0,0
2017-05-15,03:00,03:15,0,0
2017-05-15,03:15,03:30,0,0
2017-05-15,03:30,03:45,0,0
2017-05-15,03:45,04:00,0,0
2017-05-15,04:00,04:15,0,0
2017-05-15,04:15,04:30,0,0
2017-05-15,04:30,04:45,0,0
2017-05-15,04:45,05:00,0,0
2017-05-15,05:00,05:15,0,0
2017-05-15,05:15,05:30,0,0
2017-05-15,05:30,05:45,1,0
2017-05-15,05:45,06:00,10,12
2017-05-15,06:00,06:15,40,79
2017-05-15,06:15,06:30,99,186
2017-05-15,06:30,06:45,207,326
2017-05-15,06:45,07:00,379,503
2017-05-15,07:00,07:15,568,724
2017-05-15,07:15,07:30,784,981
2017-05-15,07:30,07:45,1030,1273
2017-05-15,07:45,08:00,1298,1591
2017-05-15,08:00,08:15,1591,1912
2017-05-15,08:15,08:30,1915,2239
2017-05-15,08:30,08:45,2246,2589
2017-05-15,08:45,09:00,2524,2926
2017-05-15,09:00,09:15,2780,3212
2017-05-15,09:15,09:30,3159,3520
2017-05-15,09:30,09:45,3526,3802
2017-05-15,09:45,10:00,3805,4083
2017-05-15,10:00,10:15,4063,4296
2017-05-15,10:15,10:30,4293,4500
2017-05-15,10:30,10:45,4501,4648
2017-05-15,10:45,11:00,4687,4764
2017-05-15,11:00,11:15,4864,4886
2017-05-15,11:15,11:30,5009,5059
2017-05-15,11:30,11:45,5127,5226
2017-05-15,11:45,12:00,5230,5386
2017-05-15,12:00,12:15,5321,5578
2017-05-15,12:15,12:30,5395,5719
2017-05-15,12:30,12:45,5452,5811
2017-05-15,12:45,13:00,5492,5856
2017-05-15,13:00,13:15,5513,5815
2017-05-15,13:15,13:30,5492,5790
2017-05-15,13:30,13:45,5464,5772
2017-05-15,13:45,14:00,5420,5747
2017-05-15,14:00,14:15,5369,5690
2017-05-15,14:15,14:30,5310,5731
2017-05-15,14:30,14:45,5229,5626
2017-05-15,14:45,15:00,5125,5561
2017-05-15,15:00,15:15,5001,5400
2017-05-15,15:15,15:30,4859,5240
2017-05-15,15:30,15:45,4688,5055
2017-05-15,15:45,16:00,4492,4873
2017-05-15,16:00,16:15,4274,4670
2017-05-15,16:15,16:30,4035,4416
2017-05-15,16:30,16:45,3784,4159
2017-05-15,16:45,17:00,3520,3840
2017-05-15,17:00,17:15,3240,3531
2017-05-15,17:15,17:30,2950,3259
2017-05-15,17:30,17:45,2642,2984
2017-05-15,17:45,18:00,2335,2706
2017-05-15,18:00,18:15,2035,2426
2017-05-15,18:15,18:30,1744,2101
2017-05-15,18:30,18:45,1458,1738
2017-05-15,18:45,19:00,1199,1392
2017-05-15,19:00,19:15,966,1086
2017-05-15,19:15,19:30,765,825
2017-05-15,19:30,19:45,602,598
2017-05-15,19:45,20:00,471,425
2017-05-15,20:00,20:15,282,282
2017-05-15,20:15,20:30,146,166
2017-05-15,20:30,20:45,63,85
2017-05-15,20:45,21:00,15,28
2017-05-15,21:00,21:15,2,2
2017-05-15,21:15,21:30,0,0
2017-05-15,21:30,21:45,0,0
2017-05-15,21:45,22:00,0,0
2017-05-15,22:00,22:15,0,0
2017-05-15,22:15,22:30,0,0
2017-05-15,22:30,22:45,0,0
2017-05-15,22:45,23:00,0,0
2017-05-15,23:00,23:15,0,0
2017-05-15,23:15,23:30,0,0
2017-05-15,23:30,23:45,0,0
2017-05-15,23:45,00:00,0,0
2017-05-16,00:00,00:15,0,0
2017-05-16,00:15,00:30,0,0
2017-05-16,00:30,00:45,0,0
2017-05-16,00:45,01:00,0,0
2017-05-16,01:00,01:15,0,0
2017-05-16,01:15,01:30,0,0
2017-05-16,01:30,01:45,0,0
2017-05-16,01:45,02:00,0,0
2017-05-16,02:00,02:15,0,0
2017-05-16,02:15,02:30,0,0
2017-05-16,02:30,02:45,0,0
2017-05-16,02:45,03:00,0,0
2017-05-16,03:00,03:15,0,0
2017-05-16,03:15,03:30,0,0
2017-05-16,03:30,03:45,0,0
2017-05-16,03:45,04:00,0,0
2017-05-16,04:00,04:15,0,0
2017-05-16,04:15,04:30,0,0
2017-05-16,04:30,04:45,0,0
2017-05-16,04:45,05:00,0,0
2017-05-16,05:00,05:15,0,0
2017-05-16,05:15,05:30,0,0
2017-05-16,05:30,05:45,1,0
2017-05-16,05:45,06:00,8,13
2017-05-16,06:00,06:15,35,65
2017-05-16,06:15,06:30,81,139
2017-05-16,06:30,06:45,170,240
2017-05-16,06:45,07:00,312,369
2017-05-16,07:00,07:15,458,527
2017-05-16,07:15,07:30,611,708
2017-05-16,07:30,07:45,787,918
2017-05-16,07:45,08:00,981,1166
2017-05-16,08:00,08:15,1193,1434
2017-05-16,08:15,08:30,1424,1736
2017-05-16,08:30,08:45,1672,2030
2017-05-16,08:45,09:00,1926,2328
2017-05-16,09:00,09:15,2178,2613
2017-05-16,09:15,09:30,2420,2891
2017-05-16,09:30,09:45,2656,3166
2017-05-16,09:45,10:00,2890,3442
2017-05-16,10:00,10:15,3116,3684
2017-05-16,10:15,10:30,3341,3921
2017-05-16,10:30,10:45,3551,4119
2017-05-16,10:45,11:00,3749,4343
2017-05-16,11:00,11:15,3940,4571
2017-05-16,11:15,11:30,4118,4758
2017-05-16,11:30,11:45,4276,4914
2017-05-16,11:45,12:00,4421,5121
2017-05-16,12:00,12:15,4553,5315
2017-05-16,12:15,12:30,4664,5447
2017-05-16,12:30,12:45,4743,5534
2017-05-16,12:45,13:00,4796,5577
2017-05-16,13:00,13:15,4832,5545
2017-05-16,13:15,13:30,4845,5548
2017-05-16,13:30,13:45,4836,5478
2017-05-16,13:45,14:00,4806,5406
2017-05-16,14:00,14:15,4769,5338
2017-05-16,14:15,14:30,4721,5225
2017-05-16,14:30,14:45,4648,5134
2017-05-16,14:45,15:00,4556,5000
2017-05-16,15:00,15:15,4441,4889
2017-05-16,15:15,15:30,4305,4744
2017-05-16,15:30,15:45,4149,4608
2017-05-16,15:45,16:00,3977,4376
2017-05-16,16:00,16:15,3793,4170
2017-05-16,16:15,16:30,3591,3920
2017-05-16,16:30,16:45,3379,3669
2017-05-16,16:45,17:00,3155,3405
2017-05-16,17:00,17:15,2916,3108
2017-05-16,17:15,17:30,2662,2837
2017-05-16,17:30,17:45,2395,2568
2017-05-16,17:45,18:00,2127,2295
2017-05-16,18:00,18:15,1861,2011
2017-05-16,18:15,18:30,1600,1713
2017-05-16,18:30,18:45,1346,1431
2017-05-16,18:45,19:00,1115,1184
2017-05-16,19:00,19:15,905,944
2017-05-16,19:15,19:30,721,732
2017-05-16,19:30,19:45,562,560
2017-05-16,19:45,20:00,442,408
2017-05-16,20:00,20:15,270,274
2017-05-16,20:15,20:30,141,163
2017-05-16,20:30,20:45,65,78
2017-05-16,20:45,21:00,15,24
2017-05-16,21:00,21:15,3,2
2017-05-16,21:15,21:30,0,0
2017-05-16,21:30,21:45,0,0
2017-05-16,21:45,22:00,0,0
2017-05-16,22:00,22:15,0,0
2017-05-16,22:15,22:30,0,0
2017-05-16,22:30,22:45,0,0
2017-05-16,22:45,23:00,0,0
2017-05-16,23:00,23:15,0,0
2017-05-16,23:15,23:30,0,0
2017-05-16,23:30,23:45,0,0
2017-05-16,23:45,00:00,0,0
2017-05-17,00:00,00:15,0,0
2017-05-17,00:15,00:30,0,0
2017-05-17,00:30,00:45,0,0
2017-05-17,00:45,01:00,0,0
2017-05-17,01:00,01:15,0,0
2017-05-17,01:15,01:30,0,0
2017-05-17,01:30,01:45,0,0
2017-05-17,01:45,02:00,0,0
2017-05-17,02:00,02:15,0,0
2017-05-17,02:15,02:30,0,0
2017-05-17,02:30,02:45,0,0
2017-05-17,02:45,03:00,0,0
2017-05-17,03:00,03:15,0,0
2017-05-17,03:15,03:30,0,0
2017-05-17,03:30,03:45,0,0
2017-05-17,03:45,04:00,0,0
2017-05-17,04:00,04:15,0,0
2017-05-17,04:15,04:30,0,0
2017-05-17,04:30,04:45,0,0
2017-05-17,04:45,05:00,0,0
2017-05-17,05:00,05:15,0,0
2017-05-17,05:15,05:30,0,0
2017-05-17,05:30,05:45,1,0
2017-05-17,05:45,06:00,13,14
2017-05-17,06:00,06:15,47,76
2017-05-17,06:15,06:30,105,166
2017-05-17,06:30,06:45,218,286
2017-05-17,06:45,07:00,395,439
2017-05-17,07:00,07:15,583,627
2017-05-17,07:15,07:30,788,847
2017-05-17,07:30,07:45,1027,1105
2017-05-17,07:45,08:00,1292,1412
2017-05-17,08:00,08:15,1580,1733
2017-05-17,08:15,08:30,1889,2078
2017-05-17,08:30,08:45,2219,2436
2017-05-17,08:45,09:00,2553,2806
2017-05-17,09:00,09:15,2886,3153
2017-05-17,09:15,09:30,3202,3509
2017-05-17,09:30,09:45,3496,3866
2017-05-17,09:45,10:00,3780,4209
2017-05-17,10:00,10:15,4043,4547
2017-05-17,10:15,10:30,4288,4858
2017-05-17,10:30,10:45,4513,5132
2017-05-17,10:45,11:00,4727,5374
2017-05-17,11:00,11:15,4937,5581
2017-05-17,11:15,11:30,5134,5764
2017-05-17,11:30,11:45,5311,5931
2017-05-17,11:45,12:00,5471,6059
2017-05-17,12:00,12:15,5611,6162
2017-05-17,12:15,12:30,5720,6254
2017-05-17,12:30,12:45,5805,6319
2017-05-17,12:45,13:00,5873,6365
2017-05-17,13:00,13:15,5927,6390
2017-05-17,13:15,13:30,5946,6393
2017-05-17,13:30,13:45,5954,6369
2017-05-17,13:45,14:00,5939,6329
2017-05-17,14:00,14:15,5901,6268
2017-05-17,14:15,14:30,5843,6186
2017-05-17,14:30,14:45,5754,6088
2017-05-17,14:45,15:00,5646,5968
2017-05-17,15:00,15:15,5518,5828
2017-05-17,15:15,15:30,5376,5669
2017-05-17,15:30,15:45,5205,5486
2017-05-17,15:45,16:00,5011,5275
2017-05-17,16:00,16:15,4800,5038
2017-05-17,16:15,16:30,4568,4781
2017-05-17,16:30,16:45,4313,4492
2017-05-17,16:45,17:00,4042,4185
2017-05-17,17:00,17:15,3751,3864
2017-05-17,17:15,17:30,3441,3527
2017-05-17,17:30,17:45,3110,3185
2017-05-17,17:45,18:00,2773,2837
2017-05-17,18:00,18:15,2435,2480
2017-05-17,18:15,18:30,2100,2104
2017-05-17,18:30,18:45,1771,1740
2017-05-17,18:45,19:00,1473,1413
2017-05-17,19:00,19:15,1198,1111
2017-05-17,19:15,19:30,954,861
2017-05-17,19:30,19:45,753,651
2017-05-17,19:45,20:00,595,470
2017-05-17,20:00,20:15,380,326
2017-05-17,20:15,20:30,206,211
2017-05-17,20:30,20:45,97,115
2017-05-17,20:45,21:00,27,46
2017-05-17,21:00,21:15,5,8
2017-05-17,21:15,21:30,0,0
2017-05-17,21:30,21:45,0,0
2017-05-17,21:45,22:00,0,0
2017-05-17,22:00,22:15,0,0
2017-05-17,22:15,22:30,0,0
2017-05-17,22:30,22:45,0,0
2017-05-17,22:45,23:00,0,0
2017-05-17,23:00,23:15,0,0
2017-05-17,23:15,23:30,0,0
2017-05-17,23:30,23:45,0,0
2017-05-17,23:45,00:00,0,0
2017-05-18,00:00,00:15,0,0
2017-05-18,00:15,00:30,0,0
2017-05-18,00:30,00:45,0,0
2017-05-18,00:45,01:00,0,0
2017-05-18,01:00,01:15,0,0
2017-05-18,01:15,01:30,0,0
2017-05-18,01:30,01:45,0,0
2017-05-18,01:45,02:00,0,0
2017-05-18,02:00,02:15,0,0
2017-05-18,02:15,02:30,0,0
2017-05-18,02:30,02:45,0,0
2017-05-18,02:45,03:00,0,0
2017-05-18,03:00,03:15,0,0
2017-05-18,03:15,03:30,0,0
2017-05-18,03:30,03:45,0,0
2017-05-18,03:45,04:00,0,0
2017-05-18,04:00,04:15,0,0
2017-05-18,04:15,04:30,0,0
2017-05-18,04:30,04:45,0,0
2017-05-18,04:45,05:00,0,0
2017-05-18,05:00,05:15,0,0
2017-05-18,05:15,05:30,0,0
2017-05-18,05:30,05:45,2,0
2017-05-18,05:45,06:00,13,38
2017-05-18,06:00,06:15,47,138
2017-05-18,06:15,06:30,104,246
2017-05-18,06:30,06:45,211,358
2017-05-18,06:45,07:00,371,499
2017-05-18,07:00,07:15,531,662
2017-05-18,07:15,07:30,694,855
2017-05-18,07:30,07:45,869,1054
2017-05-18,07:45,08:00,1053,1281
2017-05-18,08:00,08:15,1245,1502
2017-05-18,08:15,08:30,1447,1716
2017-05-18,08:30,08:45,1652,1924
2017-05-18,08:45,09:00,1854,2093
2017-05-18,09:00,09:15,2045,2227
2017-05-18,09:15,09:30,2216,2333
2017-05-18,09:30,09:45,2365,2521
2017-05-18,09:45,10:00,2498,2633
2017-05-18,10:00,10:15,2615,2695
2017-05-18,10:15,10:30,2717,2799
2017-05-18,10:30,10:45,2800,2843
2017-05-18,10:45,11:00,2865,2906
2017-05-18,11:00,11:15,2925,2997
2017-05-18,11:15,11:30,2972,3030
2017-05-18,11:30,11:45,3001,3073
2017-05-18,11:45,12:00,3024,3054
2017-05-18,12:00,12:15,3038,3008
2017-05-18,12:15,12:30,3044,3027
2017-05-18,12:30,12:45,3037,3027
2017-05-18,12:45,13:00,3018,3014
2017-05-18,13:00,13:15,2988,3031
2017-05-18,13:15,13:30,2952,3011
2017-05-18,13:30,13:45,2904,3020
2017-05-18,13:45,14:00,2844,2959
2017-05-18,14:00,14:15,2778,2847
2017-05-18,14:15,14:30,2699,2811
2017-05-18,14:30,14:45,2608,2752
2017-05-18,14:45,15:00,2507,2714
2017-05-18,15:00,15:15,2402,2684
2017-05-18,15:15,15:30,2293,2694
2017-05-18,15:30,15:45,2180,2678
2017-05-18,15:45,16:00,2056,2572
2017-05-18,16:00,16:15,1927,2394
2017-05-18,16:15,16:30,1793,2256
2017-05-18,16:30,16:45,1660,2187
2017-05-18,16:45,17:00,1525,2060
2017-05-18,17:00,17:15,1389,1955
2017-05-18,17:15,17:30,1257,1802
2017-05-18,17:30,17:45,1126,1623
2017-05-18,17:45,18:00,1001,1487
2017-05-18,18:00,18:15,876,1326
2017-05-18,18:15,18:30,758,1179
2017-05-18,18:30,18:45,649,1050
2017-05-18,18:45,19:00,547,929
2017-05-18,19:00,19:15,450,816
2017-05-18,19:15,19:30,373,678
2017-05-18,19:30,19:45,291,545
2017-05-18,19:45,20:00,244,440
2017-05-18,20:00,20:15,148,325
2017-05-18,20:15,20:30,83,217
2017-05-18,20:30,20:45,34,125
2017-05-18,20:45,21:00,9,54
2017-05-18,21:00,21:15,2,15
2017-05-18,21:15,21:30,0,1
2017-05-18,21:30,21:45,0,0
2017-05-18,21:45,22:00,0,0
2017-05-18,22:00,22:15,0,0
2017-05-18,22:15,22:30,0,0
2017-05-18,22:30,22:45,0,0
2017-05-18,22:45,23:00,0,0
2017-05-18,23:00,23:15,0,0
2017-05-18,23:15,23:30,0,0
2017-05-18,23:30,23:45,0,0
2017-05-18,23:45,00:00,0,0
2017-05-19,00:00,00:15,0,0
2017-05-19,00:15,00:30,0,0
2017-05-19,00:30,00:45,0,0
2017-05-19,00:45,01:00,0,0
2017-05-19,01:00,01:15,0,0
2017-05-19,01:15,01:30,0,0
2017-05-19,01:30,01:45,0,0
2017-05-19,01:45,02:00,0,0
2017-05-19,02:00,02:15,0,0
2017-05-19,02:15,02:30,0,0
2017-05-19,02:30,02:45,0,0
2017-05-19,02:45,03:00,0,0
2017-05-19,03:00,03:15,0,0
2017-05-19,03:15,03:30,0,0
2017-05-19,03:30,03:45,0,0
2017-05-19,03:45,04:00,0,0
2017-05-19,04:00,04:15,0,0
2017-05-19,04:15,04:30,0,0
2017-05-19,04:30,04:45,0,0
2017-05-19,04:45,05:00,0,0
2017-05-19,05:00,05:15,0,0
2017-05-19,05:15,05:30,0,0
2017-05-19,05:30,05:45,2,0
2017-05-19,05:45,06:00,10,19
2017-05-19,06:00,06:15,36,60
2017-05-19,06:15,06:30,80,122
2017-05-19,06:30,06:45,163,193
2017-05-19,06:45,07:00,281,268
2017-05-19,07:00,07:15,387,344
2017-05-19,07:15,07:30,491,433
2017-05-19,07:30,07:45,603,539
2017-05-19,07:45,08:00,722,658
2017-05-19,08:00,08:15,846,769
2017-05-19,08:15,08:30,976,881
2017-05-19,08:30,08:45,1114,967
2017-05-19,08:45,09:00,1249,1052
2017-05-19,09:00,09:15,1378,1128
2017-05-19,09:15,09:30,1494,1178
2017-05-19,09:30,09:45,1592,1248
2017-05-19,09:45,10:00,1676,1328
2017-05-19,10:00,10:15,1756,1372
2017-05-19,10:15,10:30,1821,1408
2017-05-19,10:30,10:45,1883,1453
2017-05-19,10:45,11:00,1935,1527
2017-05-19,11:00,11:15,1981,1575
2017-05-19,11:15,11:30,2020,1622
2017-05-19,11:30,11:45,2058,1672
2017-05-19,11:45,12:00,2090,1688
2017-05-19,12:00,12:15,2116,1651
2017-05-19,12:15,12:30,2132,1603
2017-05-19,12:30,12:45,2142,1591
2017-05-19,12:45,13:00,2142,1563
2017-05-19,13:00,13:15,2133,1540
2017-05-19,13:15,13:30,2123,1479
2017-05-19,13:30,13:45,2102,1426
2017-05-19,13:45,14:00,2075,1381
2017-05-19,14:00,14:15,2041,1299
2017-05-19,14:15,14:30,1995,1207
2017-05-19,14:30,14:45,1942,1160
2017-05-19,14:45,15:00,1880,1076
2017-05-19,15:00,15:15,1811,1020
2017-05-19,15:15,15:30,1734,982
2017-05-19,15:30,15:45,1646,874
2017-05-19,15:45,16:00,1550,819
2017-05-19,16:00,16:15,1453,792
2017-05-19,16:15,16:30,1362,750
2017-05-19,16:30,16:45,1267,713
2017-05-19,16:45,17:00,1170,693
2017-05-19,17:00,17:15,1076,668
2017-05-19,17:15,17:30,991,644
2017-05-19,17:30,17:45,905,621
2017-05-19,17:45,18:00,819,601
2017-05-19,18:00,18:15,723,588
2017-05-19,18:15,18:30,625,544
2017-05-19,18:30,18:45,525,500
2017-05-19,18:45,19:00,437,449
2017-05-19,19:00,19:15,349,408
2017-05-19,19:15,19:30,279,345
2017-05-19,19:30,19:45,216,271
2017-05-19,19:45,20:00,179,203
2017-05-19,20:00,20:15,108,147
2017-05-19,20:15,20:30,62,92
2017-05-19,20:30,20:45,27,52
2017-05-19,20:45,21:00,9,22
2017-05-19,21:00,21:15,2,6
2017-05-19,21:15,21:30,0,0
2017-05-19,21:30,21:45,0,0
2017-05-19,21:45,22:00,0,0
2017-05-19,22:00,22:15,0,0
2017-05-19,22:15,22:30,0,0
2017-05-19,22:30,22:45,0,0
2017-05-19,22:45,23:00,0,0
2017-05-19,23:00,23:15,0,0
2017-05-19,23:15,23:30,0,0
2017-05-19,23:30,23:45,0,0
2017-05-19,23:45,00:00,0,0
2017-05-20,00:00,00:15,0,0
2017-05-20,00:15,00:30,0,0
2017-05-20,00:30,00:45,0,0
2017-05-20,00:45,01:00,0,0
2017-05-20,01:00,01:15,0,0
2017-05-20,01:15,01:30,0,0
2017-05-20,01:30,01:45,0,0
2017-05-20,01:45,02:00,0,0
2017-05-20,02:00,02:15,0,0
2017-05-20,02:15,02:30,0,0
2017-05-20,02:30,02:45,0,0
2017-05-20,02:45,03:00,0,0
2017-05-20,03:00,03:15,0,0
2017-05-20,03:15,03:30,0,0
2017-05-20,03:30,03:45,0,0
2017-05-20,03:45,04:00,0,0
2017-05-20,04:00,04:15,0,0
2017-05-20,04:15,04:30,0,0
2017-05-20,04:30,04:45,0,0
2017-05-20,04:45,05:00,0,0
2017-05-20,05:00,05:15,0,0
2017-05-20,05:15,05:30,0,0
2017-05-20,05:30,05:45,3,0
2017-05-20,05:45,06:00,17,45
2017-05-20,06:00,06:15,62,131
2017-05-20,06:15,06:30,133,244
2017-05-20,06:30,06:45,259,393
2017-05-20,06:45,07:00,443,574
2017-05-20,07:00,07:15,634,799
2017-05-20,07:15,07:30,841,1035
2017-05-20,07:30,07:45,1086,1307
2017-05-20,07:45,08:00,1354,1613
2017-05-20,08:00,08:15,1654,1943
2017-05-20,08:15,08:30,1976,2273
2017-05-20,08:30,08:45,2311,2613
2017-05-20,08:45,09:00,2641,2981
2017-05-20,09:00,09:15,2954,3318
2017-05-20,09:15,09:30,3238,3606
2017-05-20,09:30,09:45,3499,3882
2017-05-20,09:45,10:00,3746,4058
2017-05-20,10:00,10:15,3968,4169
2017-05-20,10:15,10:30,4147,4256
2017-05-20,10:30,10:45,4300,4291
2017-05-20,10:45,11:00,4425,4328
2017-05-20,11:00,11:15,4537,4294
2017-05-20,11:15,11:30,4622,4367
2017-05-20,11:30,11:45,4682,4301
2017-05-20,11:45,12:00,4727,4228
2017-05-20,12:00,12:15,4760,4232
2017-05-20,12:15,12:30,4788,4227
2017-05-20,12:30,12:45,4806,4228
2017-05-20,12:45,13:00,4812,4207
2017-05-20,13:00,13:15,4808,4136
2017-05-20,13:15,13:30,4791,4227
2017-05-20,13:30,13:45,4760,4257
2017-05-20,13:45,14:00,4716,4190
2017-05-20,14:00,14:15,4641,4115
2017-05-20,14:15,14:30,4537,4046
2017-05-20,14:30,14:45,4426,4048
2017-05-20,14:45,15:00,4297,4006
2017-05-20,15:00,15:15,4171,3906
2017-05-20,15:15,15:30,4060,3804
2017-05-20,15:30,15:45,3942,3729
2017-05-20,15:45,16:00,3806,3630
2017-05-20,16:00,16:15,3659,3557
2017-05-20,16:15,16:30,3494,3366
2017-05-20,16:30,16:45,3320,3192
2017-05-20,16:45,17:00,3129,2993
2017-05-20,17:00,17:15,2919,2781
2017-05-20,17:15,17:30,2690,2597
2017-05-20,17:30,17:45,2451,2406
2017-05-20,17:45,18:00,2210,2189
2017-05-20,18:00,18:15,1969,1965
2017-05-20,18:15,18:30,1723,1740
2017-05-20,18:30,18:45,1477,1524
2017-05-20,18:45,19:00,1239,1298
2017-05-20,19:00,19:15,1025,1077
2017-05-20,19:15,19:30,844,871
2017-05-20,19:30,19:45,677,683
2017-05-20,19:45,20:00,562,511
2017-05-20,20:00,20:15,372,357
2017-05-20,20:15,20:30,207,232
2017-05-20,20:30,20:45,99,135
2017-05-20,20:45,21:00,32,63
2017-05-20,21:00,21:15,7,20
2017-05-20,21:15,21:30,1,2
2017-05-20,21:30,21:45,0,0
2017-05-20,21:45,22:00,0,0
2017-05-20,22:00,22:15,0,0
2017-05-20,22:15,22:30,0,0
2017-05-20,22:30,22:45,0,0
2017-05-20,22:45,23:00,0,0
2017-05-20,23:00,23:15,0,0
2017-05-20,23:15,23:30,0,0
2017-05-20,23:30,23:45,0,0
2017-05-20,23:45,00:00,0,0
2017-05-21,00:00,00:15,0,0
2017-05-21,00:15,00:30,0,0
2017-05-21,00:30,00:45,0,0
2017-05-21,00:45,01:00,0,0
2017-05-21,01:00,01:15,0,0
2017-05-21,01:15,01:30,0,0
2017-05-21,01:30,01:45,0,0
2017-05-21,01:45,02:00,0,0
2017-05-21,02:00,02:15,0,0
2017-05-21,02:15,02:30,0,0
2017-05-21,02:30,02:45,0,0
2017-05-21,02:45,03:00,0,0
2017-05-21,03:00,03:15,0,0
2017-05-21,03:15,03:30,0,0
2017-05-21,03:30,03:45,0,0
2017-05-21,03:45,04:00,0,0
2017-05-21,04:00,04:15,0,0
2017-05-21,04:15,04:30,0,0
2017-05-21,04:30,04:45,0,0
2017-05-21,04:45,05:00,0,0
2017-05-21,05:00,05:15,0,16
2017-05-21,05:15,05:30,0,40
2017-05-21,05:30,05:45,4,65
2017-05-21,05:45,06:00,23,127
2017-05-21,06:00,06:15,75,233
2017-05-21,06:15,06:30,151,359
2017-05-21,06:30,06:45,285,505
2017-05-21,06:45,07:00,490,700
2017-05-21,07:00,07:15,719,938
2017-05-21,07:15,07:30,975,1239
2017-05-21,07:30,07:45,1264,1553
2017-05-21,07:45,08:00,1580,1894
2017-05-21,08:00,08:15,1927,2243
2017-05-21,08:15,08:30,2299,2622
2017-05-21,08:30,08:45,2681,3010
2017-05-21,08:45,09:00,3066,3387
2017-05-21,09:00,09:15,3440,3753
2017-05-21,09:15,09:30,3792,4100
2017-05-21,09:30,09:45,4103,4410
2017-05-21,09:45,10:00,4380,4649
2017-05-21,10:00,10:15,4628,4890
2017-05-21,10:15,10:30,4830,5087
2017-05-21,10:30,10:45,5002,5259
2017-05-21,10:45,11:00,5140,5357
2017-05-21,11:00,11:15,5260,5402
2017-05-21,11:15,11:30,5361,5419
2017-05-21,11:30,11:45,5436,5444
2017-05-21,11:45,12:00,5486,5457
2017-05-21,12:00,12:15,5514,5477
2017-05-21,12:15,12:30,5518,5484
2017-05-21,12:30,12:45,5501,5459
2017-05-21,12:45,13:00,5469,5468
2017-05-21,13:00,13:15,5420,5368
2017-05-21,13:15,13:30,5332,5295
2017-05-21,13:30,13:45,5230,5254
2017-05-21,13:45,14:00,5113,5180
2017-05-21,14:00,14:15,4984,5109
2017-05-21,14:15,14:30,4851,5054
2017-05-21,14:30,14:45,4706,4853
2017-05-21,14:45,15:00,4549,4769
2017-05-21,15:00,15:15,4381,4630
2017-05-21,15:15,15:30,4209,4591
2017-05-21,15:30,15:45,4033,4393
2017-05-21,15:45,16:00,3854,4227
2017-05-21,16:00,16:15,3671,4026
2017-05-21,16:15,16:30,3462,3841
2017-05-21,16:30,16:45,3252,3673
2017-05-21,16:45,17:00,3029,3474
2017-05-21,17:00,17:15,2800,3255
2017-05-21,17:15,17:30,2568,2968
2017-05-21,17:30,17:45,2331,2664
2017-05-21,17:45,18:00,2093,2408
2017-05-21,18:00,18:15,1859,2162
2017-05-21,18:15,18:30,1627,1889
2017-05-21,18:30,18:45,1394,1619
2017-05-21,18:45,19:00,1178,1380
2017-05-21,19:00,19:15,979,1150
2017-05-21,19:15,19:30,812,939
2017-05-21,19:30,19:45,661,743
2017-05-21,19:45,20:00,557,576
2017-05-21,20:00,20:15,358,433
2017-05-21,20:15,20:30,203,304
2017-05-21,20:30,20:45,93,193
2017-05-21,20:45,21:00,31,104
2017-05-21,21:00,21:15,8,40
2017-05-21,21:15,21:30,1,7
2017-05-21,21:30,21:45,0,0
2017-05-21,21:45,22:00,0,0
2017-05-21,22:00,22:15,0,0
2017-05-21,22:15,22:30,0,0
2017-05-21,22:30,22:45,0,0
2017-05-21,22:45,23:00,0,0
2017-05-21,23:00,23:15,0,0
2017-05-21,23:15,23:30,0,0
2017-05-21,23:30,23:45,0,0
2017-05-21,23:45,00:00,0,0
2017-05-22,00:00,00:15,0,0
2017-05-22,00:15,00:30,0,0
2017-05-22,00:30,00:45,0,0
2017-05-22,00:45,01:00,0,0
2017-05-22,01:00,01:15,0,0
2017-05-22,01:15,01:30,0,0
2017-05-22,01:30,01:45,0,0
2017-05-22,01:45,02:00,0,0
2017-05-22,02:00,02:15,0,0
2017-05-22,02:15,02:30,0,0
2017-05-22,02:30,02:45,0,0
2017-05-22,02:45,03:00,0,0
2017-05-22,03:00,03:15,0,0
2017-05-22,03:15,03:30,0,0
2017-05-22,03:30,03:45,0,0
2017-05-22,03:45,04:00,0,0
2017-05-22,04:00,04:15,0,0
2017-05-22,04:15,04:30,0,0
2017-05-22,04:30,04:45,0,0
2017-05-22,04:45,05:00,0,0
2017-05-22,05:00,05:15,0,0
2017-05-22,05:15,05:30,0,0
2017-05-22,05:30,05:45,5,3
2017-05-22,05:45,06:00,23,36
2017-05-22,06:00,06:15,71,102
2017-05-22,06:15,06:30,145,216
2017-05-22,06:30,06:45,275,365
2017-05-22,06:45,07:00,471,555
2017-05-22,07:00,07:15,683,789
2017-05-22,07:15,07:30,917,1055
2017-05-22,07:30,07:45,1186,1358
2017-05-22,07:45,08:00,1482,1684
2017-05-22,08:00,08:15,1806,2027
2017-05-22,08:15,08:30,2152,2384
2017-05-22,08:30,08:45,2513,2746
2017-05-22,08:45,09:00,2874,3101
2017-05-22,09:00,09:15,3227,3464
2017-05-22,09:15,09:30,3559,3828
2017-05-22,09:30,09:45,3871,4174
2017-05-22,09:45,10:00,4164,4504
2017-05-22,10:00,10:15,4431,4797
2017-05-22,10:15,10:30,4675,5069
2017-05-22,10:30,10:45,4886,5296
2017-05-22,10:45,11:00,5053,5479
2017-05-22,11:00,11:15,5193,5613
2017-05-22,11:15,11:30,5295,5676
2017-05-22,11:30,11:45,5367,5752
2017-05-22,11:45,12:00,5423,5838
2017-05-22,12:00,12:15,5458,5903
2017-05-22,12:15,12:30,5482,5957
2017-05-22,12:30,12:45,5490,5937
2017-05-22,12:45,13:00,5480,5935
2017-05-22,13:00,13:15,5451,5951
2017-05-22,13:15,13:30,5397,5909
2017-05-22,13:30,13:45,5333,5901
2017-05-22,13:45,14:00,5267,5834
2017-05-22,14:00,14:15,5191,5839
2017-05-22,14:15,14:30,5106,5794
2017-05-22,14:30,14:45,5014,5750
2017-05-22,14:45,15:00,4899,5686
2017-05-22,15:00,15:15,4773,5543
2017-05-22,15:15,15:30,4639,5430
2017-05-22,15:30,15:45,4499,5245
2017-05-22,15:45,16:00,4346,5083
2017-05-22,16:00,16:15,4181,4845
2017-05-22,16:15,16:30,4010,4613
2017-05-22,16:30,16:45,3829,4350
2017-05-22,16:45,17:00,3621,4045
2017-05-22,17:00,17:15,3389,3753
2017-05-22,17:15,17:30,3132,3404
2017-05-22,17:30,17:45,2857,3082
2017-05-22,17:45,18:00,2572,2760
2017-05-22,18:00,18:15,2283,2443
2017-05-22,18:15,18:30,1991,2106
2017-05-22,18:30,18:45,1690,1769
2017-05-22,18:45,19:00,1409,1471
2017-05-22,19:00,19:15,1151,1160
2017-05-22,19:15,19:30,921,906
2017-05-22,19:30,19:45,737,698
2017-05-22,19:45,20:00,595,533
2017-05-22,20:00,20:15,395,380
2017-05-22,20:15,20:30,228,246
2017-05-22,20:30,20:45,115,139
2017-05-22,20:45,21:00,42,61
2017-05-22,21:00,21:15,9,16
2017-05-22,21:15,21:30,1,1
2017-05-22,21:30,21:45,0,0
2017-05-22,21:45,22:00,0,0
2017-05-22,22:00,22:15,0,0
2017-05-22,22:15,22:30,0,0
2017-05-22,22:30,22:45,0,0
2017-05-22,22:45,23:00,0,0
2017-05-22,23:00,23:15,0,0
2017-05-22,23:15,23:30,0,0
2017-05-22,23:30,23:45,0,0
2017-05-22,23:45,00:00,0,0
2017-05-23,00:00,00:15,0,0
2017-05-23,00:15,00:30,0,0
2017-05-23,00:30,00:45,0,0
2017-05-23,00:45,01:00,0,0
2017-05-23,01:00,01:15,0,0
2017-05-23,01:15,01:30,0,0
2017-05-23,01:30,01:45,0,0
2017-05-23,01:45,02:00,0,0
2017-05-23,02:00,02:15,0,0
2017-05-23,02:15,02:30,0,0
2017-05-23,02:30,02:45,0,0
2017-05-23,02:45,03:00,0,0
2017-05-23,03:00,03:15,0,0
2017-05-23,03:15,03:30,0,0
2017-05-23,03:30,03:45,0,0
2017-05-23,03:45,04:00,0,0
2017-05-23,04:00,04:15,0,0
2017-05-23,04:15,04:30,0,0
2017-05-23,04:30,04:45,0,0
2017-05-23,04:45,05:00,0,0
2017-05-23,05:00,05:15,0,0
2017-05-23,05:15,05:30,0,0
2017-05-23,05:30,05:45,6,1
2017-05-23,05:45,06:00,25,52
2017-05-23,06:00,06:15,75,132
2017-05-23,06:15,06:30,153,230
2017-05-23,06:30,06:45,291,357
2017-05-23,06:45,07:00,484,526
2017-05-23,07:00,07:15,684,733
2017-05-23,07:15,07:30,904,986
2017-05-23,07:30,07:45,1153,1279
2017-05-23,07:45,08:00,1428,1615
2017-05-23,08:00,08:15,1729,1988
2017-05-23,08:15,08:30,2053,2326
2017-05-23,08:30,08:45,2390,2645
2017-05-23,08:45,09:00,2727,2950
2017-05-23,09:00,09:15,3063,3280
2017-05-23,09:15,09:30,3386,3592
2017-05-23,09:30,09:45,3688,3927
2017-05-23,09:45,10:00,3984,4195
2017-05-23,10:00,10:15,4258,4417
2017-05-23,10:15,10:30,4504,4630
2017-05-23,10:30,10:45,4722,4781
2017-05-23,10:45,11:00,4912,4957
2017-05-23,11:00,11:15,5079,5066
2017-05-23,11:15,11:30,5219,5261
2017-05-23,11:30,11:45,5336,5366
2017-05-23,11:45,12:00,5442,5430
2017-05-23,12:00,12:15,5523,5449
2017-05-23,12:15,12:30,5553,5506
2017-05-23,12:30,12:45,5561,5490
2017-05-23,12:45,13:00,5542,5393
2017-05-23,13:00,13:15,5496,5364
2017-05-23,13:15,13:30,5428,5338
2017-05-23,13:30,13:45,5341,5302
2017-05-23,13:45,14:00,5244,5185
2017-05-23,14:00,14:15,5146,5005
2017-05-23,14:15,14:30,5060,4886
2017-05-23,14:30,14:45,4967,4788
2017-05-23,14:45,15:00,4854,4656
2017-05-23,15:00,15:15,4729,4559
2017-05-23,15:15,15:30,4583,4390
2017-05-23,15:30,15:45,4422,4228
2017-05-23,15:45,16:00,4253,4055
2017-05-23,16:00,16:15,4065,3827
2017-05-23,16:15,16:30,3870,3679
2017-05-23,16:30,16:45,3661,3490
2017-05-23,16:45,17:00,3420,3300
2017-05-23,17:00,17:15,3168,3054
2017-05-23,17:15,17:30,2912,2775
2017-05-23,17:30,17:45,2647,2482
2017-05-23,17:45,18:00,2375,2258
2017-05-23,18:00,18:15,2103,2054
2017-05-23,18:15,18:30,1833,1817
2017-05-23,18:30,18:45,1561,1606
2017-05-23,18:45,19:00,1312,1413
2017-05-23,19:00,19:15,1085,1159
2017-05-23,19:15,19:30,890,935
2017-05-23,19:30,19:45,726,727
2017-05-23,19:45,20:00,598,568
2017-05-23,20:00,20:15,397,428
2017-05-23,20:15,20:30,236,291
2017-05-23,20:30,20:45,126,169
2017-05-23,20:45,21:00,45,83
2017-05-23,21:00,21:15,10,29
2017-05-23,21:15,21:30,1,4
2017-05-23,21:30,21:45,0,0
2017-05-23,21:45,22:00,0,0
2017-05-23,22:00,22:15,0,0
2017-05-23,22:15,22:30,0,0
2017-05-23,22:30,22:45,0,0
2017-05-23,22:45,23:00,0,0
2017-05-23,23:00,23:15,0,0
2017-05-23,23:15,23:30,0,0
2017-05-23,23:30,23:45,0,0
2017-05-23,23:45,00:00,0,0
2017-05-24,00:00,00:15,0,0
2017-05-24,00:15,00:30,0,0
2017-05-24,00:30,00:45,0,0
2017-05-24,00:45,01:00,0,0
2017-05-24,01:00,01:15,0,0
2017-05-24,01:15,01:30,0,0
2017-05-24,01:30,01:45,0,0
2017-05-24,01:45,02:00,0,0
2017-05-24,02:00,02:15,0,0
2017-05-24,02:15,02:30,0,0
2017-05-24,02:30,02:45,0,0
2017-05-24,02:45,03:00,0,0
2017-05-24,03:00,03:15,0,0
2017-05-24,03:15,03:30,0,0
2017-05-24,03:30,03:45,0,0
2017-05-24,03:45,04:00,0,0
2017-05-24,04:00,04:15,0,0
2017-05-24,04:15,04:30,0,0
2017-05-24,04:30,04:45,0,0
2017-05-24,04:45,05:00,0,0
2017-05-24,05:00,05:15,0,0
2017-05-24,05:15,05:30,0,0
2017-05-24,05:30,05:45,6,6
2017-05-24,05:45,06:00,25,55
2017-05-24,06:00,06:15,74,139
2017-05-24,06:15,06:30,147,250
2017-05-24,06:30,06:45,276,382
2017-05-24,06:45,07:00,456,529
2017-05-24,07:00,07:15,632,697
2017-05-24,07:15,07:30,815,903
2017-05-24,07:30,07:45,1033,1151
2017-05-24,07:45,08:00,1274,1397
2017-05-24,08:00,08:15,1547,1628
2017-05-24,08:15,08:30,1819,1858
2017-05-24,08:30,08:45,2108,2099
2017-05-24,08:45,09:00,2393,2339
2017-05-24,09:00,09:15,2660,2584
2017-05-24,09:15,09:30,2877,2808
2017-05-24,09:30,09:45,3075,2996
2017-05-24,09:45,10:00,3259,3208
2017-05-24,10:00,10:15,3419,3434
2017-05-24,10:15,10:30,3579,3682
2017-05-24,10:30,10:45,3716,3822
2017-05-24,10:45,11:00,3838,4015
2017-05-24,11:00,11:15,3933,4139
2017-05-24,11:15,11:30,3994,4126
2017-05-24,11:30,11:45,4035,4129
2017-05-24,11:45,12:00,4053,4090
2017-05-24,12:00,12:15,4055,4021
2017-05-24,12:15,12:30,4049,3921
2017-05-24,12:30,12:45,4015,3760
2017-05-24,12:45,13:00,3958,3658
2017-05-24,13:00,13:15,3883,3643
2017-05-24,13:15,13:30,3810,3564
2017-05-24,13:30,13:45,3710,3418
2017-05-24,13:45,14:00,3608,3291
2017-05-24,14:00,14:15,3513,3088
2017-05-24,14:15,14:30,3416,2896
2017-05-24,14:30,14:45,3324,2756
2017-05-24,14:45,15:00,3223,2663
2017-05-24,15:00,15:15,3111,2584
2017-05-24,15:15,15:30,2984,2503
2017-05-24,15:30,15:45,2864,2369
2017-05-24,15:45,16:00,2741,2265
2017-05-24,16:00,16:15,2619,2171
2017-05-24,16:15,16:30,2494,2133
2017-05-24,16:30,16:45,2362,2165
2017-05-24,16:45,17:00,2219,2186
2017-05-24,17:00,17:15,2064,2133
2017-05-24,17:15,17:30,1901,2007
2017-05-24,17:30,17:45,1733,1848
2017-05-24,17:45,18:00,1562,1707
2017-05-24,18:00,18:15,1394,1503
2017-05-24,18:15,18:30,1228,1312
2017-05-24,18:30,18:45,1059,1164
2017-05-24,18:45,19:00,901,994
2017-05-24,19:00,19:15,750,830
2017-05-24,19:15,19:30,614,689
2017-05-24,19:30,19:45,501,558
2017-05-24,19:45,20:00,414,428
2017-05-24,20:00,20:15,270,310
2017-05-24,20:15,20:30,160,217
2017-05-24,20:30,20:45,83,141
2017-05-24,20:45,21:00,31,82
2017-05-24,21:00,21:15,7,32
2017-05-24,21:15,21:30,1,4
2017-05-24,21:30,21:45,0,0
2017-05-24,21:45,22:00,0,0
2017-05-24,22:00,22:15,0,0
2017-05-24,22:15,22:30,0,0
2017-05-24,22:30,22:45,0,0
2017-05-24,22:45,23:00,0,0
2017-05-24,23:00,23:15,0,0
2017-05-24,23:15,23:30,0,0
2017-05-24,23:30,23:45,0,0
2017-05-24,23:45,00:00,0,0
2017-05-25,00:00,00:15,0,0
2017-05-25,00:15,00:30,0,0
2017-05-25,00:30,00:45,0,0
2017-05-25,00:45,01:00,0,0
2017-05-25,01:00,01:15,0,0
2017-05-25,01:15,01:30,0,0
2017-05-25,01:30,01:45,0,0
2017-05-25,01:45,02:00,0,0
2017-05-25,02:00,02:15,0,0
2017-05-25,02:15,02:30,0,0
2017-05-25,02:30,02:45,0,0
2017-05-25,02:45,03:00,0,0
2017-05-25,03:00,03:15,0,0
2017-05-25,03:15,03:30,0,0
2017-05-25,03:30,03:45,0,0
2017-05-25,03:45,04:00,0,0
2017-05-25,04:00,04:15,0,0
2017-05-25,04:15,04:30,0,0
2017-05-25,04:30,04:45,0,0
2017-05-25,04:45,05:00,0,0
2017-05-25,05:00,05:15,0,0
2017-05-25,05:15,05:30,0,0
2017-05-25,05:30,05:45,6,4
2017-05-25,05:45,06:00,24,58
2017-05-25,06:00,06:15,67,133
2017-05-25,06:15,06:30,134,234
2017-05-25,06:30,06:45,257,358
2017-05-25,06:45,07:00,428,499
2017-05-25,07:00,07:15,597,668
2017-05-25,07:15,07:30,778,867
2017-05-25,07:30,07:45,985,1076
2017-05-25,07:45,08:00,1211,1307
2017-05-25,08:00,08:15,1465,1590
2017-05-25,08:15,08:30,1748,1875
2017-05-25,08:30,08:45,2049,2133
2017-05-25,08:45,09:00,2361,2414
2017-05-25,09:00,09:15,2669,2719
2017-05-25,09:15,09:30,2964,3095
2017-05-25,09:30,09:45,3249,3424
2017-05-25,09:45,10:00,3524,3734
2017-05-25,10:00,10:15,3778,4022
2017-05-25,10:15,10:30,4022,4300
2017-05-25,10:30,10:45,4236,4595
2017-05-25,10:45,11:00,4425,4791
2017-05-25,11:00,11:15,4603,5018
2017-05-25,11:15,11:30,4761,5202
2017-05-25,11:30,11:45,4889,5392
2017-05-25,11:45,12:00,5000,5601
2017-05-25,12:00,12:15,5088,5727
2017-05-25,12:15,12:30,5145,5802
2017-05-25,12:30,12:45,5179,5893
2017-05-25,12:45,13:00,5197,5988
2017-05-25,13:00,13:15,5199,5988
2017-05-25,13:15,13:30,5185,5990
2017-05-25,13:30,13:45,5152,6010
2017-05-25,13:45,14:00,5111,5974
2017-05-25,14:00,14:15,5060,5905
2017-05-25,14:15,14:30,4997,5914
2017-05-25,14:30,14:45,4923,5803
2017-05-25,14:45,15:00,4831,5674
2017-05-25,15:00,15:15,4719,5576
2017-05-25,15:15,15:30,4588,5408
2017-05-25,15:30,15:45,4435,5182
2017-05-25,15:45,16:00,4249,4934
2017-05-25,16:00,16:15,4047,4703
2017-05-25,16:15,16:30,3829,4419
2017-05-25,16:30,16:45,3602,4140
2017-05-25,16:45,17:00,3361,3902
2017-05-25,17:00,17:15,3112,3592
2017-05-25,17:15,17:30,2861,3320
2017-05-25,17:30,17:45,2603,2971
2017-05-25,17:45,18:00,2345,2648
2017-05-25,18:00,18:15,2085,2347
2017-05-25,18:15,18:30,1827,2055
2017-05-25,18:30,18:45,1566,1771
2017-05-25,18:45,19:00,1323,1486
2017-05-25,19:00,19:15,1098,1221
2017-05-25,19:15,19:30,894,964
2017-05-25,19:30,19:45,736,751
2017-05-25,19:45,20:00,598,565
2017-05-25,20:00,20:15,396,402
2017-05-25,20:15,20:30,233,270
2017-05-25,20:30,20:45,121,163
2017-05-25,20:45,21:00,46,83
2017-05-25,21:00,21:15,10,32
2017-05-25,21:15,21:30,2,7
2017-05-25,21:30,21:45,0,0
2017-05-25,21:45,22:00,0,0
2017-05-25,22:00,22:15,0,0
2017-05-25,22:15,22:30,0,0
2017-05-25,22:30,22:45,0,0
2017-05-25,22:45,23:00,0,0
2017-05-25,23:00,23:15,0,0
2017-05-25,23:15,23:30,0,0
2017-05-25,23:30,23:45,0,0
2017-05-25,23:45,00:00,0,0
2017-05-26,00:00,00:15,0,0
2017-05-26,00:15,00:30,0,0
2017-05-26,00:30,00:45,0,0
2017-05-26,00:45,01:00,0,0
2017-05-26,01:00,01:15,0,0
2017-05-26,01:15,01:30,0,0
2017-05-26,01:30,01:45,0,0
2017-05-26,01:45,02:00,0,0
2017-05-26,02:00,02:15,0,0
2017-05-26,02:15,02:30,0,0
2017-05-26,02:30,02:45,0,0
2017-05-26,02:45,03:00,0,0
2017-05-26,03:00,03:15,0,0
2017-05-26,03:15,03:30,0,0
2017-05-26,03:30,03:45,0,0
2017-05-26,03:45,04:00,0,0
2017-05-26,04:00,04:15,0,0
2017-05-26,04:15,04:30,0,0
2017-05-26,04:30,04:45,0,0
2017-05-26,04:45,05:00,0,0
2017-05-26,05:00,05:15,0,0
2017-05-26,05:15,05:30,0,0
2017-05-26,05:30,05:45,8,8
2017-05-26,05:45,06:00,33,72
2017-05-26,06:00,06:15,89,158
2017-05-26,06:15,06:30,170,272
2017-05-26,06:30,06:45,308,419
2017-05-26,06:45,07:00,511,609
2017-05-26,07:00,07:15,735,842
2017-05-26,07:15,07:30,986,1113
2017-05-26,07:30,07:45,1273,1417
2017-05-26,07:45,08:00,1588,1745
2017-05-26,08:00,08:15,1934,2094
2017-05-26,08:15,08:30,2299,2454
2017-05-26,08:30,08:45,2684,2819
2017-05-26,08:45,09:00,3065,3188
2017-05-26,09:00,09:15,3430,3554
2017-05-26,09:15,09:30,3767,3911
2017-05-26,09:30,09:45,4087,4255
2017-05-26,09:45,10:00,4382,4589
2017-05-26,10:00,10:15,4650,4895
2017-05-26,10:15,10:30,4905,5172
2017-05-26,10:30,10:45,5139,5416
2017-05-26,10:45,11:00,5354,5628
2017-05-26,11:00,11:15,5549,5809
2017-05-26,11:15,11:30,5727,5975
2017-05-26,11:30,11:45,5892,6114
2017-05-26,11:45,12:00,6031,6237
2017-05-26,12:00,12:15,6149,6337
2017-05-26,12:15,12:30,6241,6421
2017-05-26,12:30,12:45,6315,6486
2017-05-26,12:45,13:00,6358,6529
2017-05-26,13:00,13:15,6378,6546
2017-05-26,13:15,13:30,6386,6548
2017-05-26,13:30,13:45,6378,6528
2017-05-26,13:45,14:00,6348,6486
2017-05-26,14:00,14:15,6296,6430
2017-05-26,14:15,14:30,6230,6347
2017-05-26,14:30,14:45,6149,6249
2017-05-26,14:45,15:00,6051,6139
2017-05-26,15:00,15:15,5935,6006
2017-05-26,15:15,15:30,5799,5853
2017-05-26,15:30,15:45,5641,5683
2017-05-26,15:45,16:00,5456,5489
2017-05-26,16:00,16:15,5244,5270
2017-05-26,16:15,16:30,5014,5028
2017-05-26,16:30,16:45,4760,4762
2017-05-26,16:45,17:00,4483,4467
2017-05-26,17:00,17:15,4182,4152
2017-05-26,17:15,17:30,3867,3819
2017-05-26,17:30,17:45,3532,3469
2017-05-26,17:45,18:00,3181,3107
2017-05-26,18:00,18:15,2816,2737
2017-05-26,18:15,18:30,2451,2364
2017-05-26,18:30,18:45,2083,1996
2017-05-26,18:45,19:00,1739,1644
2017-05-26,19:00,19:15,1418,1318
2017-05-26,19:15,19:30,1124,1024
2017-05-26,19:30,19:45,903,771
2017-05-26,19:45,20:00,724,564
2017-05-26,20:00,20:15,493,396
2017-05-26,20:15,20:30,304,263
2017-05-26,20:30,20:45,164,159
2017-05-26,20:45,21:00,71,83
2017-05-26,21:00,21:15,17,34
2017-05-26,21:15,21:30,4,8
2017-05-26,21:30,21:45,0,0
2017-05-26,21:45,22:00,0,0
2017-05-26,22:00,22:15,0,0
2017-05-26,22:15,22:30,0,0
2017-05-26,22:30,22:45,0,0
2017-05-26,22:45,23:00,0,0
2017-05-26,23:00,23:15,0,0
2017-05-26,23:15,23:30,0,0
2017-05-26,23:30,23:45,0,0
2017-05-26,23:45,00:00,0,0
2017-05-27,00:00,00:15,0,0
2017-05-27,00:15,00:30,0,0
2017-05-27,00:30,00:45,0,0
2017-05-27,00:45,01:00,0,0
2017-05-27,01:00,01:15,0,0
2017-05-27,01:15,01:30,0,0
2017-05-27,01:30,01:45,0,0
2017-05-27,01:45,02:00,0,0
2017-05-27,02:00,02:15,0,0
2017-05-27,02:15,02:30,0,0
2017-05-27,02:30,02:45,0,0
2017-05-27,02:45,03:00,0,0
2017-05-27,03:00,03:15,0,0
2017-05-27,03:15,03:30,0,0
2017-05-27,03:30,03:45,0,0
2017-05-27,03:45,04:00,0,0
2017-05-27,04:00,04:15,0,0
2017-05-27,04:15,04:30,0,0
2017-05-27,04:30,04:45,0,0
2017-05-27,04:45,05:00,0,0
2017-05-27,05:00,05:15,0,0
2017-05-27,05:15,05:30,0,0
2017-05-27,05:30,05:45,10,12
2017-05-27,05:45,06:00,37,77
2017-05-27,06:00,06:15,96,163
2017-05-27,06:15,06:30,186,277
2017-05-27,06:30,06:45,348,426
2017-05-27,06:45,07:00,558,622
2017-05-27,07:00,07:15,784,864
2017-05-27,07:15,07:30,1051,1147
2017-05-27,07:30,07:45,1351,1465
2017-05-27,07:45,08:00,1686,1812
2017-05-27,08:00,08:15,2047,2178
2017-05-27,08:15,08:30,2426,2556
2017-05-27,08:30,08:45,2821,2933
2017-05-27,08:45,09:00,3220,3306
2017-05-27,09:00,09:15,3611,3670
2017-05-27,09:15,09:30,3968,4020
2017-05-27,09:30,09:45,4300,4352
2017-05-27,09:45,10:00,4608,4661
2017-05-27,10:00,10:15,4884,4945
2017-05-27,10:15,10:30,5127,5197
2017-05-27,10:30,10:45,5343,5427
2017-05-27,10:45,11:00,5549,5628
2017-05-27,11:00,11:15,5733,5805
2017-05-27,11:15,11:30,5895,5961
2017-05-27,11:30,11:45,6046,6099
2017-05-27,11:45,12:00,6171,6214
2017-05-27,12:00,12:15,6277,6309
2017-05-27,12:15,12:30,6360,6389
2017-05-27,12:30,12:45,6423,6449
2017-05-27,12:45,13:00,6457,6489
2017-05-27,13:00,13:15,6474,6505
2017-05-27,13:15,13:30,6477,6506
2017-05-27,13:30,13:45,6462,6484
2017-05-27,13:45,14:00,6421,6443
2017-05-27,14:00,14:15,6361,6377
2017-05-27,14:15,14:30,6288,6294
2017-05-27,14:30,14:45,6201,6195
2017-05-27,14:45,15:00,6101,6079
2017-05-27,15:00,15:15,5982,5943
2017-05-27,15:15,15:30,5843,5792
2017-05-27,15:30,15:45,5677,5615
2017-05-27,15:45,16:00,5488,5418
2017-05-27,16:00,16:15,5283,5199
2017-05-27,16:15,16:30,5061,4959
2017-05-27,16:30,16:45,4811,4693
2017-05-27,16:45,17:00,4535,4402
2017-05-27,17:00,17:15,4233,4089
2017-05-27,17:15,17:30,3912,3760
2017-05-27,17:30,17:45,3570,3414
2017-05-27,17:45,18:00,3217,3054
2017-05-27,18:00,18:15,2851,2689
2017-05-27,18:15,18:30,2486,2324
2017-05-27,18:30,18:45,2113,1964
2017-05-27,18:45,19:00,1782,1619
2017-05-27,19:00,19:15,1468,1299
2017-05-27,19:15,19:30,1184,1010
2017-05-27,19:30,19:45,965,763
2017-05-27,19:45,20:00,771,559
2017-05-27,20:00,20:15,520,394
2017-05-27,20:15,20:30,317,261
2017-05-27,20:30,20:45,171,156
2017-05-27,20:45,21:00,75,78
2017-05-27,21:00,21:15,19,26
2017-05-27,21:15,21:30,4,4
2017-05-27,21:30,21:45,0,0
2017-05-27,21:45,22:00,0,0
2017-05-27,22:00,22:15,0,0
2017-05-27,22:15,22:30,0,0
2017-05-27,22:30,22:45,0,0
2017-05-27,22:45,23:00,0,0
2017-05-27,23:00,23:15,0,0
2017-05-27,23:15,23:30,0,0
2017-05-27,23:30,23:45,0,0
2017-05-27,23:45,00:00,0,0
2017-05-28,00:00,00:15,0,0
2017-05-28,00:15,00:30,0,0
2017-05-28,00:30,00:45,0,0
2017-05-28,00:45,01:00,0,0
2017-05-28,01:00,01:15,0,0
2017-05-28,01:15,01:30,0,0
2017-05-28,01:30,01:45,0,0
2017-05-28,01:45,02:00,0,0
2017-05-28,02:00,02:15,0,0
2017-05-28,02:15,02:30,0,0
2017-05-28,02:30,02:45,0,0
2017-05-28,02:45,03:00,0,0
2017-05-28,03:00,03:15,0,0
2017-05-28,03:15,03:30,0,0
2017-05-28,03:30,03:45,0,0
2017-05-28,03:45,04:00,0,0
2017-05-28,04:00,04:15,0,0
2017-05-28,04:15,04:30,0,0
2017-05-28,04:30,04:45,0,0
2017-05-28,04:45,05:00,0,0
2017-05-28,05:00,05:15,0,0
2017-05-28,05:15,05:30,1,0
2017-05-28,05:30,05:45,10,20
2017-05-28,05:45,06:00,36,90
2017-05-28,06:00,06:15,93,166
2017-05-28,06:15,06:30,177,249
2017-05-28,06:30,06:45,324,347
2017-05-28,06:45,07:00,524,465
2017-05-28,07:00,07:15,729,619
2017-05-28,07:15,07:30,950,797
2017-05-28,07:30,07:45,1201,1011
2017-05-28,07:45,08:00,1477,1267
2017-05-28,08:00,08:15,1776,1553
2017-05-28,08:15,08:30,2085,1862
2017-05-28,08:30,08:45,2411,2208
2017-05-28,08:45,09:00,2732,2556
2017-05-28,09:00,09:15,3042,2937
2017-05-28,09:15,09:30,3326,3283
2017-05-28,09:30,09:45,3602,3546
2017-05-28,09:45,10:00,3865,3691
2017-05-28,10:00,10:15,4104,3842
2017-05-28,10:15,10:30,4336,3967
2017-05-28,10:30,10:45,4539,4082
2017-05-28,10:45,11:00,4728,4098
2017-05-28,11:00,11:15,4896,4198
2017-05-28,11:15,11:30,5047,4314
2017-05-28,11:30,11:45,5193,4406
2017-05-28,11:45,12:00,5316,4596
2017-05-28,12:00,12:15,5417,4798
2017-05-28,12:15,12:30,5496,4971
2017-05-28,12:30,12:45,5550,5127
2017-05-28,12:45,13:00,5567,5229
2017-05-28,13:00,13:15,5562,5352
2017-05-28,13:15,13:30,5565,5461
2017-05-28,13:30,13:45,5538,5510
2017-05-28,13:45,14:00,5489,5559
2017-05-28,14:00,14:15,5427,5550
2017-05-28,14:15,14:30,5343,5526
2017-05-28,14:30,14:45,5246,5469
2017-05-28,14:45,15:00,5135,5381
2017-05-28,15:00,15:15,5003,5276
2017-05-28,15:15,15:30,4844,5131
2017-05-28,15:30,15:45,4666,4938
2017-05-28,15:45,16:00,4458,4704
2017-05-28,16:00,16:15,4231,4425
2017-05-28,16:15,16:30,3997,4097
2017-05-28,16:30,16:45,3747,3804
2017-05-28,16:45,17:00,3486,3522
2017-05-28,17:00,17:15,3217,3231
2017-05-28,17:15,17:30,2943,2912
2017-05-28,17:30,17:45,2660,2601
2017-05-28,17:45,18:00,2370,2307
2017-05-28,18:00,18:15,2082,2058
2017-05-28,18:15,18:30,1796,1766
2017-05-28,18:30,18:45,1522,1473
2017-05-28,18:45,19:00,1274,1242
2017-05-28,19:00,19:15,1047,1054
2017-05-28,19:15,19:30,848,849
2017-05-28,19:30,19:45,695,672
2017-05-28,19:45,20:00,571,527
2017-05-28,20:00,20:15,388,416
2017-05-28,20:15,20:30,238,321
2017-05-28,20:30,20:45,125,225
2017-05-28,20:45,21:00,53,135
2017-05-28,21:00,21:15,15,58
2017-05-28,21:15,21:30,3,12
2017-05-28,21:30,21:45,0,0
2017-05-28,21:45,22:00,0,0
2017-05-28,22:00,22:15,0,0
2017-05-28,22:15,22:30,0,0
2017-05-28,22:30,22:45,0,0
2017-05-28,22:45,23:00,0,0
2017-05-28,23:00,23:15,0,0
2017-05-28,23:15,23:30,0,0
2017-05-28,23:30,23:45,0,0
2017-05-28,23:45,00:00,0,0
2017-05-29,00:00,00:15,0,0
2017-05-29,00:15,00:30,0,0
2017-05-29,00:30,00:45,0,0
2017-05-29,00:45,01:00,0,0
2017-05-29,01:00,01:15,0,0
2017-05-29,01:15,01:30,0,0
2017-05-29,01:30,01:45,0,0
2017-05-29,01:45,02:00,0,0
2017-05-29,02:00,02:15,0,0
2017-05-29,02:15,02:30,0,0
2017-05-29,02:30,02:45,0,0
2017-05-29,02:45,03:00,0,0
2017-05-29,03:00,03:15,0,0
2017-05-29,03:15,03:30,0,0
2017-05-29,03:30,03:45,0,0
2017-05-29,03:45,04:00,0,0
2017-05-29,04:00,04:15,0,0
2017-05-29,04:15,04:30,0,0
2017-05-29,04:30,04:45,0,0
2017-05-29,04:45,05:00,0,0
2017-05-29,05:00,05:15,0,0
2017-05-29,05:15,05:30,1,0
2017-05-29,05:30,05:45,10,16
2017-05-29,05:45,06:00,38,76
2017-05-29,06:00,06:15,95,163
2017-05-29,06:15,06:30,177,271
2017-05-29,06:30,06:45,319,403
2017-05-29,06:45,07:00,510,571
2017-05-29,07:00,07:15,708,785
2017-05-29,07:15,07:30,925,1016
2017-05-29,07:30,07:45,1181,1276
2017-05-29,07:45,08:00,1463,1545
2017-05-29,08:00,08:15,1771,1826
2017-05-29,08:15,08:30,2085,2149
2017-05-29,08:30,08:45,2423,2472
2017-05-29,08:45,09:00,2748,2810
2017-05-29,09:00,09:15,3061,3185
2017-05-29,09:15,09:30,3361,3523
2017-05-29,09:30,09:45,3662,3831
2017-05-29,09:45,10:00,3940,4121
2017-05-29,10:00,10:15,4193,4390
2017-05-29,10:15,10:30,4445,4611
2017-05-29,10:30,10:45,4674,4831
2017-05-29,10:45,11:00,4890,5051
2017-05-29,11:00,11:15,5085,5240
2017-05-29,11:15,11:30,5268,5437
2017-05-29,11:30,11:45,5445,5612
2017-05-29,11:45,12:00,5604,5744
2017-05-29,12:00,12:15,5743,5849
2017-05-29,12:15,12:30,5843,5935
2017-05-29,12:30,12:45,5918,5997
2017-05-29,12:45,13:00,5957,6048
2017-05-29,13:00,13:15,5972,6075
2017-05-29,13:15,13:30,5978,6082
2017-05-29,13:30,13:45,5964,6058
2017-05-29,13:45,14:00,5930,6014
2017-05-29,14:00,14:15,5874,5959
2017-05-29,14:15,14:30,5800,5888
2017-05-29,14:30,14:45,5708,5789
2017-05-29,14:45,15:00,5595,5679
2017-05-29,15:00,15:15,5463,5527
2017-05-29,15:15,15:30,5317,5384
2017-05-29,15:30,15:45,5147,5209
2017-05-29,15:45,16:00,4951,5015
2017-05-29,16:00,16:15,4734,4807
2017-05-29,16:15,16:30,4506,4555
2017-05-29,16:30,16:45,4261,4266
2017-05-29,16:45,17:00,4001,3999
2017-05-29,17:00,17:15,3724,3663
2017-05-29,17:15,17:30,3431,3345
2017-05-29,17:30,17:45,3122,3014
2017-05-29,17:45,18:00,2807,2664
2017-05-29,18:00,18:15,2489,2298
2017-05-29,18:15,18:30,2172,1942
2017-05-29,18:30,18:45,1854,1591
2017-05-29,18:45,19:00,1560,1283
2017-05-29,19:00,19:15,1286,1045
2017-05-29,19:15,19:30,1047,831
2017-05-29,19:30,19:45,843,643
2017-05-29,19:45,20:00,695,488
2017-05-29,20:00,20:15,472,357
2017-05-29,20:15,20:30,293,243
2017-05-29,20:30,20:45,150,152
2017-05-29,20:45,21:00,65,82
2017-05-29,21:00,21:15,20,30
2017-05-29,21:15,21:30,5,5
2017-05-29,21:30,21:45,0,0
2017-05-29,21:45,22:00,0,0
2017-05-29,22:00,22:15,0,0
2017-05-29,22:15,22:30,0,0
2017-05-29,22:30,22:45,0,0
2017-05-29,22:45,23:00,0,0
2017-05-29,23:00,23:15,0,0
2017-05-29,23:15,23:30,0,0
2017-05-29,23:30,23:45,0,0
2017-05-29,23:45,00:00,0,0
2017-05-30,00:00,00:15,0,0
2017-05-30,00:15,00:30,0,0
2017-05-30,00:30,00:45,0,0
2017-05-30,00:45,01:00,0,0
2017-05-30,01:00,01:15,0,0
2017-05-30,01:15,01:30,0,0
2017-05-30,01:30,01:45,0,0
2017-05-30,01:45,02:00,0,0
2017-05-30,02:00,02:15,0,0
2017-05-30,02:15,02:30,0,0
2017-05-30,02:30,02:45,0,0
2017-05-30,02:45,03:00,0,0
2017-05-30,03:00,03:15,0,0
2017-05-30,03:15,03:30,0,0
2017-05-30,03:30,03:45,0,0
2017-05-30,03:45,04:00,0,0
2017-05-30,04:00,04:15,0,0
2017-05-30,04:15,04:30,0,0
2017-05-30,04:30,04:45,0,0
2017-05-30,04:45,05:00,0,0
2017-05-30,05:00,05:15,0,0
2017-05-30,05:15,05:30,1,0
2017-05-30,05:30,05:45,11,10
2017-05-30,05:45,06:00,40,59
2017-05-30,06:00,06:15,99,143
2017-05-30,06:15,06:30,187,255
2017-05-30,06:30,06:45,334,382
2017-05-30,06:45,07:00,521,526
2017-05-30,07:00,07:15,702,704
2017-05-30,07:15,07:30,897,915
2017-05-30,07:30,07:45,1124,1145
2017-05-30,07:45,08:00,1371,1391
2017-05-30,08:00,08:15,1643,1646
2017-05-30,08:15,08:30,1928,1906
2017-05-30,08:30,08:45,2229,2184
2017-05-30,08:45,09:00,2521,2469
2017-05-30,09:00,09:15,2801,2753
2017-05-30,09:15,09:30,3058,3040
2017-05-30,09:30,09:45,3308,3340
2017-05-30,09:45,10:00,3538,3544
2017-05-30,10:00,10:15,3745,3723
2017-05-30,10:15,10:30,3944,3948
2017-05-30,10:30,10:45,4126,4133
2017-05-30,10:45,11:00,4293,4308
2017-05-30,11:00,11:15,4436,4456
2017-05-30,11:15,11:30,4551,4519
2017-05-30,11:30,11:45,4655,4641
2017-05-30,11:45,12:00,4741,4696
2017-05-30,12:00,12:15,4812,4691
2017-05-30,12:15,12:30,4867,4644
2017-05-30,12:30,12:45,4907,4589
2017-05-30,12:45,13:00,4919,4503
2017-05-30,13:00,13:15,4924,4330
2017-05-30,13:15,13:30,4947,4271
2017-05-30,13:30,13:45,4953,4170
2017-05-30,13:45,14:00,4947,4180
2017-05-30,14:00,14:15,4923,4162
2017-05-30,14:15,14:30,4876,4136
2017-05-30,14:30,14:45,4810,4044
2017-05-30,14:45,15:00,4725,3913
2017-05-30,15:00,15:15,4618,3746
2017-05-30,15:15,15:30,4486,3715
2017-05-30,15:30,15:45,4333,3555
2017-05-30,15:45,16:00,4157,3427
2017-05-30,16:00,16:15,3967,3317
2017-05-30,16:15,16:30,3766,3152
2017-05-30,16:30,16:45,3547,2961
2017-05-30,16:45,17:00,3313,2751
2017-05-30,17:00,17:15,3071,2612
2017-05-30,17:15,17:30,2822,2424
2017-05-30,17:30,17:45,2567,2247
2017-05-30,17:45,18:00,2314,2101
2017-05-30,18:00,18:15,2060,1915
2017-05-30,18:15,18:30,1806,1707
2017-05-30,18:30,18:45,1554,1491
2017-05-30,18:45,19:00,1318,1284
2017-05-30,19:00,19:15,1097,1090
2017-05-30,19:15,19:30,905,914
2017-05-30,19:30,19:45,740,737
2017-05-30,19:45,20:00,607,582
2017-05-30,20:00,20:15,409,432
2017-05-30,20:15,20:30,255,304
2017-05-30,20:30,20:45,130,198
2017-05-30,20:45,21:00,55,109
2017-05-30,21:00,21:15,17,41
2017-05-30,21:15,21:30,4,7
2017-05-30,21:30,21:45,0,0
2017-05-30,21:45,22:00,0,0
2017-05-30,22:00,22:15,0,0
2017-05-30,22:15,22:30,0,0
2017-05-30,22:30,22:45,0,0
2017-05-30,22:45,23:00,0,0
2017-05-30,23:00,23:15,0,0
2017-05-30,23:15,23:30,0,0
2017-05-30,23:30,23:45,0,0
2017-05-30,23:45,00:00,0,0
2017-05-31,00:00,00:15,0,0
2017-05-31,00:15,00:30,0,0
2017-05-31,00:30,00:45,0,0
2017-05-31,00:45,01:00,0,0
2017-05-31,01:00,01:15,0,0
2017-05-31,01:15,01:30,0,0
2017-05-31,01:30,01:45,0,0
2017-05-31,01:45,02:00,0,0
2017-05-31,02:00,02:15,0,0
2017-05-31,02:15,02:30,0,0
2017-05-31,02:30,02:45,0,0
2017-05-31,02:45,03:00,0,0
2017-05-31,03:00,03:15,0,0
2017-05-31,03:15,03:30,0,0
2017-05-31,03:30,03:45,0,0
2017-05-31,03:45,04:00,0,0
2017-05-31,04:00,04:15,0,0
2017-05-31,04:15,04:30,0,0
2017-05-31,04:30,04:45,0,0
2017-05-31,04:45,05:00,0,0
2017-05-31,05:00,05:15,0,0
2017-05-31,05:15,05:30,1,0
2017-05-31,05:30,05:45,12,17
2017-05-31,05:45,06:00,42,78
2017-05-31,06:00,06:15,103,165
2017-05-31,06:15,06:30,181,279
2017-05-31,06:30,06:45,299,419
2017-05-31,06:45,07:00,467,591
2017-05-31,07:00,07:15,635,797
2017-05-31,07:15,07:30,831,1026
2017-05-31,07:30,07:45,1068,1298
2017-05-31,07:45,08:00,1298,1580
2017-05-31,08:00,08:15,1560,1899
2017-05-31,08:15,08:30,1833,2231
2017-05-31,08:30,08:45,2131,2544
2017-05-31,08:45,09:00,2416,2869
2017-05-31,09:00,09:15,2689,3179
2017-05-31,09:15,09:30,2940,3442
2017-05-31,09:30,09:45,3187,3702
2017-05-31,09:45,10:00,3413,3914
2017-05-31,10:00,10:15,3622,4128
2017-05-31,10:15,10:30,3838,4281
2017-05-31,10:30,10:45,4041,4404
2017-05-31,10:45,11:00,4225,4592
2017-05-31,11:00,11:15,4380,4673
2017-05-31,11:15,11:30,4512,4760
2017-05-31,11:30,11:45,4634,4842
2017-05-31,11:45,12:00,4738,4879
2017-05-31,12:00,12:15,4830,4948
2017-05-31,12:15,12:30,4909,5027
2017-05-31,12:30,12:45,4982,5039
2017-05-31,12:45,13:00,5037,5006
2017-05-31,13:00,13:15,5073,5090
2017-05-31,13:15,13:30,5091,5048
2017-05-31,13:30,13:45,5087,5018
2017-05-31,13:45,14:00,5071,5012
2017-05-31,14:00,14:15,5045,4959
2017-05-31,14:15,14:30,5006,4931
2017-05-31,14:30,14:45,4954,4830
2017-05-31,14:45,15:00,4882,4772
2017-05-31,15:00,15:15,4790,4704
2017-05-31,15:15,15:30,4676,4594
2017-05-31,15:30,15:45,4542,4449
2017-05-31,15:45,16:00,4382,4277
2017-05-31,16:00,16:15,4212,4089
2017-05-31,16:15,16:30,4030,3869
2017-05-31,16:30,16:45,3837,3671
2017-05-31,16:45,17:00,3624,3419
2017-05-31,17:00,17:15,3395,3223
2017-05-31,17:15,17:30,3150,3040
2017-05-31,17:30,17:45,2884,2779
2017-05-31,17:45,18:00,2610,2526
2017-05-31,18:00,18:15,2331,2275
2017-05-31,18:15,18:30,2051,2006
2017-05-31,18:30,18:45,1759,1753
2017-05-31,18:45,19:00,1485,1510
2017-05-31,19:00,19:15,1229,1248
2017-05-31,19:15,19:30,1003,1011
2017-05-31,19:30,19:45,815,799
2017-05-31,19:45,20:00,665,610
2017-05-31,20:00,20:15,452,460
2017-05-31,20:15,20:30,285,327
2017-05-31,20:30,20:45,154,214
2017-05-31,20:45,21:00,70,121
2017-05-31,21:00,21:15,23,55
2017-05-31,21:15,21:30,6,19
2017-05-31,21:30,21:45,1,3
2017-05-31,21:45,22:00,0,0
2017-05-31,22:00,22:15,0,0
2017-05-31,22:15,22:30,0,0
2017-05-31,22:30,22:45,0,0
2017-05-31,22:45,23:00,0,0
2017-05-31,23:00,23:15,0,0
2017-05-31,23:15,23:30,0,0
2017-05-31,23:30,23:45,0,0
2017-05-31,23:45,00:00,0,0
