date,time_from,time_to,demand
2017-08-01,00:00,00:15,17877
2017-08-01,00:15,00:30,17703
2017-08-01,00:30,00:45,17512
2017-08-01,00:45,01:00,17332
2017-08-01,01:00,01:15,17150
2017-08-01,01:15,01:30,17094
2017-08-01,01:30,01:45,16972
2017-08-01,01:45,02:00,16880
2017-08-01,02:00,02:15,16728
2017-08-01,02:15,02:30,16698
2017-08-01,02:30,02:45,16718
2017-08-01,02:45,03:00,16752
2017-08-01,03:00,03:15,16785
2017-08-01,03:15,03:30,16829
2017-08-01,03:30,03:45,16863
2017-08-01,03:45,04:00,16880
2017-08-01,04:00,04:15,16935
2017-08-01,04:15,04:30,17055
2017-08-01,04:30,04:45,17170
2017-08-01,04:45,05:00,17307
2017-08-01,05:00,05:15,17695
2017-08-01,05:15,05:30,17945
2017-08-01,05:30,05:45,18273
2017-08-01,05:45,06:00,18639
2017-08-01,06:00,06:15,19605
2017-08-01,06:15,06:30,20283
2017-08-01,06:30,06:45,20815
2017-08-01,06:45,07:00,21347
2017-08-01,07:00,07:15,21981
2017-08-01,07:15,07:30,22423
2017-08-01,07:30,07:45,22830
2017-08-01,07:45,08:00,23173
2017-08-01,08:00,08:15,23537
2017-08-01,08:15,08:30,23773
2017-08-01,08:30,08:45,23995
2017-08-01,08:45,09:00,24095
2017-08-01,09:00,09:15,24063
2017-08-01,09:15,09:30,24156
2017-08-01,09:30,09:45,24323
2017-08-01,09:45,10:00,24402
2017-08-01,10:00,10:15,24543
2017-08-01,10:15,10:30,24619
2017-08-01,10:30,10:45,24791
2017-08-01,10:45,11:00,24898
2017-08-01,11:00,11:15,24961
2017-08-01,11:15,11:30,25096
2017-08-01,11:30,11:45,25251
2017-08-01,11:45,12:00,25310
2017-08-01,12:00,12:15,25218
2017-08-01,12:15,12:30,25226
2017-08-01,12:30,12:45,25290
2017-08-01,12:45,13:00,25326
2017-08-01,13:00,13:15,25253
2017-08-01,13:15,13:30,25148
2017-08-01,13:30,13:45,24954
2017-08-01,13:45,14:00,24720
2017-08-01,14:00,14:15,24562
2017-08-01,14:15,14:30,24513
2017-08-01,14:30,14:45,24434
2017-08-01,14:45,15:00,24248
2017-08-01,15:00,15:15,24228
2017-08-01,15:15,15:30,24101
2017-08-01,15:30,15:45,24003
2017-08-01,15:45,16:00,23845
2017-08-01,16:00,16:15,23764
2017-08-01,16:15,16:30,23653
2017-08-01,16:30,16:45,23553
2017-08-01,16:45,17:00,23472
2017-08-01,17:00,17:15,23335
2017-08-01,17:15,17:30,23297
2017-08-01,17:30,17:45,23287
2017-08-01,17:45,18:00,23248
2017-08-01,18:00,18:15,23059
2017-08-01,18:15,18:30,22968
2017-08-01,18:30,18:45,22962
2017-08-01,18:45,19:00,22928
2017-08-01,19:00,19:15,22858
2017-08-01,19:15,19:30,22725
2017-08-01,19:30,19:45,22598
2017-08-01,19:45,20:00,22401
2017-08-01,20:00,20:15,22138
2017-08-01,20:15,20:30,21885
2017-08-01,20:30,20:45,21667
2017-08-01,20:45,21:00,21436
2017-08-01,21:00,21:15,21334
2017-08-01,21:15,21:30,21305
2017-08-01,21:30,21:45,21179
2017-08-01,21:45,22:00,20860
2017-08-01,22:00,22:15,20528
2017-08-01,22:15,22:30,20214
2017-08-01,22:30,22:45,19866
2017-08-01,22:45,23:00,19471
2017-08-01,23:00,23:15,19068
2017-08-01,23:15,23:30,18802
2017-08-01,23:30,23:45,18510
2017-08-01,23:45,00:00,18320
2017-08-02,00:00,00:15,17913
2017-08-02,00:15,00:30,17768
2017-08-02,00:30,00:45,17577
2017-08-02,00:45,01:00,17397
2017-08-02,01:00,01:15,17225
2017-08-02,01:15,01:30,17156
2017-08-02,01:30,01:45,17040
2017-08-02,01:45,02:00,16941
2017-08-02,02:00,02:15,16765
2017-08-02,02:15,02:30,16751
2017-08-02,02:30,02:45,16756
2017-08-02,02:45,03:00,16792
2017-08-02,03:00,03:15,16824
2017-08-02,03:15,03:30,16865
2017-08-02,03:30,03:45,16890
2017-08-02,03:45,04:00,16904
2017-08-02,04:00,04:15,16986
2017-08-02,04:15,04:30,17112
2017-08-02,04:30,04:45,17228
2017-08-02,04:45,05:00,17354
2017-08-02,05:00,05:15,17760
2017-08-02,05:15,05:30,18002
2017-08-02,05:30,05:45,18319
2017-08-02,05:45,06:00,18662
2017-08-02,06:00,06:15,19593
2017-08-02,06:15,06:30,20274
2017-08-02,06:30,06:45,20800
2017-08-02,06:45,07:00,21331
2017-08-02,07:00,07:15,21924
2017-08-02,07:15,07:30,22348
2017-08-02,07:30,07:45,22746
2017-08-02,07:45,08:00,23089
2017-08-02,08:00,08:15,23426
2017-08-02,08:15,08:30,23670
2017-08-02,08:30,08:45,23878
2017-08-02,08:45,09:00,23948
2017-08-02,09:00,09:15,23899
2017-08-02,09:15,09:30,23989
2017-08-02,09:30,09:45,24126
2017-08-02,09:45,10:00,24193
2017-08-02,10:00,10:15,24331
2017-08-02,10:15,10:30,24382
2017-08-02,10:30,10:45,24535
2017-08-02,10:45,11:00,24643
2017-08-02,11:00,11:15,24713
2017-08-02,11:15,11:30,24831
2017-08-02,11:30,11:45,24961
2017-08-02,11:45,12:00,25032
2017-08-02,12:00,12:15,24923
2017-08-02,12:15,12:30,24912
2017-08-02,12:30,12:45,24963
2017-08-02,12:45,13:00,24984
2017-08-02,13:00,13:15,24922
2017-08-02,13:15,13:30,24825
2017-08-02,13:30,13:45,24662
2017-08-02,13:45,14:00,24425
2017-08-02,14:00,14:15,24276
2017-08-02,14:15,14:30,24250
2017-08-02,14:30,14:45,24160
2017-08-02,14:45,15:00,23979
2017-08-02,15:00,15:15,23974
2017-08-02,15:15,15:30,23849
2017-08-02,15:30,15:45,23717
2017-08-02,15:45,16:00,23584
2017-08-02,16:00,16:15,23526
2017-08-02,16:15,16:30,23410
2017-08-02,16:30,16:45,23280
2017-08-02,16:45,17:00,23238
2017-08-02,17:00,17:15,23082
2017-08-02,17:15,17:30,23054
2017-08-02,17:30,17:45,23047
2017-08-02,17:45,18:00,23004
2017-08-02,18:00,18:15,22839
2017-08-02,18:15,18:30,22771
2017-08-02,18:30,18:45,22799
2017-08-02,18:45,19:00,22768
2017-08-02,19:00,19:15,22723
2017-08-02,19:15,19:30,22589
2017-08-02,19:30,19:45,22483
2017-08-02,19:45,20:00,22303
2017-08-02,20:00,20:15,22026
2017-08-02,20:15,20:30,21770
2017-08-02,20:30,20:45,21547
2017-08-02,20:45,21:00,21341
2017-08-02,21:00,21:15,21232
2017-08-02,21:15,21:30,21217
2017-08-02,21:30,21:45,21157
2017-08-02,21:45,22:00,20881
2017-08-02,22:00,22:15,20554
2017-08-02,22:15,22:30,20265
2017-08-02,22:30,22:45,19924
2017-08-02,22:45,23:00,19560
2017-08-02,23:00,23:15,19149
2017-08-02,23:15,23:30,18874
2017-08-02,23:30,23:45,18574
2017-08-02,23:45,00:00,18358
2017-08-03,00:00,00:15,18298
2017-08-03,00:15,00:30,18132
2017-08-03,00:30,00:45,17936
2017-08-03,00:45,01:00,17745
2017-08-03,01:00,01:15,17559
2017-08-03,01:15,01:30,17502
2017-08-03,01:30,01:45,17397
2017-08-03,01:45,02:00,17293
2017-08-03,02:00,02:15,17142
2017-08-03,02:15,02:30,17132
2017-08-03,02:30,02:45,17128
2017-08-03,02:45,03:00,17157
2017-08-03,03:00,03:15,17203
2017-08-03,03:15,03:30,17241
2017-08-03,03:30,03:45,17252
2017-08-03,03:45,04:00,17257
2017-08-03,04:00,04:15,17356
2017-08-03,04:15,04:30,17495
2017-08-03,04:30,04:45,17619
2017-08-03,04:45,05:00,17747
2017-08-03,05:00,05:15,18140
2017-08-03,05:15,05:30,18410
2017-08-03,05:30,05:45,18739
2017-08-03,05:45,06:00,19082
2017-08-03,06:00,06:15,19971
2017-08-03,06:15,06:30,20651
2017-08-03,06:30,06:45,21180
2017-08-03,06:45,07:00,21708
2017-08-03,07:00,07:15,22309
2017-08-03,07:15,07:30,22741
2017-08-03,07:30,07:45,23145
2017-08-03,07:45,08:00,23488
2017-08-03,08:00,08:15,23851
2017-08-03,08:15,08:30,24084
2017-08-03,08:30,08:45,24289
2017-08-03,08:45,09:00,24377
2017-08-03,09:00,09:15,24381
2017-08-03,09:15,09:30,24506
2017-08-03,09:30,09:45,24653
2017-08-03,09:45,10:00,24721
2017-08-03,10:00,10:15,24814
2017-08-03,10:15,10:30,24876
2017-08-03,10:30,10:45,25010
2017-08-03,10:45,11:00,25114
2017-08-03,11:00,11:15,25191
2017-08-03,11:15,11:30,25308
2017-08-03,11:30,11:45,25452
2017-08-03,11:45,12:00,25528
2017-08-03,12:00,12:15,25446
2017-08-03,12:15,12:30,25465
2017-08-03,12:30,12:45,25497
2017-08-03,12:45,13:00,25526
2017-08-03,13:00,13:15,25477
2017-08-03,13:15,13:30,25371
2017-08-03,13:30,13:45,25179
2017-08-03,13:45,14:00,24938
2017-08-03,14:00,14:15,24825
2017-08-03,14:15,14:30,24811
2017-08-03,14:30,14:45,24693
2017-08-03,14:45,15:00,24500
2017-08-03,15:00,15:15,24493
2017-08-03,15:15,15:30,24360
2017-08-03,15:30,15:45,24245
2017-08-03,15:45,16:00,24083
2017-08-03,16:00,16:15,23998
2017-08-03,16:15,16:30,23876
2017-08-03,16:30,16:45,23741
2017-08-03,16:45,17:00,23678
2017-08-03,17:00,17:15,23543
2017-08-03,17:15,17:30,23493
2017-08-03,17:30,17:45,23452
2017-08-03,17:45,18:00,23396
2017-08-03,18:00,18:15,23177
2017-08-03,18:15,18:30,23106
2017-08-03,18:30,18:45,23131
2017-08-03,18:45,19:00,23082
2017-08-03,19:00,19:15,23021
2017-08-03,19:15,19:30,22890
2017-08-03,19:30,19:45,22793
2017-08-03,19:45,20:00,22620
2017-08-03,20:00,20:15,22347
2017-08-03,20:15,20:30,22100
2017-08-03,20:30,20:45,21876
2017-08-03,20:45,21:00,21644
2017-08-03,21:00,21:15,21554
2017-08-03,21:15,21:30,21553
2017-08-03,21:30,21:45,21456
2017-08-03,21:45,22:00,21197
2017-08-03,22:00,22:15,20878
2017-08-03,22:15,22:30,20576
2017-08-03,22:30,22:45,20224
2017-08-03,22:45,23:00,19852
2017-08-03,23:00,23:15,19455
2017-08-03,23:15,23:30,19178
2017-08-03,23:30,23:45,18900
2017-08-03,23:45,00:00,18679
2017-08-04,00:00,00:15,18364
2017-08-04,00:15,00:30,18206
2017-08-04,00:30,00:45,18004
2017-08-04,00:45,01:00,17797
2017-08-04,01:00,01:15,17606
2017-08-04,01:15,01:30,17554
2017-08-04,01:30,01:45,17424
2017-08-04,01:45,02:00,17338
2017-08-04,02:00,02:15,17172
2017-08-04,02:15,02:30,17156
2017-08-04,02:30,02:45,17145
2017-08-04,02:45,03:00,17159
2017-08-04,03:00,03:15,17198
2017-08-04,03:15,03:30,17234
2017-08-04,03:30,03:45,17254
2017-08-04,03:45,04:00,17252
2017-08-04,04:00,04:15,17337
2017-08-04,04:15,04:30,17477
2017-08-04,04:30,04:45,17592
2017-08-04,04:45,05:00,17711
2017-08-04,05:00,05:15,18101
2017-08-04,05:15,05:30,18354
2017-08-04,05:30,05:45,18685
2017-08-04,05:45,06:00,19053
2017-08-04,06:00,06:15,19920
2017-08-04,06:15,06:30,20585
2017-08-04,06:30,06:45,21114
2017-08-04,06:45,07:00,21648
2017-08-04,07:00,07:15,22260
2017-08-04,07:15,07:30,22689
2017-08-04,07:30,07:45,23105
2017-08-04,07:45,08:00,23458
2017-08-04,08:00,08:15,23857
2017-08-04,08:15,08:30,24118
2017-08-04,08:30,08:45,24346
2017-08-04,08:45,09:00,24451
2017-08-04,09:00,09:15,24467
2017-08-04,09:15,09:30,24580
2017-08-04,09:30,09:45,24724
2017-08-04,09:45,10:00,24788
2017-08-04,10:00,10:15,24908
2017-08-04,10:15,10:30,24976
2017-08-04,10:30,10:45,25131
2017-08-04,10:45,11:00,25230
2017-08-04,11:00,11:15,25267
2017-08-04,11:15,11:30,25339
2017-08-04,11:30,11:45,25460
2017-08-04,11:45,12:00,25508
2017-08-04,12:00,12:15,25431
2017-08-04,12:15,12:30,25407
2017-08-04,12:30,12:45,25390
2017-08-04,12:45,13:00,25367
2017-08-04,13:00,13:15,25181
2017-08-04,13:15,13:30,25006
2017-08-04,13:30,13:45,24774
2017-08-04,13:45,14:00,24531
2017-08-04,14:00,14:15,24354
2017-08-04,14:15,14:30,24311
2017-08-04,14:30,14:45,24174
2017-08-04,14:45,15:00,23961
2017-08-04,15:00,15:15,23906
2017-08-04,15:15,15:30,23787
2017-08-04,15:30,15:45,23676
2017-08-04,15:45,16:00,23530
2017-08-04,16:00,16:15,23490
2017-08-04,16:15,16:30,23409
2017-08-04,16:30,16:45,23314
2017-08-04,16:45,17:00,23265
2017-08-04,17:00,17:15,23139
2017-08-04,17:15,17:30,23082
2017-08-04,17:30,17:45,22992
2017-08-04,17:45,18:00,22924
2017-08-04,18:00,18:15,22701
2017-08-04,18:15,18:30,22584
2017-08-04,18:30,18:45,22561
2017-08-04,18:45,19:00,22454
2017-08-04,19:00,19:15,22334
2017-08-04,19:15,19:30,22174
2017-08-04,19:30,19:45,22053
2017-08-04,19:45,20:00,21873
2017-08-04,20:00,20:15,21551
2017-08-04,20:15,20:30,21316
2017-08-04,20:30,20:45,21113
2017-08-04,20:45,21:00,20882
2017-08-04,21:00,21:15,20782
2017-08-04,21:15,21:30,20811
2017-08-04,21:30,21:45,20742
2017-08-04,21:45,22:00,20489
2017-08-04,22:00,22:15,20198
2017-08-04,22:15,22:30,19945
2017-08-04,22:30,22:45,19665
2017-08-04,22:45,23:00,19349
2017-08-04,23:00,23:15,19012
2017-08-04,23:15,23:30,18768
2017-08-04,23:30,23:45,18508
2017-08-04,23:45,00:00,18284
2017-08-05,00:00,00:15,17840
2017-08-05,00:15,00:30,17672
2017-08-05,00:30,00:45,17510
2017-08-05,00:45,01:00,17329
2017-08-05,01:00,01:15,17119
2017-08-05,01:15,01:30,17015
2017-08-05,01:30,01:45,16874
2017-08-05,01:45,02:00,16731
2017-08-05,02:00,02:15,16559
2017-08-05,02:15,02:30,16489
2017-08-05,02:30,02:45,16460
2017-08-05,02:45,03:00,16440
2017-08-05,03:00,03:15,16379
2017-08-05,03:15,03:30,16364
2017-08-05,03:30,03:45,16327
2017-08-05,03:45,04:00,16296
2017-08-05,04:00,04:15,16278
2017-08-05,04:15,04:30,16300
2017-08-05,04:30,04:45,16301
2017-08-05,04:45,05:00,16318
2017-08-05,05:00,05:15,16381
2017-08-05,05:15,05:30,16384
2017-08-05,05:30,05:45,16321
2017-08-05,05:45,06:00,16295
2017-08-05,06:00,06:15,16335
2017-08-05,06:15,06:30,16420
2017-08-05,06:30,06:45,16524
2017-08-05,06:45,07:00,16738
2017-08-05,07:00,07:15,17030
2017-08-05,07:15,07:30,17375
2017-08-05,07:30,07:45,17816
2017-08-05,07:45,08:00,18246
2017-08-05,08:00,08:15,18736
2017-08-05,08:15,08:30,19116
2017-08-05,08:30,08:45,19540
2017-08-05,08:45,09:00,19877
2017-08-05,09:00,09:15,20240
2017-08-05,09:15,09:30,20446
2017-08-05,09:30,09:45,20715
2017-08-05,09:45,10:00,20907
2017-08-05,10:00,10:15,21086
2017-08-05,10:15,10:30,21196
2017-08-05,10:30,10:45,21326
2017-08-05,10:45,11:00,21387
2017-08-05,11:00,11:15,21406
2017-08-05,11:15,11:30,21482
2017-08-05,11:30,11:45,21566
2017-08-05,11:45,12:00,21552
2017-08-05,12:00,12:15,21499
2017-08-05,12:15,12:30,21451
2017-08-05,12:30,12:45,21405
2017-08-05,12:45,13:00,21311
2017-08-05,13:00,13:15,21078
2017-08-05,13:15,13:30,20927
2017-08-05,13:30,13:45,20732
2017-08-05,13:45,14:00,20487
2017-08-05,14:00,14:15,20282
2017-08-05,14:15,14:30,20191
2017-08-05,14:30,14:45,20086
2017-08-05,14:45,15:00,19917
2017-08-05,15:00,15:15,19882
2017-08-05,15:15,15:30,19824
2017-08-05,15:30,15:45,19771
2017-08-05,15:45,16:00,19680
2017-08-05,16:00,16:15,19704
2017-08-05,16:15,16:30,19665
2017-08-05,16:30,16:45,19641
2017-08-05,16:45,17:00,19633
2017-08-05,17:00,17:15,19662
2017-08-05,17:15,17:30,19652
2017-08-05,17:30,17:45,19682
2017-08-05,17:45,18:00,19696
2017-08-05,18:00,18:15,19707
2017-08-05,18:15,18:30,19613
2017-08-05,18:30,18:45,19604
2017-08-05,18:45,19:00,19529
2017-08-05,19:00,19:15,19523
2017-08-05,19:15,19:30,19446
2017-08-05,19:30,19:45,19359
2017-08-05,19:45,20:00,19168
2017-08-05,20:00,20:15,18915
2017-08-05,20:15,20:30,18639
2017-08-05,20:30,20:45,18401
2017-08-05,20:45,21:00,18221
2017-08-05,21:00,21:15,18130
2017-08-05,21:15,21:30,18105
2017-08-05,21:30,21:45,18122
2017-08-05,21:45,22:00,18114
2017-08-05,22:00,22:15,18092
2017-08-05,22:15,22:30,17889
2017-08-05,22:30,22:45,17660
2017-08-05,22:45,23:00,17442
2017-08-05,23:00,23:15,17188
2017-08-05,23:15,23:30,17015
2017-08-05,23:30,23:45,16835
2017-08-05,23:45,00:00,16645
2017-08-06,00:00,00:15,16139
2017-08-06,00:15,00:30,15978
2017-08-06,00:30,00:45,15822
2017-08-06,00:45,01:00,15638
2017-08-06,01:00,01:15,15438
2017-08-06,01:15,01:30,15344
2017-08-06,01:30,01:45,15204
2017-08-06,01:45,02:00,15093
2017-08-06,02:00,02:15,14935
2017-08-06,02:15,02:30,14905
2017-08-06,02:30,02:45,14860
2017-08-06,02:45,03:00,14834
2017-08-06,03:00,03:15,14778
2017-08-06,03:15,03:30,14773
2017-08-06,03:30,03:45,14740
2017-08-06,03:45,04:00,14694
2017-08-06,04:00,04:15,14656
2017-08-06,04:15,04:30,14674
2017-08-06,04:30,04:45,14687
2017-08-06,04:45,05:00,14655
2017-08-06,05:00,05:15,14657
2017-08-06,05:15,05:30,14622
2017-08-06,05:30,05:45,14503
2017-08-06,05:45,06:00,14390
2017-08-06,06:00,06:15,14135
2017-08-06,06:15,06:30,14064
2017-08-06,06:30,06:45,14033
2017-08-06,06:45,07:00,14132
2017-08-06,07:00,07:15,14209
2017-08-06,07:15,07:30,14460
2017-08-06,07:30,07:45,14829
2017-08-06,07:45,08:00,15177
2017-08-06,08:00,08:15,15535
2017-08-06,08:15,08:30,15910
2017-08-06,08:30,08:45,16340
2017-08-06,08:45,09:00,16702
2017-08-06,09:00,09:15,17126
2017-08-06,09:15,09:30,17388
2017-08-06,09:30,09:45,17676
2017-08-06,09:45,10:00,17913
2017-08-06,10:00,10:15,18186
2017-08-06,10:15,10:30,18376
2017-08-06,10:30,10:45,18595
2017-08-06,10:45,11:00,18760
2017-08-06,11:00,11:15,18955
2017-08-06,11:15,11:30,19176
2017-08-06,11:30,11:45,19396
2017-08-06,11:45,12:00,19494
2017-08-06,12:00,12:15,19573
2017-08-06,12:15,12:30,19567
2017-08-06,12:30,12:45,19497
2017-08-06,12:45,13:00,19360
2017-08-06,13:00,13:15,19126
2017-08-06,13:15,13:30,18968
2017-08-06,13:30,13:45,18761
2017-08-06,13:45,14:00,18550
2017-08-06,14:00,14:15,18381
2017-08-06,14:15,14:30,18324
2017-08-06,14:30,14:45,18192
2017-08-06,14:45,15:00,18009
2017-08-06,15:00,15:15,17981
2017-08-06,15:15,15:30,17928
2017-08-06,15:30,15:45,17878
2017-08-06,15:45,16:00,17809
2017-08-06,16:00,16:15,17860
2017-08-06,16:15,16:30,17822
2017-08-06,16:30,16:45,17854
2017-08-06,16:45,17:00,17878
2017-08-06,17:00,17:15,17957
2017-08-06,17:15,17:30,18012
2017-08-06,17:30,17:45,18078
2017-08-06,17:45,18:00,18138
2017-08-06,18:00,18:15,18295
2017-08-06,18:15,18:30,18306
2017-08-06,18:30,18:45,18341
2017-08-06,18:45,19:00,18296
2017-08-06,19:00,19:15,18318
2017-08-06,19:15,19:30,18320
2017-08-06,19:30,19:45,18367
2017-08-06,19:45,20:00,18282
2017-08-06,20:00,20:15,18259
2017-08-06,20:15,20:30,18113
2017-08-06,20:30,20:45,17926
2017-08-06,20:45,21:00,17782
2017-08-06,21:00,21:15,17815
2017-08-06,21:15,21:30,17863
2017-08-06,21:30,21:45,17952
2017-08-06,21:45,22:00,18081
2017-08-06,22:00,22:15,18153
2017-08-06,22:15,22:30,17950
2017-08-06,22:30,22:45,17694
2017-08-06,22:45,23:00,17411
2017-08-06,23:00,23:15,17164
2017-08-06,23:15,23:30,16956
2017-08-06,23:30,23:45,16750
2017-08-06,23:45,00:00,16562
2017-08-07,00:00,00:15,16262
2017-08-07,00:15,00:30,16143
2017-08-07,00:30,00:45,16021
2017-08-07,00:45,01:00,15869
2017-08-07,01:00,01:15,15731
2017-08-07,01:15,01:30,15685
2017-08-07,01:30,01:45,15590
2017-08-07,01:45,02:00,15503
2017-08-07,02:00,02:15,15392
2017-08-07,02:15,02:30,15406
2017-08-07,02:30,02:45,15404
2017-08-07,02:45,03:00,15438
2017-08-07,03:00,03:15,15494
2017-08-07,03:15,03:30,15547
2017-08-07,03:30,03:45,15584
2017-08-07,03:45,04:00,15634
2017-08-07,04:00,04:15,15785
2017-08-07,04:15,04:30,15925
2017-08-07,04:30,04:45,16105
2017-08-07,04:45,05:00,16299
2017-08-07,05:00,05:15,16777
2017-08-07,05:15,05:30,17065
2017-08-07,05:30,05:45,17440
2017-08-07,05:45,06:00,17950
2017-08-07,06:00,06:15,19036
2017-08-07,06:15,06:30,19739
2017-08-07,06:30,06:45,20323
2017-08-07,06:45,07:00,20887
2017-08-07,07:00,07:15,21545
2017-08-07,07:15,07:30,21964
2017-08-07,07:30,07:45,22377
2017-08-07,07:45,08:00,22762
2017-08-07,08:00,08:15,23182
2017-08-07,08:15,08:30,23419
2017-08-07,08:30,08:45,23671
2017-08-07,08:45,09:00,23767
2017-08-07,09:00,09:15,23790
2017-08-07,09:15,09:30,23936
2017-08-07,09:30,09:45,24082
2017-08-07,09:45,10:00,24150
2017-08-07,10:00,10:15,24239
2017-08-07,10:15,10:30,24311
2017-08-07,10:30,10:45,24477
2017-08-07,10:45,11:00,24584
2017-08-07,11:00,11:15,24615
2017-08-07,11:15,11:30,24721
2017-08-07,11:30,11:45,24848
2017-08-07,11:45,12:00,24917
2017-08-07,12:00,12:15,24813
2017-08-07,12:15,12:30,24810
2017-08-07,12:30,12:45,24841
2017-08-07,12:45,13:00,24853
2017-08-07,13:00,13:15,24784
2017-08-07,13:15,13:30,24706
2017-08-07,13:30,13:45,24515
2017-08-07,13:45,14:00,24249
2017-08-07,14:00,14:15,24066
2017-08-07,14:15,14:30,24072
2017-08-07,14:30,14:45,23972
2017-08-07,14:45,15:00,23797
2017-08-07,15:00,15:15,23785
2017-08-07,15:15,15:30,23668
2017-08-07,15:30,15:45,23527
2017-08-07,15:45,16:00,23342
2017-08-07,16:00,16:15,23299
2017-08-07,16:15,16:30,23158
2017-08-07,16:30,16:45,23046
2017-08-07,16:45,17:00,22977
2017-08-07,17:00,17:15,22904
2017-08-07,17:15,17:30,22886
2017-08-07,17:30,17:45,22856
2017-08-07,17:45,18:00,22823
2017-08-07,18:00,18:15,22719
2017-08-07,18:15,18:30,22649
2017-08-07,18:30,18:45,22711
2017-08-07,18:45,19:00,22708
2017-08-07,19:00,19:15,22670
2017-08-07,19:15,19:30,22578
2017-08-07,19:30,19:45,22509
2017-08-07,19:45,20:00,22361
2017-08-07,20:00,20:15,22046
2017-08-07,20:15,20:30,21789
2017-08-07,20:30,20:45,21561
2017-08-07,20:45,21:00,21357
2017-08-07,21:00,21:15,21199
2017-08-07,21:15,21:30,21106
2017-08-07,21:30,21:45,21042
2017-08-07,21:45,22:00,20852
2017-08-07,22:00,22:15,20497
2017-08-07,22:15,22:30,20174
2017-08-07,22:30,22:45,19794
2017-08-07,22:45,23:00,19408
2017-08-07,23:00,23:15,18978
2017-08-07,23:15,23:30,18697
2017-08-07,23:30,23:45,18460
2017-08-07,23:45,00:00,18271
2017-08-08,00:00,00:15,18074
2017-08-08,00:15,00:30,17906
2017-08-08,00:30,00:45,17754
2017-08-08,00:45,01:00,17582
2017-08-08,01:00,01:15,17383
2017-08-08,01:15,01:30,17331
2017-08-08,01:30,01:45,17222
2017-08-08,01:45,02:00,17116
2017-08-08,02:00,02:15,16956
2017-08-08,02:15,02:30,16926
2017-08-08,02:30,02:45,16951
2017-08-08,02:45,03:00,17000
2017-08-08,03:00,03:15,17019
2017-08-08,03:15,03:30,17070
2017-08-08,03:30,03:45,17106
2017-08-08,03:45,04:00,17138
2017-08-08,04:00,04:15,17206
2017-08-08,04:15,04:30,17330
2017-08-08,04:30,04:45,17460
2017-08-08,04:45,05:00,17628
2017-08-08,05:00,05:15,18053
2017-08-08,05:15,05:30,18298
2017-08-08,05:30,05:45,18601
2017-08-08,05:45,06:00,18972
2017-08-08,06:00,06:15,19970
2017-08-08,06:15,06:30,20609
2017-08-08,06:30,06:45,21125
2017-08-08,06:45,07:00,21633
2017-08-08,07:00,07:15,22271
2017-08-08,07:15,07:30,22707
2017-08-08,07:30,07:45,23119
2017-08-08,07:45,08:00,23474
2017-08-08,08:00,08:15,23880
2017-08-08,08:15,08:30,24131
2017-08-08,08:30,08:45,24356
2017-08-08,08:45,09:00,24476
2017-08-08,09:00,09:15,24470
2017-08-08,09:15,09:30,24580
2017-08-08,09:30,09:45,24757
2017-08-08,09:45,10:00,24850
2017-08-08,10:00,10:15,24981
2017-08-08,10:15,10:30,25081
2017-08-08,10:30,10:45,25266
2017-08-08,10:45,11:00,25385
2017-08-08,11:00,11:15,25418
2017-08-08,11:15,11:30,25556
2017-08-08,11:30,11:45,25716
2017-08-08,11:45,12:00,25778
2017-08-08,12:00,12:15,25697
2017-08-08,12:15,12:30,25703
2017-08-08,12:30,12:45,25757
2017-08-08,12:45,13:00,25784
2017-08-08,13:00,13:15,25693
2017-08-08,13:15,13:30,25599
2017-08-08,13:30,13:45,25392
2017-08-08,13:45,14:00,25118
2017-08-08,14:00,14:15,24951
2017-08-08,14:15,14:30,24924
2017-08-08,14:30,14:45,24852
2017-08-08,14:45,15:00,24658
2017-08-08,15:00,15:15,24611
2017-08-08,15:15,15:30,24487
2017-08-08,15:30,15:45,24362
2017-08-08,15:45,16:00,24187
2017-08-08,16:00,16:15,24135
2017-08-08,16:15,16:30,23998
2017-08-08,16:30,16:45,23906
2017-08-08,16:45,17:00,23807
2017-08-08,17:00,17:15,23709
2017-08-08,17:15,17:30,23668
2017-08-08,17:30,17:45,23649
2017-08-08,17:45,18:00,23627
2017-08-08,18:00,18:15,23466
2017-08-08,18:15,18:30,23365
2017-08-08,18:30,18:45,23373
2017-08-08,18:45,19:00,23359
2017-08-08,19:00,19:15,23280
2017-08-08,19:15,19:30,23159
2017-08-08,19:30,19:45,23057
2017-08-08,19:45,20:00,22870
2017-08-08,20:00,20:15,22539
2017-08-08,20:15,20:30,22291
2017-08-08,20:30,20:45,22065
2017-08-08,20:45,21:00,21862
2017-08-08,21:00,21:15,21723
2017-08-08,21:15,21:30,21647
2017-08-08,21:30,21:45,21500
2017-08-08,21:45,22:00,21251
2017-08-08,22:00,22:15,20881
2017-08-08,22:15,22:30,20526
2017-08-08,22:30,22:45,20133
2017-08-08,22:45,23:00,19733
2017-08-08,23:00,23:15,19301
2017-08-08,23:15,23:30,19038
2017-08-08,23:30,23:45,18776
2017-08-08,23:45,00:00,18582
2017-08-09,00:00,00:15,18184
2017-08-09,00:15,00:30,18046
2017-08-09,00:30,00:45,17889
2017-08-09,00:45,01:00,17717
2017-08-09,01:00,01:15,17532
2017-08-09,01:15,01:30,17468
2017-08-09,01:30,01:45,17359
2017-08-09,01:45,02:00,17245
2017-08-09,02:00,02:15,17067
2017-08-09,02:15,02:30,17048
2017-08-09,02:30,02:45,17049
2017-08-09,02:45,03:00,17094
2017-08-09,03:00,03:15,17110
2017-08-09,03:15,03:30,17155
2017-08-09,03:30,03:45,17185
2017-08-09,03:45,04:00,17209
2017-08-09,04:00,04:15,17314
2017-08-09,04:15,04:30,17444
2017-08-09,04:30,04:45,17574
2017-08-09,04:45,05:00,17736
2017-08-09,05:00,05:15,18178
2017-08-09,05:15,05:30,18411
2017-08-09,05:30,05:45,18716
2017-08-09,05:45,06:00,19089
2017-08-09,06:00,06:15,20072
2017-08-09,06:15,06:30,20727
2017-08-09,06:30,06:45,21253
2017-08-09,06:45,07:00,21759
2017-08-09,07:00,07:15,22347
2017-08-09,07:15,07:30,22756
2017-08-09,07:30,07:45,23159
2017-08-09,07:45,08:00,23516
2017-08-09,08:00,08:15,23896
2017-08-09,08:15,08:30,24148
2017-08-09,08:30,08:45,24350
2017-08-09,08:45,09:00,24437
2017-08-09,09:00,09:15,24407
2017-08-09,09:15,09:30,24505
2017-08-09,09:30,09:45,24648
2017-08-09,09:45,10:00,24733
2017-08-09,10:00,10:15,24852
2017-08-09,10:15,10:30,24927
2017-08-09,10:30,10:45,25097
2017-08-09,10:45,11:00,25217
2017-08-09,11:00,11:15,25260
2017-08-09,11:15,11:30,25368
2017-08-09,11:30,11:45,25503
2017-08-09,11:45,12:00,25574
2017-08-09,12:00,12:15,25470
2017-08-09,12:15,12:30,25443
2017-08-09,12:30,12:45,25480
2017-08-09,12:45,13:00,25494
2017-08-09,13:00,13:15,25404
2017-08-09,13:15,13:30,25300
2017-08-09,13:30,13:45,25115
2017-08-09,13:45,14:00,24840
2017-08-09,14:00,14:15,24680
2017-08-09,14:15,14:30,24671
2017-08-09,14:30,14:45,24591
2017-08-09,14:45,15:00,24416
2017-08-09,15:00,15:15,24379
2017-08-09,15:15,15:30,24260
2017-08-09,15:30,15:45,24105
2017-08-09,15:45,16:00,23962
2017-08-09,16:00,16:15,23924
2017-08-09,16:15,16:30,23790
2017-08-09,16:30,16:45,23667
2017-08-09,16:45,17:00,23607
2017-08-09,17:00,17:15,23497
2017-08-09,17:15,17:30,23482
2017-08-09,17:30,17:45,23474
2017-08-09,17:45,18:00,23458
2017-08-09,18:00,18:15,23312
2017-08-09,18:15,18:30,23230
2017-08-09,18:30,18:45,23271
2017-08-09,18:45,19:00,23277
2017-08-09,19:00,19:15,23237
2017-08-09,19:15,19:30,23125
2017-08-09,19:30,19:45,23052
2017-08-09,19:45,20:00,22886
2017-08-09,20:00,20:15,22539
2017-08-09,20:15,20:30,22289
2017-08-09,20:30,20:45,22058
2017-08-09,20:45,21:00,21884
2017-08-09,21:00,21:15,21729
2017-08-09,21:15,21:30,21656
2017-08-09,21:30,21:45,21555
2017-08-09,21:45,22:00,21321
2017-08-09,22:00,22:15,20961
2017-08-09,22:15,22:30,20640
2017-08-09,22:30,22:45,20251
2017-08-09,22:45,23:00,19868
2017-08-09,23:00,23:15,19424
2017-08-09,23:15,23:30,19149
2017-08-09,23:30,23:45,18872
2017-08-09,23:45,00:00,18640
2017-08-10,00:00,00:15,18239
2017-08-10,00:15,00:30,18075
2017-08-10,00:30,00:45,17927
2017-08-10,00:45,01:00,17752
2017-08-10,01:00,01:15,17537
2017-08-10,01:15,01:30,17480
2017-08-10,01:30,01:45,17389
2017-08-10,01:45,02:00,17265
2017-08-10,02:00,02:15,17100
2017-08-10,02:15,02:30,17085
2017-08-10,02:30,02:45,17101
2017-08-10,02:45,03:00,17145
2017-08-10,03:00,03:15,17178
2017-08-10,03:15,03:30,17222
2017-08-10,03:30,03:45,17244
2017-08-10,03:45,04:00,17267
2017-08-10,04:00,04:15,17373
2017-08-10,04:15,04:30,17507
2017-08-10,04:30,04:45,17648
2017-08-10,04:45,05:00,17818
2017-08-10,05:00,05:15,18231
2017-08-10,05:15,05:30,18484
2017-08-10,05:30,05:45,18801
2017-08-10,05:45,06:00,19177
2017-08-10,06:00,06:15,20168
2017-08-10,06:15,06:30,20809
2017-08-10,06:30,06:45,21329
2017-08-10,06:45,07:00,21818
2017-08-10,07:00,07:15,22423
2017-08-10,07:15,07:30,22857
2017-08-10,07:30,07:45,23262
2017-08-10,07:45,08:00,23604
2017-08-10,08:00,08:15,23991
2017-08-10,08:15,08:30,24218
2017-08-10,08:30,08:45,24431
2017-08-10,08:45,09:00,24524
2017-08-10,09:00,09:15,24539
2017-08-10,09:15,09:30,24654
2017-08-10,09:30,09:45,24803
2017-08-10,09:45,10:00,24894
2017-08-10,10:00,10:15,24981
2017-08-10,10:15,10:30,25073
2017-08-10,10:30,10:45,25219
2017-08-10,10:45,11:00,25327
2017-08-10,11:00,11:15,25369
2017-08-10,11:15,11:30,25499
2017-08-10,11:30,11:45,25644
2017-08-10,11:45,12:00,25712
2017-08-10,12:00,12:15,25627
2017-08-10,12:15,12:30,25641
2017-08-10,12:30,12:45,25666
2017-08-10,12:45,13:00,25685
2017-08-10,13:00,13:15,25617
2017-08-10,13:15,13:30,25497
2017-08-10,13:30,13:45,25291
2017-08-10,13:45,14:00,25002
2017-08-10,14:00,14:15,24882
2017-08-10,14:15,14:30,24876
2017-08-10,14:30,14:45,24773
2017-08-10,14:45,15:00,24584
2017-08-10,15:00,15:15,24569
2017-08-10,15:15,15:30,24443
2017-08-10,15:30,15:45,24310
2017-08-10,15:45,16:00,24133
2017-08-10,16:00,16:15,24087
2017-08-10,16:15,16:30,23945
2017-08-10,16:30,16:45,23811
2017-08-10,16:45,17:00,23725
2017-08-10,17:00,17:15,23658
2017-08-10,17:15,17:30,23608
2017-08-10,17:30,17:45,23583
2017-08-10,17:45,18:00,23545
2017-08-10,18:00,18:15,23383
2017-08-10,18:15,18:30,23291
2017-08-10,18:30,18:45,23334
2017-08-10,18:45,19:00,23342
2017-08-10,19:00,19:15,23306
2017-08-10,19:15,19:30,23193
2017-08-10,19:30,19:45,23112
2017-08-10,19:45,20:00,22939
2017-08-10,20:00,20:15,22604
2017-08-10,20:15,20:30,22348
2017-08-10,20:30,20:45,22112
2017-08-10,20:45,21:00,21915
2017-08-10,21:00,21:15,21785
2017-08-10,21:15,21:30,21697
2017-08-10,21:30,21:45,21539
2017-08-10,21:45,22:00,21326
2017-08-10,22:00,22:15,20947
2017-08-10,22:15,22:30,20613
2017-08-10,22:30,22:45,20219
2017-08-10,22:45,23:00,19843
2017-08-10,23:00,23:15,19416
2017-08-10,23:15,23:30,19150
2017-08-10,23:30,23:45,18893
2017-08-10,23:45,00:00,18672
2017-08-11,00:00,00:15,17681
2017-08-11,00:15,00:30,17509
2017-08-11,00:30,00:45,17383
2017-08-11,00:45,01:00,17229
2017-08-11,01:00,01:15,16983
2017-08-11,01:15,01:30,16949
2017-08-11,01:30,01:45,16863
2017-08-11,01:45,02:00,16769
2017-08-11,02:00,02:15,16602
2017-08-11,02:15,02:30,16579
2017-08-11,02:30,02:45,16591
2017-08-11,02:45,03:00,16613
2017-08-11,03:00,03:15,16641
2017-08-11,03:15,03:30,16668
2017-08-11,03:30,03:45,16700
2017-08-11,03:45,04:00,16703
2017-08-11,04:00,04:15,16809
2017-08-11,04:15,04:30,16941
2017-08-11,04:30,04:45,17072
2017-08-11,04:45,05:00,17198
2017-08-11,05:00,05:15,17606
2017-08-11,05:15,05:30,17883
2017-08-11,05:30,05:45,18207
2017-08-11,05:45,06:00,18593
2017-08-11,06:00,06:15,19606
2017-08-11,06:15,06:30,20227
2017-08-11,06:30,06:45,20739
2017-08-11,06:45,07:00,21209
2017-08-11,07:00,07:15,21828
2017-08-11,07:15,07:30,22238
2017-08-11,07:30,07:45,22624
2017-08-11,07:45,08:00,22963
2017-08-11,08:00,08:15,23375
2017-08-11,08:15,08:30,23575
2017-08-11,08:30,08:45,23788
2017-08-11,08:45,09:00,23884
2017-08-11,09:00,09:15,23894
2017-08-11,09:15,09:30,24007
2017-08-11,09:30,09:45,24142
2017-08-11,09:45,10:00,24245
2017-08-11,10:00,10:15,24333
2017-08-11,10:15,10:30,24421
2017-08-11,10:30,10:45,24573
2017-08-11,10:45,11:00,24712
2017-08-11,11:00,11:15,24702
2017-08-11,11:15,11:30,24787
2017-08-11,11:30,11:45,24900
2017-08-11,11:45,12:00,24923
2017-08-11,12:00,12:15,24771
2017-08-11,12:15,12:30,24769
2017-08-11,12:30,12:45,24764
2017-08-11,12:45,13:00,24751
2017-08-11,13:00,13:15,24553
2017-08-11,13:15,13:30,24406
2017-08-11,13:30,13:45,24227
2017-08-11,13:45,14:00,23966
2017-08-11,14:00,14:15,23768
2017-08-11,14:15,14:30,23732
2017-08-11,14:30,14:45,23598
2017-08-11,14:45,15:00,23399
2017-08-11,15:00,15:15,23359
2017-08-11,15:15,15:30,23233
2017-08-11,15:30,15:45,23112
2017-08-11,15:45,16:00,22938
2017-08-11,16:00,16:15,22932
2017-08-11,16:15,16:30,22849
2017-08-11,16:30,16:45,22738
2017-08-11,16:45,17:00,22677
2017-08-11,17:00,17:15,22651
2017-08-11,17:15,17:30,22570
2017-08-11,17:30,17:45,22488
2017-08-11,17:45,18:00,22416
2017-08-11,18:00,18:15,22287
2017-08-11,18:15,18:30,22157
2017-08-11,18:30,18:45,22164
2017-08-11,18:45,19:00,22125
2017-08-11,19:00,19:15,22028
2017-08-11,19:15,19:30,21858
2017-08-11,19:30,19:45,21721
2017-08-11,19:45,20:00,21546
2017-08-11,20:00,20:15,21176
2017-08-11,20:15,20:30,20894
2017-08-11,20:30,20:45,20711
2017-08-11,20:45,21:00,20531
2017-08-11,21:00,21:15,20417
2017-08-11,21:15,21:30,20335
2017-08-11,21:30,21:45,20197
2017-08-11,21:45,22:00,19981
2017-08-11,22:00,22:15,19589
2017-08-11,22:15,22:30,19305
2017-08-11,22:30,22:45,19019
2017-08-11,22:45,23:00,18737
2017-08-11,23:00,23:15,18344
2017-08-11,23:15,23:30,18105
2017-08-11,23:30,23:45,17895
2017-08-11,23:45,00:00,17708
2017-08-12,00:00,00:15,17421
2017-08-12,00:15,00:30,17255
2017-08-12,00:30,00:45,17124
2017-08-12,00:45,01:00,16958
2017-08-12,01:00,01:15,16741
2017-08-12,01:15,01:30,16657
2017-08-12,01:30,01:45,16559
2017-08-12,01:45,02:00,16435
2017-08-12,02:00,02:15,16280
2017-08-12,02:15,02:30,16220
2017-08-12,02:30,02:45,16189
2017-08-12,02:45,03:00,16167
2017-08-12,03:00,03:15,16105
2017-08-12,03:15,03:30,16086
2017-08-12,03:30,03:45,16064
2017-08-12,03:45,04:00,16030
2017-08-12,04:00,04:15,16051
2017-08-12,04:15,04:30,16077
2017-08-12,04:30,04:45,16080
2017-08-12,04:45,05:00,16069
2017-08-12,05:00,05:15,16143
2017-08-12,05:15,05:30,16192
2017-08-12,05:30,05:45,16184
2017-08-12,05:45,06:00,16190
2017-08-12,06:00,06:15,16231
2017-08-12,06:15,06:30,16273
2017-08-12,06:30,06:45,16365
2017-08-12,06:45,07:00,16540
2017-08-12,07:00,07:15,16837
2017-08-12,07:15,07:30,17155
2017-08-12,07:30,07:45,17566
2017-08-12,07:45,08:00,17984
2017-08-12,08:00,08:15,18494
2017-08-12,08:15,08:30,18840
2017-08-12,08:30,08:45,19245
2017-08-12,08:45,09:00,19599
2017-08-12,09:00,09:15,19978
2017-08-12,09:15,09:30,20210
2017-08-12,09:30,09:45,20472
2017-08-12,09:45,10:00,20681
2017-08-12,10:00,10:15,20846
2017-08-12,10:15,10:30,20949
2017-08-12,10:30,10:45,21082
2017-08-12,10:45,11:00,21183
2017-08-12,11:00,11:15,21199
2017-08-12,11:15,11:30,21282
2017-08-12,11:30,11:45,21370
2017-08-12,11:45,12:00,21355
2017-08-12,12:00,12:15,21246
2017-08-12,12:15,12:30,21211
2017-08-12,12:30,12:45,21176
2017-08-12,12:45,13:00,21092
2017-08-12,13:00,13:15,20868
2017-08-12,13:15,13:30,20728
2017-08-12,13:30,13:45,20570
2017-08-12,13:45,14:00,20326
2017-08-12,14:00,14:15,20132
2017-08-12,14:15,14:30,20032
2017-08-12,14:30,14:45,19916
2017-08-12,14:45,15:00,19748
2017-08-12,15:00,15:15,19732
2017-08-12,15:15,15:30,19685
2017-08-12,15:30,15:45,19631
2017-08-12,15:45,16:00,19533
2017-08-12,16:00,16:15,19551
2017-08-12,16:15,16:30,19528
2017-08-12,16:30,16:45,19482
2017-08-12,16:45,17:00,19470
2017-08-12,17:00,17:15,19537
2017-08-12,17:15,17:30,19513
2017-08-12,17:30,17:45,19514
2017-08-12,17:45,18:00,19519
2017-08-12,18:00,18:15,19554
2017-08-12,18:15,18:30,19462
2017-08-12,18:30,18:45,19462
2017-08-12,18:45,19:00,19409
2017-08-12,19:00,19:15,19376
2017-08-12,19:15,19:30,19275
2017-08-12,19:30,19:45,19174
2017-08-12,19:45,20:00,18988
2017-08-12,20:00,20:15,18723
2017-08-12,20:15,20:30,18425
2017-08-12,20:30,20:45,18241
2017-08-12,20:45,21:00,18115
2017-08-12,21:00,21:15,18099
2017-08-12,21:15,21:30,18045
2017-08-12,21:30,21:45,18009
2017-08-12,21:45,22:00,17940
2017-08-12,22:00,22:15,17799
2017-08-12,22:15,22:30,17551
2017-08-12,22:30,22:45,17328
2017-08-12,22:45,23:00,17126
2017-08-12,23:00,23:15,16845
2017-08-12,23:15,23:30,16650
2017-08-12,23:30,23:45,16471
2017-08-12,23:45,00:00,16301
2017-08-13,00:00,00:15,15761
2017-08-13,00:15,00:30,15593
2017-08-13,00:30,00:45,15467
2017-08-13,00:45,01:00,15305
2017-08-13,01:00,01:15,15090
2017-08-13,01:15,01:30,15000
2017-08-13,01:30,01:45,14905
2017-08-13,01:45,02:00,14790
2017-08-13,02:00,02:15,14656
2017-08-13,02:15,02:30,14617
2017-08-13,02:30,02:45,14574
2017-08-13,02:45,03:00,14539
2017-08-13,03:00,03:15,14476
2017-08-13,03:15,03:30,14460
2017-08-13,03:30,03:45,14440
2017-08-13,03:45,04:00,14397
2017-08-13,04:00,04:15,14386
2017-08-13,04:15,04:30,14396
2017-08-13,04:30,04:45,14392
2017-08-13,04:45,05:00,14347
2017-08-13,05:00,05:15,14363
2017-08-13,05:15,05:30,14372
2017-08-13,05:30,05:45,14305
2017-08-13,05:45,06:00,14244
2017-08-13,06:00,06:15,14082
2017-08-13,06:15,06:30,13996
2017-08-13,06:30,06:45,13964
2017-08-13,06:45,07:00,14013
2017-08-13,07:00,07:15,14102
2017-08-13,07:15,07:30,14329
2017-08-13,07:30,07:45,14677
2017-08-13,07:45,08:00,15014
2017-08-13,08:00,08:15,15377
2017-08-13,08:15,08:30,15709
2017-08-13,08:30,08:45,16117
2017-08-13,08:45,09:00,16492
2017-08-13,09:00,09:15,16892
2017-08-13,09:15,09:30,17155
2017-08-13,09:30,09:45,17435
2017-08-13,09:45,10:00,17695
2017-08-13,10:00,10:15,17945
2017-08-13,10:15,10:30,18137
2017-08-13,10:30,10:45,18367
2017-08-13,10:45,11:00,18566
2017-08-13,11:00,11:15,18742
2017-08-13,11:15,11:30,18964
2017-08-13,11:30,11:45,19168
2017-08-13,11:45,12:00,19247
2017-08-13,12:00,12:15,19262
2017-08-13,12:15,12:30,19259
2017-08-13,12:30,12:45,19208
2017-08-13,12:45,13:00,19076
2017-08-13,13:00,13:15,18847
2017-08-13,13:15,13:30,18697
2017-08-13,13:30,13:45,18531
2017-08-13,13:45,14:00,18319
2017-08-13,14:00,14:15,18153
2017-08-13,14:15,14:30,18080
2017-08-13,14:30,14:45,17958
2017-08-13,14:45,15:00,17793
2017-08-13,15:00,15:15,17776
2017-08-13,15:15,15:30,17727
2017-08-13,15:30,15:45,17679
2017-08-13,15:45,16:00,17592
2017-08-13,16:00,16:15,17629
2017-08-13,16:15,16:30,17590
2017-08-13,16:30,16:45,17599
2017-08-13,16:45,17:00,17628
2017-08-13,17:00,17:15,17766
2017-08-13,17:15,17:30,17812
2017-08-13,17:30,17:45,17896
2017-08-13,17:45,18:00,17963
2017-08-13,18:00,18:15,18144
2017-08-13,18:15,18:30,18153
2017-08-13,18:30,18:45,18203
2017-08-13,18:45,19:00,18233
2017-08-13,19:00,19:15,18285
2017-08-13,19:15,19:30,18268
2017-08-13,19:30,19:45,18295
2017-08-13,19:45,20:00,18220
2017-08-13,20:00,20:15,18187
2017-08-13,20:15,20:30,18017
2017-08-13,20:30,20:45,17874
2017-08-13,20:45,21:00,17776
2017-08-13,21:00,21:15,17843
2017-08-13,21:15,21:30,17824
2017-08-13,21:30,21:45,17823
2017-08-13,21:45,22:00,17879
2017-08-13,22:00,22:15,17858
2017-08-13,22:15,22:30,17649
2017-08-13,22:30,22:45,17400
2017-08-13,22:45,23:00,17139
2017-08-13,23:00,23:15,16830
2017-08-13,23:15,23:30,16612
2017-08-13,23:30,23:45,16408
2017-08-13,23:45,00:00,16216
2017-08-14,00:00,00:15,15966
2017-08-14,00:15,00:30,15842
2017-08-14,00:30,00:45,15748
2017-08-14,00:45,01:00,15615
2017-08-14,01:00,01:15,15455
2017-08-14,01:15,01:30,15412
2017-08-14,01:30,01:45,15350
2017-08-14,01:45,02:00,15258
2017-08-14,02:00,02:15,15164
2017-08-14,02:15,02:30,15159
2017-08-14,02:30,02:45,15161
2017-08-14,02:45,03:00,15175
2017-08-14,03:00,03:15,15219
2017-08-14,03:15,03:30,15257
2017-08-14,03:30,03:45,15305
2017-08-14,03:45,04:00,15356
2017-08-14,04:00,04:15,15526
2017-08-14,04:15,04:30,15654
2017-08-14,04:30,04:45,15809
2017-08-14,04:45,05:00,15995
2017-08-14,05:00,05:15,16496
2017-08-14,05:15,05:30,16830
2017-08-14,05:30,05:45,17263
2017-08-14,05:45,06:00,17824
2017-08-14,06:00,06:15,19020
2017-08-14,06:15,06:30,19725
2017-08-14,06:30,06:45,20318
2017-08-14,06:45,07:00,20839
2017-08-14,07:00,07:15,21519
2017-08-14,07:15,07:30,21916
2017-08-14,07:30,07:45,22313
2017-08-14,07:45,08:00,22695
2017-08-14,08:00,08:15,23123
2017-08-14,08:15,08:30,23323
2017-08-14,08:30,08:45,23557
2017-08-14,08:45,09:00,23673
2017-08-14,09:00,09:15,23666
2017-08-14,09:15,09:30,23810
2017-08-14,09:30,09:45,23955
2017-08-14,09:45,10:00,24051
2017-08-14,10:00,10:15,24133
2017-08-14,10:15,10:30,24208
2017-08-14,10:30,10:45,24388
2017-08-14,10:45,11:00,24533
2017-08-14,11:00,11:15,24554
2017-08-14,11:15,11:30,24667
2017-08-14,11:30,11:45,24786
2017-08-14,11:45,12:00,24843
2017-08-14,12:00,12:15,24687
2017-08-14,12:15,12:30,24683
2017-08-14,12:30,12:45,24741
2017-08-14,12:45,13:00,24761
2017-08-14,13:00,13:15,24690
2017-08-14,13:15,13:30,24616
2017-08-14,13:30,13:45,24464
2017-08-14,13:45,14:00,24191
2017-08-14,14:00,14:15,24019
2017-08-14,14:15,14:30,24015
2017-08-14,14:30,14:45,23938
2017-08-14,14:45,15:00,23780
2017-08-14,15:00,15:15,23766
2017-08-14,15:15,15:30,23650
2017-08-14,15:30,15:45,23509
2017-08-14,15:45,16:00,23297
2017-08-14,16:00,16:15,23240
2017-08-14,16:15,16:30,23093
2017-08-14,16:30,16:45,22950
2017-08-14,16:45,17:00,22875
2017-08-14,17:00,17:15,22844
2017-08-14,17:15,17:30,22812
2017-08-14,17:30,17:45,22810
2017-08-14,17:45,18:00,22781
2017-08-14,18:00,18:15,22682
2017-08-14,18:15,18:30,22607
2017-08-14,18:30,18:45,22684
2017-08-14,18:45,19:00,22763
2017-08-14,19:00,19:15,22743
2017-08-14,19:15,19:30,22627
2017-08-14,19:30,19:45,22531
2017-08-14,19:45,20:00,22400
2017-08-14,20:00,20:15,22055
2017-08-14,20:15,20:30,21767
2017-08-14,20:30,20:45,21573
2017-08-14,20:45,21:00,21412
2017-08-14,21:00,21:15,21275
2017-08-14,21:15,21:30,21127
2017-08-14,21:30,21:45,20976
2017-08-14,21:45,22:00,20714
2017-08-14,22:00,22:15,20273
2017-08-14,22:15,22:30,19943
2017-08-14,22:30,22:45,19565
2017-08-14,22:45,23:00,19195
2017-08-14,23:00,23:15,18696
2017-08-14,23:15,23:30,18407
2017-08-14,23:30,23:45,18171
2017-08-14,23:45,00:00,17968
2017-08-15,00:00,00:15,17954
2017-08-15,00:15,00:30,17788
2017-08-15,00:30,00:45,17654
2017-08-15,00:45,01:00,17513
2017-08-15,01:00,01:15,17313
2017-08-15,01:15,01:30,17276
2017-08-15,01:30,01:45,17192
2017-08-15,01:45,02:00,17081
2017-08-15,02:00,02:15,16945
2017-08-15,02:15,02:30,16909
2017-08-15,02:30,02:45,16914
2017-08-15,02:45,03:00,16944
2017-08-15,03:00,03:15,16969
2017-08-15,03:15,03:30,17013
2017-08-15,03:30,03:45,17049
2017-08-15,03:45,04:00,17071
2017-08-15,04:00,04:15,17159
2017-08-15,04:15,04:30,17283
2017-08-15,04:30,04:45,17404
2017-08-15,04:45,05:00,17565
2017-08-15,05:00,05:15,17978
2017-08-15,05:15,05:30,18249
2017-08-15,05:30,05:45,18598
2017-08-15,05:45,06:00,19019
2017-08-15,06:00,06:15,20096
2017-08-15,06:15,06:30,20763
2017-08-15,06:30,06:45,21277
2017-08-15,06:45,07:00,21757
2017-08-15,07:00,07:15,22378
2017-08-15,07:15,07:30,22776
2017-08-15,07:30,07:45,23166
2017-08-15,07:45,08:00,23526
2017-08-15,08:00,08:15,23938
2017-08-15,08:15,08:30,24135
2017-08-15,08:30,08:45,24324
2017-08-15,08:45,09:00,24433
2017-08-15,09:00,09:15,24381
2017-08-15,09:15,09:30,24462
2017-08-15,09:30,09:45,24630
2017-08-15,09:45,10:00,24731
2017-08-15,10:00,10:15,24822
2017-08-15,10:15,10:30,24917
2017-08-15,10:30,10:45,25108
2017-08-15,10:45,11:00,25253
2017-08-15,11:00,11:15,25271
2017-08-15,11:15,11:30,25370
2017-08-15,11:30,11:45,25532
2017-08-15,11:45,12:00,25577
2017-08-15,12:00,12:15,25475
2017-08-15,12:15,12:30,25484
2017-08-15,12:30,12:45,25532
2017-08-15,12:45,13:00,25577
2017-08-15,13:00,13:15,25493
2017-08-15,13:15,13:30,25402
2017-08-15,13:30,13:45,25234
2017-08-15,13:45,14:00,24973
2017-08-15,14:00,14:15,24784
2017-08-15,14:15,14:30,24735
2017-08-15,14:30,14:45,24680
2017-08-15,14:45,15:00,24525
2017-08-15,15:00,15:15,24472
2017-08-15,15:15,15:30,24351
2017-08-15,15:30,15:45,24228
2017-08-15,15:45,16:00,24051
2017-08-15,16:00,16:15,23991
2017-08-15,16:15,16:30,23860
2017-08-15,16:30,16:45,23738
2017-08-15,16:45,17:00,23649
2017-08-15,17:00,17:15,23575
2017-08-15,17:15,17:30,23546
2017-08-15,17:30,17:45,23541
2017-08-15,17:45,18:00,23528
2017-08-15,18:00,18:15,23375
2017-08-15,18:15,18:30,23311
2017-08-15,18:30,18:45,23358
2017-08-15,18:45,19:00,23431
2017-08-15,19:00,19:15,23425
2017-08-15,19:15,19:30,23308
2017-08-15,19:30,19:45,23194
2017-08-15,19:45,20:00,23004
2017-08-15,20:00,20:15,22678
2017-08-15,20:15,20:30,22405
2017-08-15,20:30,20:45,22196
2017-08-15,20:45,21:00,22007
2017-08-15,21:00,21:15,21840
2017-08-15,21:15,21:30,21710
2017-08-15,21:30,21:45,21495
2017-08-15,21:45,22:00,21137
2017-08-15,22:00,22:15,20709
2017-08-15,22:15,22:30,20365
2017-08-15,22:30,22:45,19998
2017-08-15,22:45,23:00,19611
2017-08-15,23:00,23:15,19139
2017-08-15,23:15,23:30,18878
2017-08-15,23:30,23:45,18640
2017-08-15,23:45,00:00,18444
2017-08-16,00:00,00:15,17954
2017-08-16,00:15,00:30,17817
2017-08-16,00:30,00:45,17690
2017-08-16,00:45,01:00,17548
2017-08-16,01:00,01:15,17338
2017-08-16,01:15,01:30,17278
2017-08-16,01:30,01:45,17196
2017-08-16,01:45,02:00,17074
2017-08-16,02:00,02:15,16905
2017-08-16,02:15,02:30,16873
2017-08-16,02:30,02:45,16879
2017-08-16,02:45,03:00,16898
2017-08-16,03:00,03:15,16910
2017-08-16,03:15,03:30,16944
2017-08-16,03:30,03:45,16974
2017-08-16,03:45,04:00,16990
2017-08-16,04:00,04:15,17080
2017-08-16,04:15,04:30,17199
2017-08-16,04:30,04:45,17315
2017-08-16,04:45,05:00,17469
2017-08-16,05:00,05:15,17896
2017-08-16,05:15,05:30,18154
2017-08-16,05:30,05:45,18493
2017-08-16,05:45,06:00,18903
2017-08-16,06:00,06:15,20004
2017-08-16,06:15,06:30,20694
2017-08-16,06:30,06:45,21216
2017-08-16,06:45,07:00,21691
2017-08-16,07:00,07:15,22283
2017-08-16,07:15,07:30,22681
2017-08-16,07:30,07:45,23069
2017-08-16,07:45,08:00,23431
2017-08-16,08:00,08:15,23798
2017-08-16,08:15,08:30,24002
2017-08-16,08:30,08:45,24192
2017-08-16,08:45,09:00,24274
2017-08-16,09:00,09:15,24189
2017-08-16,09:15,09:30,24253
2017-08-16,09:30,09:45,24399
2017-08-16,09:45,10:00,24495
2017-08-16,10:00,10:15,24600
2017-08-16,10:15,10:30,24681
2017-08-16,10:30,10:45,24857
2017-08-16,10:45,11:00,25004
2017-08-16,11:00,11:15,25027
2017-08-16,11:15,11:30,25128
2017-08-16,11:30,11:45,25258
2017-08-16,11:45,12:00,25317
2017-08-16,12:00,12:15,25199
2017-08-16,12:15,12:30,25176
2017-08-16,12:30,12:45,25223
2017-08-16,12:45,13:00,25251
2017-08-16,13:00,13:15,25166
2017-08-16,13:15,13:30,25067
2017-08-16,13:30,13:45,24929
2017-08-16,13:45,14:00,24656
2017-08-16,14:00,14:15,24487
2017-08-16,14:15,14:30,24456
2017-08-16,14:30,14:45,24410
2017-08-16,14:45,15:00,24257
2017-08-16,15:00,15:15,24223
2017-08-16,15:15,15:30,24098
2017-08-16,15:30,15:45,23941
2017-08-16,15:45,16:00,23776
2017-08-16,16:00,16:15,23745
2017-08-16,16:15,16:30,23603
2017-08-16,16:30,16:45,23447
2017-08-16,16:45,17:00,23387
2017-08-16,17:00,17:15,23300
2017-08-16,17:15,17:30,23263
2017-08-16,17:30,17:45,23283
2017-08-16,17:45,18:00,23271
2017-08-16,18:00,18:15,23136
2017-08-16,18:15,18:30,23076
2017-08-16,18:30,18:45,23159
2017-08-16,18:45,19:00,23261
2017-08-16,19:00,19:15,23283
2017-08-16,19:15,19:30,23161
2017-08-16,19:30,19:45,23062
2017-08-16,19:45,20:00,22897
2017-08-16,20:00,20:15,22557
2017-08-16,20:15,20:30,22266
2017-08-16,20:30,20:45,22043
2017-08-16,20:45,21:00,21889
2017-08-16,21:00,21:15,21698
2017-08-16,21:15,21:30,21562
2017-08-16,21:30,21:45,21388
2017-08-16,21:45,22:00,21066
2017-08-16,22:00,22:15,20644
2017-08-16,22:15,22:30,20327
2017-08-16,22:30,22:45,19961
2017-08-16,22:45,23:00,19600
2017-08-16,23:00,23:15,19116
2017-08-16,23:15,23:30,18854
2017-08-16,23:30,23:45,18601
2017-08-16,23:45,00:00,18369
2017-08-17,00:00,00:15,18078
2017-08-17,00:15,00:30,17915
2017-08-17,00:30,00:45,17792
2017-08-17,00:45,01:00,17649
2017-08-17,01:00,01:15,17417
2017-08-17,01:15,01:30,17369
2017-08-17,01:30,01:45,17308
2017-08-17,01:45,02:00,17177
2017-08-17,02:00,02:15,17026
2017-08-17,02:15,02:30,17003
2017-08-17,02:30,02:45,17010
2017-08-17,02:45,03:00,17028
2017-08-17,03:00,03:15,17064
2017-08-17,03:15,03:30,17101
2017-08-17,03:30,03:45,17119
2017-08-17,03:45,04:00,17133
2017-08-17,04:00,04:15,17236
2017-08-17,04:15,04:30,17371
2017-08-17,04:30,04:45,17507
2017-08-17,04:45,05:00,17670
2017-08-17,05:00,05:15,18079
2017-08-17,05:15,05:30,18363
2017-08-17,05:30,05:45,18710
2017-08-17,05:45,06:00,19128
2017-08-17,06:00,06:15,20238
2017-08-17,06:15,06:30,20924
2017-08-17,06:30,06:45,21443
2017-08-17,06:45,07:00,21911
2017-08-17,07:00,07:15,22524
2017-08-17,07:15,07:30,22946
2017-08-17,07:30,07:45,23338
2017-08-17,07:45,08:00,23687
2017-08-17,08:00,08:15,24070
2017-08-17,08:15,08:30,24253
2017-08-17,08:30,08:45,24441
2017-08-17,08:45,09:00,24521
2017-08-17,09:00,09:15,24489
2017-08-17,09:15,09:30,24576
2017-08-17,09:30,09:45,24729
2017-08-17,09:45,10:00,24827
2017-08-17,10:00,10:15,24893
2017-08-17,10:15,10:30,24990
2017-08-17,10:30,10:45,25145
2017-08-17,10:45,11:00,25288
2017-08-17,11:00,11:15,25330
2017-08-17,11:15,11:30,25446
2017-08-17,11:30,11:45,25591
2017-08-17,11:45,12:00,25645
2017-08-17,12:00,12:15,25536
2017-08-17,12:15,12:30,25557
2017-08-17,12:30,12:45,25580
2017-08-17,12:45,13:00,25610
2017-08-17,13:00,13:15,25557
2017-08-17,13:15,13:30,25450
2017-08-17,13:30,13:45,25294
2017-08-17,13:45,14:00,25019
2017-08-17,14:00,14:15,24880
2017-08-17,14:15,14:30,24855
2017-08-17,14:30,14:45,24766
2017-08-17,14:45,15:00,24603
2017-08-17,15:00,15:15,24583
2017-08-17,15:15,15:30,24454
2017-08-17,15:30,15:45,24319
2017-08-17,15:45,16:00,24129
2017-08-17,16:00,16:15,24085
2017-08-17,16:15,16:30,23944
2017-08-17,16:30,16:45,23778
2017-08-17,16:45,17:00,23692
2017-08-17,17:00,17:15,23644
2017-08-17,17:15,17:30,23574
2017-08-17,17:30,17:45,23563
2017-08-17,17:45,18:00,23529
2017-08-17,18:00,18:15,23369
2017-08-17,18:15,18:30,23307
2017-08-17,18:30,18:45,23387
2017-08-17,18:45,19:00,23472
2017-08-17,19:00,19:15,23482
2017-08-17,19:15,19:30,23360
2017-08-17,19:30,19:45,23250
2017-08-17,19:45,20:00,23070
2017-08-17,20:00,20:15,22747
2017-08-17,20:15,20:30,22450
2017-08-17,20:30,20:45,22217
2017-08-17,20:45,21:00,22031
2017-08-17,21:00,21:15,21857
2017-08-17,21:15,21:30,21702
2017-08-17,21:30,21:45,21468
2017-08-17,21:45,22:00,21152
2017-08-17,22:00,22:15,20719
2017-08-17,22:15,22:30,20382
2017-08-17,22:30,22:45,20003
2017-08-17,22:45,23:00,19637
2017-08-17,23:00,23:15,19168
2017-08-17,23:15,23:30,18913
2017-08-17,23:30,23:45,18680
2017-08-17,23:45,00:00,18458
2017-08-18,00:00,00:15,17901
2017-08-18,00:15,00:30,17749
2017-08-18,00:30,00:45,17621
2017-08-18,00:45,01:00,17465
2017-08-18,01:00,01:15,17227
2017-08-18,01:15,01:30,17184
2017-08-18,01:30,01:45,17106
2017-08-18,01:45,02:00,16995
2017-08-18,02:00,02:15,16819
2017-08-18,02:15,02:30,16786
2017-08-18,02:30,02:45,16797
2017-08-18,02:45,03:00,16806
2017-08-18,03:00,03:15,16822
2017-08-18,03:15,03:30,16859
2017-08-18,03:30,03:45,16888
2017-08-18,03:45,04:00,16890
2017-08-18,04:00,04:15,16999
2017-08-18,04:15,04:30,17130
2017-08-18,04:30,04:45,17255
2017-08-18,04:45,05:00,17396
2017-08-18,05:00,05:15,17802
2017-08-18,05:15,05:30,18081
2017-08-18,05:30,05:45,18447
2017-08-18,05:45,06:00,18897
2017-08-18,06:00,06:15,20008
2017-08-18,06:15,06:30,20643
2017-08-18,06:30,06:45,21130
2017-08-18,06:45,07:00,21591
2017-08-18,07:00,07:15,22245
2017-08-18,07:15,07:30,22655
2017-08-18,07:30,07:45,23023
2017-08-18,07:45,08:00,23366
2017-08-18,08:00,08:15,23774
2017-08-18,08:15,08:30,23981
2017-08-18,08:30,08:45,24183
2017-08-18,08:45,09:00,24282
2017-08-18,09:00,09:15,24278
2017-08-18,09:15,09:30,24393
2017-08-18,09:30,09:45,24554
2017-08-18,09:45,10:00,24664
2017-08-18,10:00,10:15,24763
2017-08-18,10:15,10:30,24870
2017-08-18,10:30,10:45,25024
2017-08-18,10:45,11:00,25147
2017-08-18,11:00,11:15,25145
2017-08-18,11:15,11:30,25253
2017-08-18,11:30,11:45,25373
2017-08-18,11:45,12:00,25398
2017-08-18,12:00,12:15,25242
2017-08-18,12:15,12:30,25248
2017-08-18,12:30,12:45,25226
2017-08-18,12:45,13:00,25199
2017-08-18,13:00,13:15,25035
2017-08-18,13:15,13:30,24881
2017-08-18,13:30,13:45,24714
2017-08-18,13:45,14:00,24430
2017-08-18,14:00,14:15,24245
2017-08-18,14:15,14:30,24213
2017-08-18,14:30,14:45,24091
2017-08-18,14:45,15:00,23912
2017-08-18,15:00,15:15,23841
2017-08-18,15:15,15:30,23717
2017-08-18,15:30,15:45,23593
2017-08-18,15:45,16:00,23405
2017-08-18,16:00,16:15,23393
2017-08-18,16:15,16:30,23319
2017-08-18,16:30,16:45,23204
2017-08-18,16:45,17:00,23123
2017-08-18,17:00,17:15,23087
2017-08-18,17:15,17:30,22991
2017-08-18,17:30,17:45,22919
2017-08-18,17:45,18:00,22857
2017-08-18,18:00,18:15,22681
2017-08-18,18:15,18:30,22549
2017-08-18,18:30,18:45,22536
2017-08-18,18:45,19:00,22496
2017-08-18,19:00,19:15,22383
2017-08-18,19:15,19:30,22211
2017-08-18,19:30,19:45,22068
2017-08-18,19:45,20:00,21914
2017-08-18,20:00,20:15,21583
2017-08-18,20:15,20:30,21370
2017-08-18,20:30,20:45,21266
2017-08-18,20:45,21:00,21142
2017-08-18,21:00,21:15,21003
2017-08-18,21:15,21:30,20851
2017-08-18,21:30,21:45,20615
2017-08-18,21:45,22:00,20291
2017-08-18,22:00,22:15,19866
2017-08-18,22:15,22:30,19565
2017-08-18,22:30,22:45,19268
2017-08-18,22:45,23:00,18973
2017-08-18,23:00,23:15,18565
2017-08-18,23:15,23:30,18325
2017-08-18,23:30,23:45,18102
2017-08-18,23:45,00:00,17888
2017-08-19,00:00,00:15,17552
2017-08-19,00:15,00:30,17400
2017-08-19,00:30,00:45,17266
2017-08-19,00:45,01:00,17093
2017-08-19,01:00,01:15,16897
2017-08-19,01:15,01:30,16796
2017-08-19,01:30,01:45,16714
2017-08-19,01:45,02:00,16575
2017-08-19,02:00,02:15,16418
2017-08-19,02:15,02:30,16352
2017-08-19,02:30,02:45,16315
2017-08-19,02:45,03:00,16290
2017-08-19,03:00,03:15,16224
2017-08-19,03:15,03:30,16221
2017-08-19,03:30,03:45,16193
2017-08-19,03:45,04:00,16155
2017-08-19,04:00,04:15,16186
2017-08-19,04:15,04:30,16213
2017-08-19,04:30,04:45,16214
2017-08-19,04:45,05:00,16220
2017-08-19,05:00,05:15,16292
2017-08-19,05:15,05:30,16346
2017-08-19,05:30,05:45,16379
2017-08-19,05:45,06:00,16458
2017-08-19,06:00,06:15,16579
2017-08-19,06:15,06:30,16625
2017-08-19,06:30,06:45,16676
2017-08-19,06:45,07:00,16836
2017-08-19,07:00,07:15,17167
2017-08-19,07:15,07:30,17477
2017-08-19,07:30,07:45,17869
2017-08-19,07:45,08:00,18284
2017-08-19,08:00,08:15,18785
2017-08-19,08:15,08:30,19129
2017-08-19,08:30,08:45,19522
2017-08-19,08:45,09:00,19874
2017-08-19,09:00,09:15,20235
2017-08-19,09:15,09:30,20468
2017-08-19,09:30,09:45,20753
2017-08-19,09:45,10:00,20964
2017-08-19,10:00,10:15,21124
2017-08-19,10:15,10:30,21245
2017-08-19,10:30,10:45,21373
2017-08-19,10:45,11:00,21455
2017-08-19,11:00,11:15,21458
2017-08-19,11:15,11:30,21558
2017-08-19,11:30,11:45,21640
2017-08-19,11:45,12:00,21623
2017-08-19,12:00,12:15,21503
2017-08-19,12:15,12:30,21470
2017-08-19,12:30,12:45,21414
2017-08-19,12:45,13:00,21318
2017-08-19,13:00,13:15,21124
2017-08-19,13:15,13:30,20988
2017-08-19,13:30,13:45,20845
2017-08-19,13:45,14:00,20575
2017-08-19,14:00,14:15,20377
2017-08-19,14:15,14:30,20280
2017-08-19,14:30,14:45,20173
2017-08-19,14:45,15:00,20025
2017-08-19,15:00,15:15,19979
2017-08-19,15:15,15:30,19938
2017-08-19,15:30,15:45,19876
2017-08-19,15:45,16:00,19769
2017-08-19,16:00,16:15,19772
2017-08-19,16:15,16:30,19753
2017-08-19,16:30,16:45,19712
2017-08-19,16:45,17:00,19685
2017-08-19,17:00,17:15,19747
2017-08-19,17:15,17:30,19707
2017-08-19,17:30,17:45,19714
2017-08-19,17:45,18:00,19740
2017-08-19,18:00,18:15,19744
2017-08-19,18:15,18:30,19658
2017-08-19,18:30,18:45,19650
2017-08-19,18:45,19:00,19601
2017-08-19,19:00,19:15,19576
2017-08-19,19:15,19:30,19488
2017-08-19,19:30,19:45,19392
2017-08-19,19:45,20:00,19238
2017-08-19,20:00,20:15,19031
2017-08-19,20:15,20:30,18820
2017-08-19,20:30,20:45,18738
2017-08-19,20:45,21:00,18677
2017-08-19,21:00,21:15,18639
2017-08-19,21:15,21:30,18505
2017-08-19,21:30,21:45,18367
2017-08-19,21:45,22:00,18188
2017-08-19,22:00,22:15,18017
2017-08-19,22:15,22:30,17759
2017-08-19,22:30,22:45,17526
2017-08-19,22:45,23:00,17318
2017-08-19,23:00,23:15,17036
2017-08-19,23:15,23:30,16830
2017-08-19,23:30,23:45,16638
2017-08-19,23:45,00:00,16442
2017-08-20,00:00,00:15,15885
2017-08-20,00:15,00:30,15735
2017-08-20,00:30,00:45,15612
2017-08-20,00:45,01:00,15454
2017-08-20,01:00,01:15,15248
2017-08-20,01:15,01:30,15150
2017-08-20,01:30,01:45,15075
2017-08-20,01:45,02:00,14950
2017-08-20,02:00,02:15,14814
2017-08-20,02:15,02:30,14774
2017-08-20,02:30,02:45,14729
2017-08-20,02:45,03:00,14695
2017-08-20,03:00,03:15,14633
2017-08-20,03:15,03:30,14634
2017-08-20,03:30,03:45,14612
2017-08-20,03:45,04:00,14570
2017-08-20,04:00,04:15,14577
2017-08-20,04:15,04:30,14592
2017-08-20,04:30,04:45,14599
2017-08-20,04:45,05:00,14566
2017-08-20,05:00,05:15,14569
2017-08-20,05:15,05:30,14582
2017-08-20,05:30,05:45,14556
2017-08-20,05:45,06:00,14560
2017-08-20,06:00,06:15,14479
2017-08-20,06:15,06:30,14383
2017-08-20,06:30,06:45,14307
2017-08-20,06:45,07:00,14332
2017-08-20,07:00,07:15,14458
2017-08-20,07:15,07:30,14680
2017-08-20,07:30,07:45,15007
2017-08-20,07:45,08:00,15341
2017-08-20,08:00,08:15,15704
2017-08-20,08:15,08:30,16039
2017-08-20,08:30,08:45,16437
2017-08-20,08:45,09:00,16804
2017-08-20,09:00,09:15,17199
2017-08-20,09:15,09:30,17477
2017-08-20,09:30,09:45,17781
2017-08-20,09:45,10:00,18047
2017-08-20,10:00,10:15,18293
2017-08-20,10:15,10:30,18505
2017-08-20,10:30,10:45,18730
2017-08-20,10:45,11:00,18920
2017-08-20,11:00,11:15,19101
2017-08-20,11:15,11:30,19347
2017-08-20,11:30,11:45,19556
2017-08-20,11:45,12:00,19631
2017-08-20,12:00,12:15,19625
2017-08-20,12:15,12:30,19644
2017-08-20,12:30,12:45,19569
2017-08-20,12:45,13:00,19426
2017-08-20,13:00,13:15,19230
2017-08-20,13:15,13:30,19082
2017-08-20,13:30,13:45,18937
2017-08-20,13:45,14:00,18701
2017-08-20,14:00,14:15,18539
2017-08-20,14:15,14:30,18469
2017-08-20,14:30,14:45,18336
2017-08-20,14:45,15:00,18183
2017-08-20,15:00,15:15,18146
2017-08-20,15:15,15:30,18102
2017-08-20,15:30,15:45,18047
2017-08-20,15:45,16:00,17951
2017-08-20,16:00,16:15,17989
2017-08-20,16:15,16:30,17967
2017-08-20,16:30,16:45,17979
2017-08-20,16:45,17:00,17993
2017-08-20,17:00,17:15,18131
2017-08-20,17:15,17:30,18159
2017-08-20,17:30,17:45,18239
2017-08-20,17:45,18:00,18318
2017-08-20,18:00,18:15,18478
2017-08-20,18:15,18:30,18481
2017-08-20,18:30,18:45,18510
2017-08-20,18:45,19:00,18518
2017-08-20,19:00,19:15,18552
2017-08-20,19:15,19:30,18540
2017-08-20,19:30,19:45,18557
2017-08-20,19:45,20:00,18494
2017-08-20,20:00,20:15,18519
2017-08-20,20:15,20:30,18431
2017-08-20,20:30,20:45,18394
2017-08-20,20:45,21:00,18360
2017-08-20,21:00,21:15,18412
2017-08-20,21:15,21:30,18298
2017-08-20,21:30,21:45,18188
2017-08-20,21:45,22:00,18135
2017-08-20,22:00,22:15,18063
2017-08-20,22:15,22:30,17836
2017-08-20,22:30,22:45,17576
2017-08-20,22:45,23:00,17314
2017-08-20,23:00,23:15,17005
2017-08-20,23:15,23:30,16782
2017-08-20,23:30,23:45,16570
2017-08-20,23:45,00:00,16367
2017-08-21,00:00,00:15,15928
2017-08-21,00:15,00:30,15818
2017-08-21,00:30,00:45,15736
2017-08-21,00:45,01:00,15617
2017-08-21,01:00,01:15,15452
2017-08-21,01:15,01:30,15401
2017-08-21,01:30,01:45,15360
2017-08-21,01:45,02:00,15256
2017-08-21,02:00,02:15,15151
2017-08-21,02:15,02:30,15147
2017-08-21,02:30,02:45,15154
2017-08-21,02:45,03:00,15180
2017-08-21,03:00,03:15,15226
2017-08-21,03:15,03:30,15277
2017-08-21,03:30,03:45,15334
2017-08-21,03:45,04:00,15386
2017-08-21,04:00,04:15,15573
2017-08-21,04:15,04:30,15704
2017-08-21,04:30,04:45,15876
2017-08-21,04:45,05:00,16075
2017-08-21,05:00,05:15,16555
2017-08-21,05:15,05:30,16889
2017-08-21,05:30,05:45,17357
2017-08-21,05:45,06:00,17973
2017-08-21,06:00,06:15,19266
2017-08-21,06:15,06:30,19944
2017-08-21,06:30,06:45,20489
2017-08-21,06:45,07:00,20978
2017-08-21,07:00,07:15,21686
2017-08-21,07:15,07:30,22072
2017-08-21,07:30,07:45,22442
2017-08-21,07:45,08:00,22816
2017-08-21,08:00,08:15,23237
2017-08-21,08:15,08:30,23427
2017-08-21,08:30,08:45,23652
2017-08-21,08:45,09:00,23745
2017-08-21,09:00,09:15,23730
2017-08-21,09:15,09:30,23886
2017-08-21,09:30,09:45,24048
2017-08-21,09:45,10:00,24146
2017-08-21,10:00,10:15,24215
2017-08-21,10:15,10:30,24305
2017-08-21,10:30,10:45,24480
2017-08-21,10:45,11:00,24605
2017-08-21,11:00,11:15,24619
2017-08-21,11:15,11:30,24756
2017-08-21,11:30,11:45,24880
2017-08-21,11:45,12:00,24926
2017-08-21,12:00,12:15,24743
2017-08-21,12:15,12:30,24767
2017-08-21,12:30,12:45,24808
2017-08-21,12:45,13:00,24809
2017-08-21,13:00,13:15,24772
2017-08-21,13:15,13:30,24691
2017-08-21,13:30,13:45,24556
2017-08-21,13:45,14:00,24255
2017-08-21,14:00,14:15,24082
2017-08-21,14:15,14:30,24071
2017-08-21,14:30,14:45,23983
2017-08-21,14:45,15:00,23838
2017-08-21,15:00,15:15,23819
2017-08-21,15:15,15:30,23706
2017-08-21,15:30,15:45,23556
2017-08-21,15:45,16:00,23337
2017-08-21,16:00,16:15,23291
2017-08-21,16:15,16:30,23168
2017-08-21,16:30,16:45,23032
2017-08-21,16:45,17:00,22946
2017-08-21,17:00,17:15,22936
2017-08-21,17:15,17:30,22892
2017-08-21,17:30,17:45,22891
2017-08-21,17:45,18:00,22874
2017-08-21,18:00,18:15,22786
2017-08-21,18:15,18:30,22705
2017-08-21,18:30,18:45,22759
2017-08-21,18:45,19:00,22812
2017-08-21,19:00,19:15,22787
2017-08-21,19:15,19:30,22678
2017-08-21,19:30,19:45,22575
2017-08-21,19:45,20:00,22449
2017-08-21,20:00,20:15,22172
2017-08-21,20:15,20:30,21973
2017-08-21,20:30,20:45,21899
2017-08-21,20:45,21:00,21806
2017-08-21,21:00,21:15,21659
2017-08-21,21:15,21:30,21404
2017-08-21,21:30,21:45,21145
2017-08-21,21:45,22:00,20784
2017-08-21,22:00,22:15,20281
2017-08-21,22:15,22:30,19935
2017-08-21,22:30,22:45,19552
2017-08-21,22:45,23:00,19193
2017-08-21,23:00,23:15,18692
2017-08-21,23:15,23:30,18408
2017-08-21,23:30,23:45,18172
2017-08-21,23:45,00:00,17970
2017-08-22,00:00,00:15,17594
2017-08-22,00:15,00:30,17441
2017-08-22,00:30,00:45,17337
2017-08-22,00:45,01:00,17216
2017-08-22,01:00,01:15,17003
2017-08-22,01:15,01:30,16963
2017-08-22,01:30,01:45,16905
2017-08-22,01:45,02:00,16785
2017-08-22,02:00,02:15,16630
2017-08-22,02:15,02:30,16593
2017-08-22,02:30,02:45,16611
2017-08-22,02:45,03:00,16656
2017-08-22,03:00,03:15,16677
2017-08-22,03:15,03:30,16735
2017-08-22,03:30,03:45,16784
2017-08-22,03:45,04:00,16805
2017-08-22,04:00,04:15,16920
2017-08-22,04:15,04:30,17042
2017-08-22,04:30,04:45,17170
2017-08-22,04:45,05:00,17342
2017-08-22,05:00,05:15,17752
2017-08-22,05:15,05:30,18035
2017-08-22,05:30,05:45,18417
2017-08-22,05:45,06:00,18907
2017-08-22,06:00,06:15,20099
2017-08-22,06:15,06:30,20717
2017-08-22,06:30,06:45,21179
2017-08-22,06:45,07:00,21611
2017-08-22,07:00,07:15,22263
2017-08-22,07:15,07:30,22628
2017-08-22,07:30,07:45,22978
2017-08-22,07:45,08:00,23318
2017-08-22,08:00,08:15,23711
2017-08-22,08:15,08:30,23877
2017-08-22,08:30,08:45,24048
2017-08-22,08:45,09:00,24139
2017-08-22,09:00,09:15,24092
2017-08-22,09:15,09:30,24198
2017-08-22,09:30,09:45,24370
2017-08-22,09:45,10:00,24483
2017-08-22,10:00,10:15,24554
2017-08-22,10:15,10:30,24658
2017-08-22,10:30,10:45,24839
2017-08-22,10:45,11:00,24964
2017-08-22,11:00,11:15,24950
2017-08-22,11:15,11:30,25086
2017-08-22,11:30,11:45,25230
2017-08-22,11:45,12:00,25259
2017-08-22,12:00,12:15,25088
2017-08-22,12:15,12:30,25120
2017-08-22,12:30,12:45,25163
2017-08-22,12:45,13:00,25186
2017-08-22,13:00,13:15,25129
2017-08-22,13:15,13:30,25040
2017-08-22,13:30,13:45,24895
2017-08-22,13:45,14:00,24609
2017-08-22,14:00,14:15,24430
2017-08-22,14:15,14:30,24382
2017-08-22,14:30,14:45,24312
2017-08-22,14:45,15:00,24174
2017-08-22,15:00,15:15,24118
2017-08-22,15:15,15:30,23998
2017-08-22,15:30,15:45,23864
2017-08-22,15:45,16:00,23679
2017-08-22,16:00,16:15,23618
2017-08-22,16:15,16:30,23509
2017-08-22,16:30,16:45,23401
2017-08-22,16:45,17:00,23305
2017-08-22,17:00,17:15,23284
2017-08-22,17:15,17:30,23240
2017-08-22,17:30,17:45,23242
2017-08-22,17:45,18:00,23232
2017-08-22,18:00,18:15,23105
2017-08-22,18:15,18:30,23024
2017-08-22,18:30,18:45,23052
2017-08-22,18:45,19:00,23106
2017-08-22,19:00,19:15,23073
2017-08-22,19:15,19:30,22956
2017-08-22,19:30,19:45,22846
2017-08-22,19:45,20:00,22688
2017-08-22,20:00,20:15,22418
2017-08-22,20:15,20:30,22245
2017-08-22,20:30,20:45,22187
2017-08-22,20:45,21:00,22098
2017-08-22,21:00,21:15,21953
2017-08-22,21:15,21:30,21715
2017-08-22,21:30,21:45,21387
2017-08-22,21:45,22:00,20967
2017-08-22,22:00,22:15,20456
2017-08-22,22:15,22:30,20091
2017-08-22,22:30,22:45,19711
2017-08-22,22:45,23:00,19341
2017-08-22,23:00,23:15,18847
2017-08-22,23:15,23:30,18579
2017-08-22,23:30,23:45,18340
2017-08-22,23:45,00:00,18145
2017-08-23,00:00,00:15,18055
2017-08-23,00:15,00:30,17926
2017-08-23,00:30,00:45,17787
2017-08-23,00:45,01:00,17638
2017-08-23,01:00,01:15,17449
2017-08-23,01:15,01:30,17370
2017-08-23,01:30,01:45,17307
2017-08-23,01:45,02:00,17182
2017-08-23,02:00,02:15,17021
2017-08-23,02:15,02:30,17004
2017-08-23,02:30,02:45,17003
2017-08-23,02:45,03:00,17039
2017-08-23,03:00,03:15,17059
2017-08-23,03:15,03:30,17111
2017-08-23,03:30,03:45,17160
2017-08-23,03:45,04:00,17175
2017-08-23,04:00,04:15,17296
2017-08-23,04:15,04:30,17421
2017-08-23,04:30,04:45,17559
2017-08-23,04:45,05:00,17724
2017-08-23,05:00,05:15,18116
2017-08-23,05:15,05:30,18378
2017-08-23,05:30,05:45,18768
2017-08-23,05:45,06:00,19261
2017-08-23,06:00,06:15,20385
2017-08-23,06:15,06:30,21071
2017-08-23,06:30,06:45,21563
2017-08-23,06:45,07:00,21967
2017-08-23,07:00,07:15,22560
2017-08-23,07:15,07:30,22927
2017-08-23,07:30,07:45,23295
2017-08-23,07:45,08:00,23657
2017-08-23,08:00,08:15,24032
2017-08-23,08:15,08:30,24246
2017-08-23,08:30,08:45,24412
2017-08-23,08:45,09:00,24485
2017-08-23,09:00,09:15,24399
2017-08-23,09:15,09:30,24502
2017-08-23,09:30,09:45,24650
2017-08-23,09:45,10:00,24732
2017-08-23,10:00,10:15,24810
2017-08-23,10:15,10:30,24889
2017-08-23,10:30,10:45,25061
2017-08-23,10:45,11:00,25175
2017-08-23,11:00,11:15,25189
2017-08-23,11:15,11:30,25309
2017-08-23,11:30,11:45,25435
2017-08-23,11:45,12:00,25473
2017-08-23,12:00,12:15,25342
2017-08-23,12:15,12:30,25331
2017-08-23,12:30,12:45,25351
2017-08-23,12:45,13:00,25355
2017-08-23,13:00,13:15,25316
2017-08-23,13:15,13:30,25211
2017-08-23,13:30,13:45,25058
2017-08-23,13:45,14:00,24769
2017-08-23,14:00,14:15,24608
2017-08-23,14:15,14:30,24576
2017-08-23,14:30,14:45,24511
2017-08-23,14:45,15:00,24359
2017-08-23,15:00,15:15,24318
2017-08-23,15:15,15:30,24199
2017-08-23,15:30,15:45,24033
2017-08-23,15:45,16:00,23878
2017-08-23,16:00,16:15,23829
2017-08-23,16:15,16:30,23695
2017-08-23,16:30,16:45,23537
2017-08-23,16:45,17:00,23472
2017-08-23,17:00,17:15,23402
2017-08-23,17:15,17:30,23370
2017-08-23,17:30,17:45,23379
2017-08-23,17:45,18:00,23389
2017-08-23,18:00,18:15,23243
2017-08-23,18:15,18:30,23192
2017-08-23,18:30,18:45,23238
2017-08-23,18:45,19:00,23275
2017-08-23,19:00,19:15,23253
2017-08-23,19:15,19:30,23124
2017-08-23,19:30,19:45,23055
2017-08-23,19:45,20:00,22950
2017-08-23,20:00,20:15,22753
2017-08-23,20:15,20:30,22684
2017-08-23,20:30,20:45,22638
2017-08-23,20:45,21:00,22523
2017-08-23,21:00,21:15,22320
2017-08-23,21:15,21:30,22055
2017-08-23,21:30,21:45,21756
2017-08-23,21:45,22:00,21324
2017-08-23,22:00,22:15,20879
2017-08-23,22:15,22:30,20564
2017-08-23,22:30,22:45,20191
2017-08-23,22:45,23:00,19844
2017-08-23,23:00,23:15,19371
2017-08-23,23:15,23:30,19101
2017-08-23,23:30,23:45,18832
2017-08-23,23:45,00:00,18585
2017-08-24,00:00,00:15,18239
2017-08-24,00:15,00:30,18087
2017-08-24,00:30,00:45,17961
2017-08-24,00:45,01:00,17814
2017-08-24,01:00,01:15,17571
2017-08-24,01:15,01:30,17509
2017-08-24,01:30,01:45,17446
2017-08-24,01:45,02:00,17311
2017-08-24,02:00,02:15,17154
2017-08-24,02:15,02:30,17130
2017-08-24,02:30,02:45,17135
2017-08-24,02:45,03:00,17148
2017-08-24,03:00,03:15,17180
2017-08-24,03:15,03:30,17218
2017-08-24,03:30,03:45,17259
2017-08-24,03:45,04:00,17265
2017-08-24,04:00,04:15,17382
2017-08-24,04:15,04:30,17504
2017-08-24,04:30,04:45,17642
2017-08-24,04:45,05:00,17813
2017-08-24,05:00,05:15,18192
2017-08-24,05:15,05:30,18479
2017-08-24,05:30,05:45,18884
2017-08-24,05:45,06:00,19368
2017-08-24,06:00,06:15,20547
2017-08-24,06:15,06:30,21247
2017-08-24,06:30,06:45,21759
2017-08-24,06:45,07:00,22157
2017-08-24,07:00,07:15,22779
2017-08-24,07:15,07:30,23168
2017-08-24,07:30,07:45,23542
2017-08-24,07:45,08:00,23905
2017-08-24,08:00,08:15,24287
2017-08-24,08:15,08:30,24472
2017-08-24,08:30,08:45,24643
2017-08-24,08:45,09:00,24718
2017-08-24,09:00,09:15,24668
2017-08-24,09:15,09:30,24778
2017-08-24,09:30,09:45,24939
2017-08-24,09:45,10:00,25035
2017-08-24,10:00,10:15,25101
2017-08-24,10:15,10:30,25191
2017-08-24,10:30,10:45,25350
2017-08-24,10:45,11:00,25464
2017-08-24,11:00,11:15,25508
2017-08-24,11:15,11:30,25649
2017-08-24,11:30,11:45,25799
2017-08-24,11:45,12:00,25834
2017-08-24,12:00,12:15,25732
2017-08-24,12:15,12:30,25763
2017-08-24,12:30,12:45,25789
2017-08-24,12:45,13:00,25803
2017-08-24,13:00,13:15,25777
2017-08-24,13:15,13:30,25649
2017-08-24,13:30,13:45,25478
2017-08-24,13:45,14:00,25187
2017-08-24,14:00,14:15,25077
2017-08-24,14:15,14:30,25061
2017-08-24,14:30,14:45,24977
2017-08-24,14:45,15:00,24820
2017-08-24,15:00,15:15,24778
2017-08-24,15:15,15:30,24642
2017-08-24,15:30,15:45,24500
2017-08-24,15:45,16:00,24299
2017-08-24,16:00,16:15,24241
2017-08-24,16:15,16:30,24106
2017-08-24,16:30,16:45,23924
2017-08-24,16:45,17:00,23818
2017-08-24,17:00,17:15,23766
2017-08-24,17:15,17:30,23705
2017-08-24,17:30,17:45,23716
2017-08-24,17:45,18:00,23697
2017-08-24,18:00,18:15,23507
2017-08-24,18:15,18:30,23435
2017-08-24,18:30,18:45,23470
2017-08-24,18:45,19:00,23500
2017-08-24,19:00,19:15,23446
2017-08-24,19:15,19:30,23305
2017-08-24,19:30,19:45,23211
2017-08-24,19:45,20:00,23099
2017-08-24,20:00,20:15,22901
2017-08-24,20:15,20:30,22825
2017-08-24,20:30,20:45,22770
2017-08-24,20:45,21:00,22625
2017-08-24,21:00,21:15,22418
2017-08-24,21:15,21:30,22151
2017-08-24,21:30,21:45,21797
2017-08-24,21:45,22:00,21377
2017-08-24,22:00,22:15,20927
2017-08-24,22:15,22:30,20600
2017-08-24,22:30,22:45,20219
2017-08-24,22:45,23:00,19862
2017-08-24,23:00,23:15,19387
2017-08-24,23:15,23:30,19139
2017-08-24,23:30,23:45,18897
2017-08-24,23:45,00:00,18653
2017-08-25,00:00,00:15,17964
2017-08-25,00:15,00:30,17821
2017-08-25,00:30,00:45,17709
2017-08-25,00:45,01:00,17547
2017-08-25,01:00,01:15,17285
2017-08-25,01:15,01:30,17208
2017-08-25,01:30,01:45,17140
2017-08-25,01:45,02:00,17016
2017-08-25,02:00,02:15,16828
2017-08-25,02:15,02:30,16798
2017-08-25,02:30,02:45,16814
2017-08-25,02:45,03:00,16815
2017-08-25,03:00,03:15,16825
2017-08-25,03:15,03:30,16861
2017-08-25,03:30,03:45,16909
2017-08-25,03:45,04:00,16904
2017-08-25,04:00,04:15,17019
2017-08-25,04:15,04:30,17137
2017-08-25,04:30,04:45,17294
2017-08-25,04:45,05:00,17465
2017-08-25,05:00,05:15,17836
2017-08-25,05:15,05:30,18103
2017-08-25,05:30,05:45,18478
2017-08-25,05:45,06:00,18973
2017-08-25,06:00,06:15,20226
2017-08-25,06:15,06:30,20921
2017-08-25,06:30,06:45,21350
2017-08-25,06:45,07:00,21735
2017-08-25,07:00,07:15,22410
2017-08-25,07:15,07:30,22771
2017-08-25,07:30,07:45,23138
2017-08-25,07:45,08:00,23499
2017-08-25,08:00,08:15,23900
2017-08-25,08:15,08:30,24075
2017-08-25,08:30,08:45,24248
2017-08-25,08:45,09:00,24298
2017-08-25,09:00,09:15,24283
2017-08-25,09:15,09:30,24429
2017-08-25,09:30,09:45,24609
2017-08-25,09:45,10:00,24678
2017-08-25,10:00,10:15,24753
2017-08-25,10:15,10:30,24845
2017-08-25,10:30,10:45,24986
2017-08-25,10:45,11:00,25065
2017-08-25,11:00,11:15,25027
2017-08-25,11:15,11:30,25158
2017-08-25,11:30,11:45,25266
2017-08-25,11:45,12:00,25265
2017-08-25,12:00,12:15,25104
2017-08-25,12:15,12:30,25113
2017-08-25,12:30,12:45,25095
2017-08-25,12:45,13:00,25009
2017-08-25,13:00,13:15,24864
2017-08-25,13:15,13:30,24707
2017-08-25,13:30,13:45,24536
2017-08-25,13:45,14:00,24248
2017-08-25,14:00,14:15,24059
2017-08-25,14:15,14:30,24018
2017-08-25,14:30,14:45,23891
2017-08-25,14:45,15:00,23710
2017-08-25,15:00,15:15,23614
2017-08-25,15:15,15:30,23478
2017-08-25,15:30,15:45,23317
2017-08-25,15:45,16:00,23134
2017-08-25,16:00,16:15,23118
2017-08-25,16:15,16:30,23044
2017-08-25,16:30,16:45,22925
2017-08-25,16:45,17:00,22838
2017-08-25,17:00,17:15,22806
2017-08-25,17:15,17:30,22712
2017-08-25,17:30,17:45,22679
2017-08-25,17:45,18:00,22634
2017-08-25,18:00,18:15,22464
2017-08-25,18:15,18:30,22368
2017-08-25,18:30,18:45,22401
2017-08-25,18:45,19:00,22368
2017-08-25,19:00,19:15,22261
2017-08-25,19:15,19:30,22104
2017-08-25,19:30,19:45,22007
2017-08-25,19:45,20:00,21909
2017-08-25,20:00,20:15,21667
2017-08-25,20:15,20:30,21649
2017-08-25,20:30,20:45,21711
2017-08-25,20:45,21:00,21574
2017-08-25,21:00,21:15,21253
2017-08-25,21:15,21:30,20953
2017-08-25,21:30,21:45,20637
2017-08-25,21:45,22:00,20271
2017-08-25,22:00,22:15,19840
2017-08-25,22:15,22:30,19551
2017-08-25,22:30,22:45,19260
2017-08-25,22:45,23:00,18986
2017-08-25,23:00,23:15,18544
2017-08-25,23:15,23:30,18323
2017-08-25,23:30,23:45,18123
2017-08-25,23:45,00:00,17897
2017-08-26,00:00,00:15,17547
2017-08-26,00:15,00:30,17407
2017-08-26,00:30,00:45,17302
2017-08-26,00:45,01:00,17139
2017-08-26,01:00,01:15,16887
2017-08-26,01:15,01:30,16766
2017-08-26,01:30,01:45,16677
2017-08-26,01:45,02:00,16521
2017-08-26,02:00,02:15,16333
2017-08-26,02:15,02:30,16252
2017-08-26,02:30,02:45,16240
2017-08-26,02:45,03:00,16187
2017-08-26,03:00,03:15,16117
2017-08-26,03:15,03:30,16103
2017-08-26,03:30,03:45,16091
2017-08-26,03:45,04:00,16047
2017-08-26,04:00,04:15,16062
2017-08-26,04:15,04:30,16073
2017-08-26,04:30,04:45,16101
2017-08-26,04:45,05:00,16132
2017-08-26,05:00,05:15,16170
2017-08-26,05:15,05:30,16218
2017-08-26,05:30,05:45,16264
2017-08-26,05:45,06:00,16355
2017-08-26,06:00,06:15,16678
2017-08-26,06:15,06:30,16807
2017-08-26,06:30,06:45,16822
2017-08-26,06:45,07:00,16921
2017-08-26,07:00,07:15,17284
2017-08-26,07:15,07:30,17559
2017-08-26,07:30,07:45,17942
2017-08-26,07:45,08:00,18375
2017-08-26,08:00,08:15,18864
2017-08-26,08:15,08:30,19166
2017-08-26,08:30,08:45,19534
2017-08-26,08:45,09:00,19830
2017-08-26,09:00,09:15,20165
2017-08-26,09:15,09:30,20422
2017-08-26,09:30,09:45,20735
2017-08-26,09:45,10:00,20921
2017-08-26,10:00,10:15,21086
2017-08-26,10:15,10:30,21197
2017-08-26,10:30,10:45,21312
2017-08-26,10:45,11:00,21362
2017-08-26,11:00,11:15,21371
2017-08-26,11:15,11:30,21515
2017-08-26,11:30,11:45,21608
2017-08-26,11:45,12:00,21574
2017-08-26,12:00,12:15,21460
2017-08-26,12:15,12:30,21459
2017-08-26,12:30,12:45,21422
2017-08-26,12:45,13:00,21282
2017-08-26,13:00,13:15,21108
2017-08-26,13:15,13:30,20965
2017-08-26,13:30,13:45,20841
2017-08-26,13:45,14:00,20566
2017-08-26,14:00,14:15,20381
2017-08-26,14:15,14:30,20285
2017-08-26,14:30,14:45,20171
2017-08-26,14:45,15:00,20018
2017-08-26,15:00,15:15,19951
2017-08-26,15:15,15:30,19887
2017-08-26,15:30,15:45,19792
2017-08-26,15:45,16:00,19671
2017-08-26,16:00,16:15,19687
2017-08-26,16:15,16:30,19681
2017-08-26,16:30,16:45,19621
2017-08-26,16:45,17:00,19583
2017-08-26,17:00,17:15,19638
2017-08-26,17:15,17:30,19583
2017-08-26,17:30,17:45,19640
2017-08-26,17:45,18:00,19667
2017-08-26,18:00,18:15,19665
2017-08-26,18:15,18:30,19594
2017-08-26,18:30,18:45,19616
2017-08-26,18:45,19:00,19562
2017-08-26,19:00,19:15,19515
2017-08-26,19:15,19:30,19424
2017-08-26,19:30,19:45,19345
2017-08-26,19:45,20:00,19235
2017-08-26,20:00,20:15,19093
2017-08-26,20:15,20:30,19032
2017-08-26,20:30,20:45,19079
2017-08-26,20:45,21:00,18992
2017-08-26,21:00,21:15,18752
2017-08-26,21:15,21:30,18476
2017-08-26,21:30,21:45,18264
2017-08-26,21:45,22:00,18048
2017-08-26,22:00,22:15,17864
2017-08-26,22:15,22:30,17610
2017-08-26,22:30,22:45,17384
2017-08-26,22:45,23:00,17193
2017-08-26,23:00,23:15,16877
2017-08-26,23:15,23:30,16708
2017-08-26,23:30,23:45,16544
2017-08-26,23:45,00:00,16352
2017-08-27,00:00,00:15,16064
2017-08-27,00:15,00:30,15933
2017-08-27,00:30,00:45,15829
2017-08-27,00:45,01:00,15666
2017-08-27,01:00,01:15,15418
2017-08-27,01:15,01:30,15291
2017-08-27,01:30,01:45,15206
2017-08-27,01:45,02:00,15067
2017-08-27,02:00,02:15,14910
2017-08-27,02:15,02:30,14854
2017-08-27,02:30,02:45,14824
2017-08-27,02:45,03:00,14751
2017-08-27,03:00,03:15,14673
2017-08-27,03:15,03:30,14661
2017-08-27,03:30,03:45,14649
2017-08-27,03:45,04:00,14596
2017-08-27,04:00,04:15,14577
2017-08-27,04:15,04:30,14571
2017-08-27,04:30,04:45,14589
2017-08-27,04:45,05:00,14577
2017-08-27,05:00,05:15,14555
2017-08-27,05:15,05:30,14561
2017-08-27,05:30,05:45,14550
2017-08-27,05:45,06:00,14574
2017-08-27,06:00,06:15,14677
2017-08-27,06:15,06:30,14684
2017-08-27,06:30,06:45,14579
2017-08-27,06:45,07:00,14555
2017-08-27,07:00,07:15,14708
2017-08-27,07:15,07:30,14891
2017-08-27,07:30,07:45,15212
2017-08-27,07:45,08:00,15569
2017-08-27,08:00,08:15,15919
2017-08-27,08:15,08:30,16223
2017-08-27,08:30,08:45,16599
2017-08-27,08:45,09:00,16928
2017-08-27,09:00,09:15,17289
2017-08-27,09:15,09:30,17582
2017-08-27,09:30,09:45,17925
2017-08-27,09:45,10:00,18167
2017-08-27,10:00,10:15,18419
2017-08-27,10:15,10:30,18623
2017-08-27,10:30,10:45,18840
2017-08-27,10:45,11:00,18996
2017-08-27,11:00,11:15,19173
2017-08-27,11:15,11:30,19449
2017-08-27,11:30,11:45,19660
2017-08-27,11:45,12:00,19722
2017-08-27,12:00,12:15,19737
2017-08-27,12:15,12:30,19759
2017-08-27,12:30,12:45,19706
2017-08-27,12:45,13:00,19523
2017-08-27,13:00,13:15,19338
2017-08-27,13:15,13:30,19183
2017-08-27,13:30,13:45,19046
2017-08-27,13:45,14:00,18808
2017-08-27,14:00,14:15,18655
2017-08-27,14:15,14:30,18589
2017-08-27,14:30,14:45,18471
2017-08-27,14:45,15:00,18321
2017-08-27,15:00,15:15,18241
2017-08-27,15:15,15:30,18171
2017-08-27,15:30,15:45,18093
2017-08-27,15:45,16:00,17983
2017-08-27,16:00,16:15,18023
2017-08-27,16:15,16:30,18011
2017-08-27,16:30,16:45,18013
2017-08-27,16:45,17:00,18012
2017-08-27,17:00,17:15,18128
2017-08-27,17:15,17:30,18140
2017-08-27,17:30,17:45,18274
2017-08-27,17:45,18:00,18366
2017-08-27,18:00,18:15,18489
2017-08-27,18:15,18:30,18502
2017-08-27,18:30,18:45,18550
2017-08-27,18:45,19:00,18548
2017-08-27,19:00,19:15,18553
2017-08-27,19:15,19:30,18543
2017-08-27,19:30,19:45,18598
2017-08-27,19:45,20:00,18604
2017-08-27,20:00,20:15,18698
2017-08-27,20:15,20:30,18760
2017-08-27,20:30,20:45,18854
2017-08-27,20:45,21:00,18801
2017-08-27,21:00,21:15,18649
2017-08-27,21:15,21:30,18411
2017-08-27,21:30,21:45,18231
2017-08-27,21:45,22:00,18133
2017-08-27,22:00,22:15,18066
2017-08-27,22:15,22:30,17844
2017-08-27,22:30,22:45,17594
2017-08-27,22:45,23:00,17333
2017-08-27,23:00,23:15,16996
2017-08-27,23:15,23:30,16797
2017-08-27,23:30,23:45,16606
2017-08-27,23:45,00:00,16383
2017-08-28,00:00,00:15,16078
2017-08-28,00:15,00:30,15987
2017-08-28,00:30,00:45,15918
2017-08-28,00:45,01:00,15795
2017-08-28,01:00,01:15,15607
2017-08-28,01:15,01:30,15529
2017-08-28,01:30,01:45,15487
2017-08-28,01:45,02:00,15371
2017-08-28,02:00,02:15,15257
2017-08-28,02:15,02:30,15240
2017-08-28,02:30,02:45,15263
2017-08-28,02:45,03:00,15253
2017-08-28,03:00,03:15,15289
2017-08-28,03:15,03:30,15335
2017-08-28,03:30,03:45,15393
2017-08-28,03:45,04:00,15440
2017-08-28,04:00,04:15,15602
2017-08-28,04:15,04:30,15720
2017-08-28,04:30,04:45,15912
2017-08-28,04:45,05:00,16130
2017-08-28,05:00,05:15,16575
2017-08-28,05:15,05:30,16909
2017-08-28,05:30,05:45,17391
2017-08-28,05:45,06:00,18028
2017-08-28,06:00,06:15,19471
2017-08-28,06:15,06:30,20245
2017-08-28,06:30,06:45,20749
2017-08-28,06:45,07:00,21191
2017-08-28,07:00,07:15,21918
2017-08-28,07:15,07:30,22263
2017-08-28,07:30,07:45,22622
2017-08-28,07:45,08:00,23014
2017-08-28,08:00,08:15,23424
2017-08-28,08:15,08:30,23592
2017-08-28,08:30,08:45,23793
2017-08-28,08:45,09:00,23848
2017-08-28,09:00,09:15,23806
2017-08-28,09:15,09:30,23987
2017-08-28,09:30,09:45,24186
2017-08-28,09:45,10:00,24258
2017-08-28,10:00,10:15,24326
2017-08-28,10:15,10:30,24407
2017-08-28,10:30,10:45,24570
2017-08-28,10:45,11:00,24667
2017-08-28,11:00,11:15,24676
2017-08-28,11:15,11:30,24846
2017-08-28,11:30,11:45,24969
2017-08-28,11:45,12:00,25004
2017-08-28,12:00,12:15,24835
2017-08-28,12:15,12:30,24872
2017-08-28,12:30,12:45,24924
2017-08-28,12:45,13:00,24887
2017-08-28,13:00,13:15,24874
2017-08-28,13:15,13:30,24805
2017-08-28,13:30,13:45,24691
2017-08-28,13:45,14:00,24393
2017-08-28,14:00,14:15,24224
2017-08-28,14:15,14:30,24218
2017-08-28,14:30,14:45,24131
2017-08-28,14:45,15:00,23982
2017-08-28,15:00,15:15,23925
2017-08-28,15:15,15:30,23796
2017-08-28,15:30,15:45,23627
2017-08-28,15:45,16:00,23400
2017-08-28,16:00,16:15,23344
2017-08-28,16:15,16:30,23232
2017-08-28,16:30,16:45,23091
2017-08-28,16:45,17:00,23002
2017-08-28,17:00,17:15,22971
2017-08-28,17:15,17:30,22906
2017-08-28,17:30,17:45,22945
2017-08-28,17:45,18:00,22949
2017-08-28,18:00,18:15,22821
2017-08-28,18:15,18:30,22762
2017-08-28,18:30,18:45,22835
2017-08-28,18:45,19:00,22858
2017-08-28,19:00,19:15,22800
2017-08-28,19:15,19:30,22697
2017-08-28,19:30,19:45,22641
2017-08-28,19:45,20:00,22585
2017-08-28,20:00,20:15,22386
2017-08-28,20:15,20:30,22327
2017-08-28,20:30,20:45,22377
2017-08-28,20:45,21:00,22258
2017-08-28,21:00,21:15,21919
2017-08-28,21:15,21:30,21536
2017-08-28,21:30,21:45,21205
2017-08-28,21:45,22:00,20796
2017-08-28,22:00,22:15,20306
2017-08-28,22:15,22:30,19964
2017-08-28,22:30,22:45,19589
2017-08-28,22:45,23:00,19231
2017-08-28,23:00,23:15,18725
2017-08-28,23:15,23:30,18456
2017-08-28,23:30,23:45,18238
2017-08-28,23:45,00:00,18022
2017-08-29,00:00,00:15,17635
2017-08-29,00:15,00:30,17503
2017-08-29,00:30,00:45,17386
2017-08-29,00:45,01:00,17241
2017-08-29,01:00,01:15,16982
2017-08-29,01:15,01:30,16898
2017-08-29,01:30,01:45,16846
2017-08-29,01:45,02:00,16735
2017-08-29,02:00,02:15,16518
2017-08-29,02:15,02:30,16512
2017-08-29,02:30,02:45,16542
2017-08-29,02:45,03:00,16571
2017-08-29,03:00,03:15,16536
2017-08-29,03:15,03:30,16596
2017-08-29,03:30,03:45,16630
2017-08-29,03:45,04:00,16626
2017-08-29,04:00,04:15,16698
2017-08-29,04:15,04:30,16859
2017-08-29,04:30,04:45,16986
2017-08-29,04:45,05:00,17172
2017-08-29,05:00,05:15,17609
2017-08-29,05:15,05:30,17857
2017-08-29,05:30,05:45,18133
2017-08-29,05:45,06:00,18596
2017-08-29,06:00,06:15,19794
2017-08-29,06:15,06:30,20487
2017-08-29,06:30,06:45,20956
2017-08-29,06:45,07:00,21376
2017-08-29,07:00,07:15,21987
2017-08-29,07:15,07:30,22308
2017-08-29,07:30,07:45,22683
2017-08-29,07:45,08:00,23028
2017-08-29,08:00,08:15,23409
2017-08-29,08:15,08:30,23637
2017-08-29,08:30,08:45,23802
2017-08-29,08:45,09:00,23917
2017-08-29,09:00,09:15,23848
2017-08-29,09:15,09:30,23974
2017-08-29,09:30,09:45,24180
2017-08-29,09:45,10:00,24306
2017-08-29,10:00,10:15,24369
2017-08-29,10:15,10:30,24455
2017-08-29,10:30,10:45,24604
2017-08-29,10:45,11:00,24705
2017-08-29,11:00,11:15,24691
2017-08-29,11:15,11:30,24858
2017-08-29,11:30,11:45,24986
2017-08-29,11:45,12:00,25040
2017-08-29,12:00,12:15,24948
2017-08-29,12:15,12:30,24959
2017-08-29,12:30,12:45,24991
2017-08-29,12:45,13:00,24997
2017-08-29,13:00,13:15,24944
2017-08-29,13:15,13:30,24904
2017-08-29,13:30,13:45,24708
2017-08-29,13:45,14:00,24400
2017-08-29,14:00,14:15,24225
2017-08-29,14:15,14:30,24160
2017-08-29,14:30,14:45,24086
2017-08-29,14:45,15:00,23930
2017-08-29,15:00,15:15,23868
2017-08-29,15:15,15:30,23725
2017-08-29,15:30,15:45,23535
2017-08-29,15:45,16:00,23342
2017-08-29,16:00,16:15,23249
2017-08-29,16:15,16:30,23123
2017-08-29,16:30,16:45,23009
2017-08-29,16:45,17:00,22930
2017-08-29,17:00,17:15,22911
2017-08-29,17:15,17:30,22844
2017-08-29,17:30,17:45,22840
2017-08-29,17:45,18:00,22822
2017-08-29,18:00,18:15,22651
2017-08-29,18:15,18:30,22590
2017-08-29,18:30,18:45,22593
2017-08-29,18:45,19:00,22616
2017-08-29,19:00,19:15,22657
2017-08-29,19:15,19:30,22629
2017-08-29,19:30,19:45,22652
2017-08-29,19:45,20:00,22642
2017-08-29,20:00,20:15,22460
2017-08-29,20:15,20:30,22344
2017-08-29,20:30,20:45,22245
2017-08-29,20:45,21:00,22050
2017-08-29,21:00,21:15,21782
2017-08-29,21:15,21:30,21522
2017-08-29,21:30,21:45,21209
2017-08-29,21:45,22:00,20800
2017-08-29,22:00,22:15,20389
2017-08-29,22:15,22:30,20048
2017-08-29,22:30,22:45,19678
2017-08-29,22:45,23:00,19294
2017-08-29,23:00,23:15,18825
2017-08-29,23:15,23:30,18605
2017-08-29,23:30,23:45,18353
2017-08-29,23:45,00:00,18154
2017-08-30,00:00,00:15,17994
2017-08-30,00:15,00:30,17866
2017-08-30,00:30,00:45,17748
2017-08-30,00:45,01:00,17606
2017-08-30,01:00,01:15,17390
2017-08-30,01:15,01:30,17325
2017-08-30,01:30,01:45,17271
2017-08-30,01:45,02:00,17151
2017-08-30,02:00,02:15,16985
2017-08-30,02:15,02:30,16964
2017-08-30,02:30,02:45,16977
2017-08-30,02:45,03:00,16966
2017-08-30,03:00,03:15,16970
2017-08-30,03:15,03:30,16996
2017-08-30,03:30,03:45,17033
2017-08-30,03:45,04:00,17037
2017-08-30,04:00,04:15,17104
2017-08-30,04:15,04:30,17224
2017-08-30,04:30,04:45,17348
2017-08-30,04:45,05:00,17503
2017-08-30,05:00,05:15,17912
2017-08-30,05:15,05:30,18190
2017-08-30,05:30,05:45,18579
2017-08-30,05:45,06:00,19084
2017-08-30,06:00,06:15,20353
2017-08-30,06:15,06:30,21171
2017-08-30,06:30,06:45,21766
2017-08-30,06:45,07:00,22198
2017-08-30,07:00,07:15,22773
2017-08-30,07:15,07:30,23101
2017-08-30,07:30,07:45,23407
2017-08-30,07:45,08:00,23745
2017-08-30,08:00,08:15,24105
2017-08-30,08:15,08:30,24281
2017-08-30,08:30,08:45,24440
2017-08-30,08:45,09:00,24510
2017-08-30,09:00,09:15,24418
2017-08-30,09:15,09:30,24507
2017-08-30,09:30,09:45,24673
2017-08-30,09:45,10:00,24790
2017-08-30,10:00,10:15,24849
2017-08-30,10:15,10:30,24943
2017-08-30,10:30,10:45,25087
2017-08-30,10:45,11:00,25222
2017-08-30,11:00,11:15,25262
2017-08-30,11:15,11:30,25399
2017-08-30,11:30,11:45,25520
2017-08-30,11:45,12:00,25568
2017-08-30,12:00,12:15,25477
2017-08-30,12:15,12:30,25481
2017-08-30,12:30,12:45,25509
2017-08-30,12:45,13:00,25536
2017-08-30,13:00,13:15,25514
2017-08-30,13:15,13:30,25440
2017-08-30,13:30,13:45,25287
2017-08-30,13:45,14:00,24999
2017-08-30,14:00,14:15,24857
2017-08-30,14:15,14:30,24858
2017-08-30,14:30,14:45,24782
2017-08-30,14:45,15:00,24639
2017-08-30,15:00,15:15,24576
2017-08-30,15:15,15:30,24429
2017-08-30,15:30,15:45,24280
2017-08-30,15:45,16:00,24090
2017-08-30,16:00,16:15,24028
2017-08-30,16:15,16:30,23905
2017-08-30,16:30,16:45,23726
2017-08-30,16:45,17:00,23637
2017-08-30,17:00,17:15,23590
2017-08-30,17:15,17:30,23489
2017-08-30,17:30,17:45,23487
2017-08-30,17:45,18:00,23466
2017-08-30,18:00,18:15,23259
2017-08-30,18:15,18:30,23166
2017-08-30,18:30,18:45,23174
2017-08-30,18:45,19:00,23171
2017-08-30,19:00,19:15,23123
2017-08-30,19:15,19:30,23056
2017-08-30,19:30,19:45,23067
2017-08-30,19:45,20:00,23110
2017-08-30,20:00,20:15,22997
2017-08-30,20:15,20:30,22902
2017-08-30,20:30,20:45,22773
2017-08-30,20:45,21:00,22558
2017-08-30,21:00,21:15,22243
2017-08-30,21:15,21:30,21918
2017-08-30,21:30,21:45,21543
2017-08-30,21:45,22:00,21120
2017-08-30,22:00,22:15,20679
2017-08-30,22:15,22:30,20355
2017-08-30,22:30,22:45,19960
2017-08-30,22:45,23:00,19607
2017-08-30,23:00,23:15,19131
2017-08-30,23:15,23:30,18876
2017-08-30,23:30,23:45,18616
2017-08-30,23:45,00:00,18358
2017-08-31,00:00,00:15,18066
2017-08-31,00:15,00:30,17944
2017-08-31,00:30,00:45,17825
2017-08-31,00:45,01:00,17683
2017-08-31,01:00,01:15,17464
2017-08-31,01:15,01:30,17404
2017-08-31,01:30,01:45,17349
2017-08-31,01:45,02:00,17231
2017-08-31,02:00,02:15,17063
2017-08-31,02:15,02:30,17041
2017-08-31,02:30,02:45,17054
2017-08-31,02:45,03:00,17040
2017-08-31,03:00,03:15,17044
2017-08-31,03:15,03:30,17068
2017-08-31,03:30,03:45,17108
2017-08-31,03:45,04:00,17118
2017-08-31,04:00,04:15,17193
2017-08-31,04:15,04:30,17317
2017-08-31,04:30,04:45,17444
2017-08-31,04:45,05:00,17601
2017-08-31,05:00,05:15,18018
2017-08-31,05:15,05:30,18298
2017-08-31,05:30,05:45,18699
2017-08-31,05:45,06:00,19208
2017-08-31,06:00,06:15,20495
2017-08-31,06:15,06:30,21321
2017-08-31,06:30,06:45,21925
2017-08-31,06:45,07:00,22355
2017-08-31,07:00,07:15,22944
2017-08-31,07:15,07:30,23272
2017-08-31,07:30,07:45,23574
2017-08-31,07:45,08:00,23915
2017-08-31,08:00,08:15,24290
2017-08-31,08:15,08:30,24476
2017-08-31,08:30,08:45,24635
2017-08-31,08:45,09:00,24708
2017-08-31,09:00,09:15,24622
2017-08-31,09:15,09:30,24718
2017-08-31,09:30,09:45,24890
2017-08-31,09:45,10:00,25014
2017-08-31,10:00,10:15,25083
2017-08-31,10:15,10:30,25184
2017-08-31,10:30,10:45,25333
2017-08-31,10:45,11:00,25477
2017-08-31,11:00,11:15,25542
2017-08-31,11:15,11:30,25690
2017-08-31,11:30,11:45,25824
2017-08-31,11:45,12:00,25876
2017-08-31,12:00,12:15,25790
2017-08-31,12:15,12:30,25806
2017-08-31,12:30,12:45,25834
2017-08-31,12:45,13:00,25865
2017-08-31,13:00,13:15,25844
2017-08-31,13:15,13:30,25767
2017-08-31,13:30,13:45,25613
2017-08-31,13:45,14:00,25319
2017-08-31,14:00,14:15,25187
2017-08-31,14:15,14:30,25195
2017-08-31,14:30,14:45,25110
2017-08-31,14:45,15:00,24964
2017-08-31,15:00,15:15,24893
2017-08-31,15:15,15:30,24748
2017-08-31,15:30,15:45,24599
2017-08-31,15:45,16:00,24403
2017-08-31,16:00,16:15,24346
2017-08-31,16:15,16:30,24230
2017-08-31,16:30,16:45,24044
2017-08-31,16:45,17:00,23947
2017-08-31,17:00,17:15,23892
2017-08-31,17:15,17:30,23786
2017-08-31,17:30,17:45,23776
2017-08-31,17:45,18:00,23749
2017-08-31,18:00,18:15,23529
2017-08-31,18:15,18:30,23426
2017-08-31,18:30,18:45,23420
2017-08-31,18:45,19:00,23404
2017-08-31,19:00,19:15,23331
2017-08-31,19:15,19:30,23261
2017-08-31,19:30,19:45,23264
2017-08-31,19:45,20:00,23307
2017-08-31,20:00,20:15,23188
2017-08-31,20:15,20:30,23091
2017-08-31,20:30,20:45,22955
2017-08-31,20:45,21:00,22732
2017-08-31,21:00,21:15,22405
2017-08-31,21:15,21:30,22069
2017-08-31,21:30,21:45,21681
2017-08-31,21:45,22:00,21246
2017-08-31,22:00,22:15,20792
2017-08-31,22:15,22:30,20457
2017-08-31,22:30,22:45,20055
2017-08-31,22:45,23:00,19696
2017-08-31,23:00,23:15,19215
2017-08-31,23:15,23:30,18959
2017-08-31,23:30,23:45,18695
2017-08-31,23:45,00:00,18434
