timestamp,hum_count,hum_min,hum_max,hum_mean,press_count,press_min,press_max,press_mean,temp_count,temp_min,temp_max,temp_mean,windspeed_count,windspeed_min,windspeed_max,windspeed_mean,winddir
1385852400,3,93,100,95.33,3,1031,1032,1031.67,3,279.15,279.15,279.15,3,1.5,2.1,1.7,340
1385856000,2,100,100,100,2,1027,1027,1027,2,278.15,278.15,278.15,2,0.5,0.5,0.5,0
1385859600,2,100,100,100,2,1028,1028,1028,2,278.15,278.15,278.15,2,0.5,1,0.75,310
1385863200,2,100,100,100,2,1028,1028,1028,2,278.15,278.15,278.15,2,1.5,1.5,1.5,235
1385866800,2,100,100,100,2,1028,1028,1028,2,278.15,278.15,278.15,2,1.5,1.5,1.5,280
1385870400,2,100,100,100,2,1028,1028,1028,2,278.15,278.15,278.15,2,0.5,1.5,1,305
1385874000,3,100,100,100,3,1028,1028,1028,3,278.15,278.15,278.15,3,1,1.5,1.33,337
1385877600,1,100,100,100,1,1029,1029,1029,1,278.15,278.15,278.15,1,1,1,1,
1385881200,2,100,100,100,2,1029,1029,1029,2,278.15,278.15,278.15,2,1.5,1.5,1.5,340
1385884800,2,100,100,100,2,1030,1030,1030,2,278.15,278.15,278.15,2,0.5,1,0.75,350
1385888400,2,100,100,100,2,1030,1030,1030,2,278.15,278.15,278.15,2,2.1,2.1,2.1,250
1385892000,2,100,100,100,2,1030,1030,1030,2,278.15,278.15,278.15,2,2.1,2.1,2.1,240
1385895600,2,93,93,93,2,1030,1030,1030,2,279.15,279.15,279.15,2,1,1,1,0
1385899200,2,87,93,90,2,1029,1030,1029.5,2,279.15,280.15,279.65,2,1.5,1.5,1.5,0
1385902800,3,87,87,87,3,1029,1029,1029,3,280.15,280.15,280.15,3,1,1.5,1.17,312
1385906400,1,81,81,81,1,1029,1029,1029,1,280.15,280.15,280.15,1,2.1,2.1,2.1,
1385910000,3,86,87,86.33,3,1029,1030,1029.67,3,278.15,279.15,278.48,3,0,1,0.33,357
1385913600,1,93,93,93,1,1030,1030,1030,1,278.15,278.15,278.15,1,0.5,0.5,0.5,
1385917200,2,93,93,93,2,1030,1030,1030,2,278.15,278.15,278.15,2,0.5,0.5,0.5,0
1385920800,2,93,93,93,2,1030,1030,1030,2,279.15,279.15,279.15,2,1.5,1.5,1.5,280
1385924400,2,93,93,93,2,1030,1030,1030,2,279.15,279.15,279.15,2,1,1,1,260
1385928000,2,93,93,93,2,1031,1031,1031,2,279.15,279.15,279.15,2,0.5,1.5,1,310
1385931600,2,93,93,93,2,1031,1031,1031,2,279.15,279.15,279.15,2,1,1,1,310
1385935200,2,93,93,93,2,1031,1031,1031,2,279.15,279.15,279.15,2,1,2.6,1.8,345
1385938800,,,,,2,1031,1031,1031,2,275.15,275.15,275.15,2,1.5,2.1,1.8,115
1385942400,1,100,100,100,1,1032,1032,1032,1,279.15,279.15,279.15,1,1.5,1.5,1.5,
1385946000,2,93,100,96.5,2,1032,1032,1032,2,279.15,279.15,279.15,2,1.5,2.1,1.8,0
1385949600,2,93,93,93,2,1032,1032,1032,2,279.15,279.15,279.15,2,2.1,2.1,2.1,25
1385953200,2,93,93,93,2,1032,1032,1032,2,279.15,279.15,279.15,2,1.5,2.1,1.8,35
1385956800,2,93,93,93,2,1032,1032,1032,2,279.15,279.15,279.15,2,1.5,2.1,1.8,35
1385960400,2,93,93,93,2,1032,1033,1032.5,2,279.15,279.15,279.15,2,1.5,1.5,1.5,55
1385964000,2,87,87,87,2,1033,1033,1033,2,279.15,279.15,279.15,2,1.5,2.1,1.8,75
1385967600,2,87,93,90,2,1033,1033,1033,2,278.15,279.15,278.65,2,1.5,1.5,1.5,55
1385971200,2,87,93,90,2,1034,1034,1034,2,278.15,279.15,278.65,2,2.1,2.6,2.35,60
1385974800,2,75,81,78,2,1034,1034,1034,2,280.15,280.15,280.15,2,2.6,3.1,2.85,90
1385978400,2,75,75,75,2,1034,1034,1034,2,280.15,280.15,280.15,2,2.6,2.6,2.6,100
1385982000,2,61,65,63,2,1033,1033,1033,2,281.15,281.15,281.15,2,3.1,4.6,3.85,95
1385985600,2,65,65,65,2,1033,1033,1033,2,281.15,281.15,281.15,2,3.1,3.1,3.1,90
1385989200,2,65,65,65,2,1032,1032,1032,2,281.15,281.15,281.15,2,2.6,3.1,2.85,90
1385992800,2,65,65,65,2,1032,1032,1032,2,281.15,281.15,281.15,2,2.1,2.1,2.1,85
1385996400,2,70,80,75,2,1032,1032,1032,2,278.15,280.15,279.15,2,1.5,1.5,1.5,55
1386000000,2,80,86,83,2,1031,1031,1031,2,276.15,277.15,276.65,2,1.5,1.5,1.5,70
1386003600,2,86,86,86,2,1031,1031,1031,2,276.15,276.15,276.15,2,1.5,1.5,1.5,80
1386007200,2,93,93,93,2,1031,1031,1031,2,275.15,275.15,275.15,2,1,1.5,1.25,110
1386010800,2,93,93,93,2,1031,1031,1031,2,275.15,275.15,275.15,2,2.6,2.6,2.6,65
1386014400,,,,,2,1031,1031,1031,2,275.15,276.15,275.65,2,2.1,2.6,2.35,85
1386018000,,,,,2,1031,1031,1031,2,276.15,276.15,276.15,2,2.1,2.1,2.1,100
1386021600,,,,,2,1031,1031,1031,2,275.15,275.15,275.15,2,2.1,2.1,2.1,95
1386025200,2,100,100,100,2,1026,1026,1026,2,272.15,272.15,272.15,2,0.5,1,0.75,60
1386028800,,,,,2,1030,1030,1030,2,275.15,275.15,275.15,2,1,1,1,110
1386032400,,,,,2,1030,1030,1030,2,273.15,273.15,273.15,2,1.5,1.5,1.5,120
1386036000,,,,,2,1030,1030,1030,2,273.15,274.15,273.65,2,1.5,2.1,1.8,105
1386039600,2,86,86,86,2,1029,1029,1029,2,274.15,274.15,274.15,2,1.5,1.5,1.5,110
1386043200,,,,,2,1029,1029,1029,2,273.15,273.15,273.15,2,1.5,2.6,2.05,105
1386046800,1,100,100,100,2,1029,1029,1029,2,272.15,273.15,272.65,2,1.5,2.6,2.05,120
1386050400,2,92,92,92,2,1029,1029,1029,2,272.15,272.15,272.15,2,1.5,1.5,1.5,120
1386054000,1,92,92,92,2,1029,1029,1029,2,271.15,273.15,272.15,2,1.5,2.1,1.8,125
1386057600,1,80,80,80,2,1029,1029,1029,2,273.15,275.15,274.15,2,1.5,3.1,2.3,115
1386061200,,,,,2,1029,1029,1029,2,276.15,277.15,276.65,2,3.6,4.6,4.1,125
1386064800,,,,,2,1029,1029,1029,2,277.15,277.15,277.15,2,4.6,4.6,4.6,140
1386068400,,,,,2,1028,1029,1028.5,2,278.15,279.15,278.65,2,3.6,4.1,3.85,140
1386072000,,,,,2,1028,1028,1028,2,279.15,279.15,279.15,2,2.1,3.1,2.6,145
1386075600,,,,,2,1027,1028,1027.5,2,279.15,279.15,279.15,2,1.5,1.5,1.5,150
1386079200,,,,,2,1028,1028,1028,2,278.15,279.15,278.65,2,1,1.5,1.25,145
1386082800,,,,,2,1027,1027,1027,2,276.15,277.15,276.65,2,1,2.1,1.55,120
1386086400,1,80,80,80,2,1027,1027,1027,2,275.15,276.15,275.65,2,1,1.5,1.25,115
1386090000,2,80,86,83,2,1027,1027,1027,2,274.15,275.15,274.65,2,1,1,1,65
1386093600,2,92,92,92,2,1027,1027,1027,2,272.15,272.15,272.15,2,0.5,0.5,0.5,35
1386097200,2,92,92,92,2,1027,1027,1027,2,272.15,272.15,272.15,2,1.5,2.1,1.8,65
1386100800,2,92,92,92,2,1027,1027,1027,2,271.15,271.15,271.15,2,1,1,1,60
1386104400,2,100,100,100,2,1026,1026,1026,2,270.15,271.15,270.65,2,0.5,1,0.75,95
1386108000,2,100,100,100,2,1026,1026,1026,2,271.15,272.15,271.65,2,1,1.5,1.25,100
1386111600,2,100,100,100,2,1029,1029,1029,2,276.15,276.15,276.15,2,0.5,1.5,1,280
1386115200,2,100,100,100,2,1026,1026,1026,2,271.15,271.15,271.15,2,2.1,2.6,2.35,130
1386118800,2,100,100,100,2,1026,1026,1026,2,272.15,272.15,272.15,2,2.6,3.1,2.85,130
1386122400,1,100,100,100,2,1025,1026,1025.5,2,272.15,273.15,272.65,2,2.1,3.1,2.6,145
1386126000,,,,,2,1025,1025,1025,2,273.15,273.15,273.15,2,2.6,3.6,3.1,150
1386129600,,,,,2,1024,1025,1024.5,2,274.15,274.15,274.15,2,2.6,3.1,2.85,145
1386133200,,,,,2,1025,1025,1025,2,274.15,274.15,274.15,2,1,2.1,1.55,135
1386136800,,,,,2,1025,1025,1025,2,274.15,274.15,274.15,2,0.5,1,0.75,55
1386140400,1,100,100,100,2,1025,1025,1025,2,274.15,274.15,274.15,2,1,1,1,135
1386144000,2,93,93,93,2,1026,1026,1026,2,275.15,275.15,275.15,2,1.5,2.1,1.8,145
1386147600,2,93,100,96.5,2,1026,1026,1026,2,275.15,277.15,276.15,2,1.5,4.1,2.8,230
1386151200,2,86,93,89.5,2,1026,1026,1026,2,277.15,277.15,277.15,2,3.6,4.6,4.1,245
1386154800,2,80,80,80,2,1026,1026,1026,2,278.15,278.15,278.15,2,4.1,5.1,4.6,235
1386158400,2,80,80,80,2,1026,1026,1026,2,278.15,278.15,278.15,2,3.6,4.1,3.85,240
1386162000,2,80,80,80,2,1025,1025,1025,2,278.15,278.15,278.15,2,2.6,2.6,2.6,215
1386165600,2,80,80,80,2,1025,1025,1025,2,278.15,278.15,278.15,2,2.1,2.6,2.35,200
1386169200,2,93,93,93,2,1025,1026,1025.5,2,277.15,277.15,277.15,2,2.6,2.6,2.6,155
1386172800,2,93,100,96.5,2,1026,1026,1026,2,277.15,277.15,277.15,2,2.6,2.6,2.6,145
1386176400,2,100,100,100,2,1026,1026,1026,2,277.15,277.15,277.15,2,1.5,2.1,1.8,140
1386180000,3,100,100,100,3,1027,1027,1027,3,278.15,279.15,278.82,3,1,4.1,3.07,312
1386183600,1,100,100,100,1,1027,1027,1027,1,279.15,279.15,279.15,1,4.1,4.1,4.1,
1386187200,2,93,93,93,2,1028,1028,1028,2,279.15,279.15,279.15,2,3.1,3.1,3.1,320
1386190800,2,100,100,100,2,1028,1028,1028,2,277.15,278.15,277.65,2,2.1,2.6,2.35,300
1386194400,2,100,100,100,2,1029,1029,1029,2,276.15,277.15,276.65,2,0.5,1.5,1,340
1386198000,1,86,86,86,2,1016,1016,1016,2,276.15,276.15,276.15,2,7.7,8.7,8.2,280
1386201600,2,100,100,100,2,1029,1029,1029,2,276.15,276.15,276.15,2,0.5,1,0.75,265
1386205200,2,100,100,100,2,1029,1029,1029,2,276.15,276.15,276.15,2,0.5,1,0.75,200
1386208800,2,100,100,100,2,1028,1029,1028.5,2,276.15,276.15,276.15,2,1.5,2.6,2.05,240
1386212400,2,100,100,100,2,1028,1028,1028,2,274.15,275.15,274.65,2,1.5,2.1,1.8,200
1386216000,2,100,100,100,2,1028,1028,1028,2,274.15,274.15,274.15,2,1.5,2.1,1.8,195
1386219600,2,100,100,100,2,1027,1027,1027,2,275.15,275.15,275.15,2,3.6,3.6,3.6,180
1386223200,2,93,93,93,2,1026,1027,1026.5,2,275.15,275.15,275.15,2,4.1,4.1,4.1,190
1386226800,,,,,2,1026,1026,1026,2,275.15,275.15,275.15,2,4.6,4.6,4.6,190
1386230400,2,86,93,89.5,2,1025,1025,1025,2,275.15,276.15,275.65,2,4.1,4.6,4.35,180
1386234000,2,86,86,86,2,1024,1024,1024,2,276.15,276.15,276.15,2,4.1,5.1,4.6,200
1386237600,,,,,2,1022,1023,1022.5,2,277.15,277.15,277.15,2,5.1,5.7,5.4,210
1386241200,,,,,2,1020,1021,1020.5,2,277.15,277.15,277.15,2,4.1,5.1,4.6,205
1386244800,1,65,65,65,2,1018,1019,1018.5,2,277.15,278.15,277.65,2,5.7,6.2,5.95,215
1386248400,2,60,65,62.5,2,1015,1016,1015.5,2,278.15,278.15,278.15,2,6.7,8.2,7.45,220
1386252000,2,60,65,62.5,2,1014,1014,1014,2,278.15,278.15,278.15,2,6.2,6.7,6.45,225
1386255600,2,70,70,70,2,1013,1013,1013,2,279.15,280.15,279.65,2,7.7,11.8,9.75,250
1386259200,2,75,81,78,2,1011,1012,1011.5,2,279.15,280.15,279.65,2,8.2,12.9,10.55,250
1386262800,2,81,81,81,2,1010,1011,1010.5,2,280.15,280.15,280.15,2,12.3,12.9,12.6,240
1386266400,2,87,87,87,2,1010,1011,1010.5,2,280.15,280.15,280.15,2,9.8,12.9,11.35,270
1386270000,2,80,81,80.5,2,1011,1013,1012,2,278.15,280.15,279.15,2,12.3,14.4,13.35,295
1386273600,2,80,80,80,2,1014,1014,1014,2,277.15,278.15,277.65,2,8.2,8.7,8.45,295
1386277200,1,80,80,80,2,1014,1015,1014.5,2,276.15,277.15,276.65,2,9.8,11.3,10.55,295
1386280800,2,80,86,83,2,1015,1016,1015.5,2,276.15,277.15,276.65,2,7.2,7.7,7.45,290
1386284400,1,80,80,80,2,1025,1025,1025,2,275.15,275.15,275.15,2,6.2,7.2,6.7,280
1386288000,1,86,86,86,2,1016,1016,1016,2,274.15,276.15,275.15,2,9.3,11.3,10.3,305
1386291600,1,100,100,100,2,1016,1016,1016,2,274.15,274.15,274.15,2,3.6,4.1,3.85,320
1386295200,2,74,93,83.5,2,1016,1016,1016,2,275.15,276.15,275.65,2,3.6,8.7,6.15,310
1386298800,2,74,74,74,2,1017,1017,1017,2,276.15,276.15,276.15,2,6.7,8.7,7.7,280
1386302400,2,74,74,74,2,1017,1017,1017,2,276.15,276.15,276.15,2,8.7,9.3,9,280
1386306000,2,74,74,74,2,1017,1018,1017.5,2,276.15,276.15,276.15,2,7.7,8.7,8.2,290
1386309600,1,74,74,74,2,1018,1018,1018,2,275.15,276.15,275.65,2,5.7,6.7,6.2,310
1386313200,,,,,2,1019,1019,1019,2,274.15,274.15,274.15,2,4.1,5.7,4.9,325
1386316800,1,74,74,74,2,1019,1019,1019,2,274.15,276.15,275.15,2,2.6,6.7,4.65,290
1386320400,,,,,2,1020,1020,1020,2,274.15,274.15,274.15,2,5.1,5.1,5.1,330
1386324000,2,100,100,100,2,1020,1020,1020,2,274.15,274.15,274.15,2,5.1,6.7,5.9,305
1386327600,2,100,100,100,2,1020,1021,1020.5,2,274.15,274.15,274.15,2,5.1,5.7,5.4,305
1386331200,2,93,93,93,2,1021,1021,1021,2,275.15,275.15,275.15,2,5.7,7.7,6.7,290
1386334800,2,93,100,96.5,2,1021,1021,1021,2,274.15,275.15,274.65,2,7.7,7.7,7.7,295
1386338400,2,93,93,93,2,1021,1021,1021,2,275.15,275.15,275.15,2,7.2,7.7,7.45,285
1386342000,2,93,93,93,2,1022,1022,1022,2,275.15,275.15,275.15,2,7.7,8.2,7.95,285
1386345600,,,,,2,1022,1022,1022,2,275.15,275.15,275.15,2,6.7,6.7,6.7,285
1386349200,,,,,2,1022,1022,1022,2,276.15,276.15,276.15,2,6.7,7.7,7.2,285
1386352800,,,,,2,1023,1023,1023,2,275.15,275.15,275.15,2,8.2,8.2,8.2,280
1386356400,,,,,2,1023,1024,1023.5,2,275.15,275.15,275.15,2,5.1,7.7,6.4,280
1386360000,,,,,2,1024,1024,1024,2,274.15,275.15,274.65,2,4.6,5.1,4.85,280
1386363600,2,80,80,80,2,1024,1024,1024,2,275.15,275.15,275.15,2,6.2,6.2,6.2,280
1386367200,2,80,80,80,2,1025,1025,1025,2,275.15,275.15,275.15,2,5.7,6.2,5.95,275
1386370800,2,87,87,87,2,1025,1025,1025,2,279.15,279.15,279.15,2,2.6,3.1,2.85,245
1386374400,2,80,80,80,2,1025,1025,1025,2,275.15,275.15,275.15,2,4.6,5.1,4.85,280
1386378000,2,80,80,80,2,1025,1026,1025.5,2,275.15,275.15,275.15,2,4.1,4.6,4.35,290
1386381600,2,80,80,80,2,1026,1026,1026,2,275.15,275.15,275.15,2,5.1,5.1,5.1,285
1386385200,2,74,80,77,2,1026,1026,1026,2,275.15,276.15,275.65,2,4.6,5.1,4.85,280
1386388800,1,74,74,74,2,1026,1026,1026,2,276.15,276.15,276.15,2,4.1,6.7,5.4,280
1386392400,1,74,74,74,2,1026,1026,1026,2,275.15,276.15,275.65,2,2.6,3.6,3.1,260
1386396000,,,,,2,1026,1026,1026,2,275.15,276.15,275.65,2,2.6,2.6,2.6,250
1386399600,2,86,93,89.5,2,1026,1026,1026,2,275.15,276.15,275.65,2,2.1,2.6,2.35,240
1386403200,2,93,93,93,2,1026,1026,1026,2,276.15,276.15,276.15,2,2.6,4.1,3.35,240
1386406800,2,93,93,93,2,1026,1026,1026,2,276.15,276.15,276.15,2,2.1,2.1,2.1,200
1386410400,2,100,100,100,2,1025,1026,1025.5,2,276.15,276.15,276.15,2,2.6,3.6,3.1,160
1386414000,2,100,100,100,2,1025,1025,1025,2,276.15,276.15,276.15,2,3.6,3.6,3.6,160
1386417600,2,100,100,100,2,1024,1024,1024,2,276.15,276.15,276.15,2,2.1,2.1,2.1,140
1386421200,2,100,100,100,2,1024,1024,1024,2,277.15,277.15,277.15,2,1.5,2.1,1.8,150
1386424800,2,100,100,100,2,1024,1024,1024,2,277.15,278.15,277.65,2,1.5,2.6,2.05,205
1386428400,2,100,100,100,2,1024,1024,1024,2,278.15,279.15,278.65,2,2.1,3.1,2.6,245
1386432000,2,93,93,93,2,1024,1024,1024,2,279.15,279.15,279.15,2,2.1,3.1,2.6,250
1386435600,2,93,93,93,2,1024,1024,1024,2,279.15,279.15,279.15,2,3.6,4.6,4.1,255
1386439200,2,93,93,93,2,1024,1024,1024,2,279.15,279.15,279.15,2,3.6,4.1,3.85,240
1386442800,2,93,93,93,2,1024,1024,1024,2,279.15,279.15,279.15,2,3.6,4.1,3.85,255
1386446400,2,87,93,90,2,1024,1024,1024,2,279.15,279.15,279.15,2,4.6,4.6,4.6,270
1386450000,2,87,93,90,2,1024,1025,1024.5,2,278.15,279.15,278.65,2,3.1,4.1,3.6,245
1386453600,2,87,87,87,2,1025,1025,1025,2,279.15,279.15,279.15,2,3.1,3.1,3.1,245
1386457200,2,81,81,81,2,1026,1026,1026,2,280.15,281.15,280.65,2,3.6,5.7,4.65,255
1386460800,3,81,87,83,3,1025,1025,1025,3,279.15,279.15,279.15,3,3.1,4.1,3.77,243
1386464400,1,81,81,81,1,1025,1025,1025,1,279.15,279.15,279.15,1,3.6,3.6,3.6,
1386468000,2,86,86,86,2,1024,1024,1024,2,278.15,278.15,278.15,2,2.1,2.1,2.1,210
1386471600,2,81,86,83.5,2,1024,1025,1024.5,2,278.15,279.15,278.65,2,3.6,3.6,3.6,240
1386475200,2,81,86,83.5,2,1024,1024,1024,2,278.15,279.15,278.65,2,2.1,3.1,2.6,215
1386478800,2,86,86,86,2,1025,1025,1025,2,278.15,278.15,278.15,2,1.5,2.1,1.8,185
1386482400,2,86,93,89.5,2,1025,1025,1025,2,278.15,278.15,278.15,2,2.1,2.6,2.35,170
1386486000,2,87,93,90,2,1025,1025,1025,2,279.15,279.15,279.15,2,2.6,2.6,2.6,205
1386489600,2,93,93,93,2,1025,1025,1025,2,279.15,279.15,279.15,2,3.1,3.1,3.1,190
1386493200,2,87,87,87,2,1025,1025,1025,2,280.15,280.15,280.15,2,3.1,3.1,3.1,200
1386496800,2,81,81,81,2,1026,1026,1026,2,281.15,281.15,281.15,2,4.6,4.6,4.6,230
1386500400,2,81,81,81,2,1025,1025,1025,2,281.15,281.15,281.15,2,6.2,6.7,6.45,245
1386504000,3,76,76,76,3,1025,1025,1025,3,282.15,282.15,282.15,3,6.2,6.2,6.2,247
1386507600,1,76,76,76,1,1025,1025,1025,1,282.15,282.15,282.15,1,6.2,6.2,6.2,
1386511200,2,81,81,81,2,1024,1024,1024,2,281.15,281.15,281.15,2,5.7,6.7,6.2,250
1386514800,2,81,81,81,2,1024,1024,1024,2,281.15,281.15,281.15,2,5.1,5.7,5.4,240
1386518400,2,81,81,81,2,1024,1024,1024,2,281.15,281.15,281.15,2,4.1,5.1,4.6,235
1386522000,2,75,81,78,2,1025,1025,1025,2,281.15,281.15,281.15,2,6.2,6.2,6.2,245
1386525600,2,75,81,78,2,1025,1025,1025,2,281.15,281.15,281.15,2,5.1,5.1,5.1,250
1386529200,2,81,81,81,2,1025,1025,1025,2,281.15,281.15,281.15,2,5.7,6.7,6.2,255
1386532800,2,81,81,81,2,1026,1026,1026,2,281.15,281.15,281.15,2,5.1,5.7,5.4,260
1386536400,2,81,81,81,2,1026,1026,1026,2,281.15,281.15,281.15,2,5.7,5.7,5.7,260
1386540000,2,81,81,81,2,1026,1026,1026,2,281.15,281.15,281.15,2,4.6,4.6,4.6,270
1386543600,2,81,87,84,2,1033,1033,1033,2,280.15,280.15,280.15,2,0.5,1.5,1,80
1386547200,2,81,81,81,2,1026,1026,1026,2,280.15,280.15,280.15,2,4.1,4.6,4.35,255
1386550800,2,81,81,81,2,1026,1027,1026.5,2,280.15,280.15,280.15,2,3.1,3.6,3.35,250
1386554400,2,75,81,78,2,1026,1026,1026,2,280.15,280.15,280.15,2,3.6,3.6,3.6,210
1386558000,2,75,75,75,2,1026,1026,1026,2,280.15,280.15,280.15,2,3.1,3.6,3.35,210
1386561600,2,81,81,81,2,1026,1026,1026,2,280.15,280.15,280.15,2,3.1,3.1,3.1,210
1386565200,2,81,81,81,2,1026,1027,1026.5,2,280.15,280.15,280.15,2,1.5,3.1,2.3,260
1386568800,2,75,81,78,2,1027,1027,1027,2,281.15,281.15,281.15,2,4.6,4.6,4.6,280
1386572400,2,81,81,81,2,1027,1028,1027.5,2,281.15,281.15,281.15,2,6.2,6.7,6.45,270
1386576000,2,81,81,81,2,1028,1028,1028,2,281.15,281.15,281.15,2,4.6,4.6,4.6,270
1386579600,2,76,76,76,2,1029,1029,1029,2,282.15,282.15,282.15,2,5.1,6.2,5.65,270
1386583200,2,76,76,76,2,1029,1029,1029,2,282.15,282.15,282.15,2,5.1,6.2,5.65,270
1386586800,2,76,76,76,2,1029,1029,1029,2,282.15,282.15,282.15,2,5.7,5.7,5.7,265
1386590400,2,71,76,73.5,2,1029,1029,1029,2,282.15,283.15,282.65,2,6.7,6.7,6.7,275
1386594000,2,71,76,73.5,2,1029,1030,1029.5,2,282.15,283.15,282.65,2,4.1,5.1,4.6,275
1386597600,2,76,76,76,2,1030,1030,1030,2,282.15,282.15,282.15,2,2.1,4.1,3.1,265
1386601200,2,75,75,75,2,1030,1030,1030,2,281.15,281.15,281.15,2,0.5,2.1,1.3,325
1386604800,2,81,81,81,2,1030,1031,1030.5,2,280.15,280.15,280.15,2,1,1.5,1.25,160
1386608400,2,87,87,87,2,1031,1031,1031,2,280.15,280.15,280.15,2,0.5,0.5,0.5,0
1386612000,2,81,87,84,2,1031,1032,1031.5,2,280.15,281.15,280.65,2,0.5,1,0.75,335
1386615600,2,87,87,87,2,1032,1032,1032,2,280.15,280.15,280.15,2,1,1.5,1.25,165
1386619200,2,87,87,87,2,1032,1033,1032.5,2,280.15,280.15,280.15,2,1.5,2.1,1.8,195
1386622800,2,87,87,87,2,1033,1033,1033,2,280.15,280.15,280.15,2,1.5,2.1,1.8,165
1386626400,2,87,87,87,2,1033,1033,1033,2,280.15,280.15,280.15,2,2.1,2.1,2.1,165
1386630000,2,100,100,100,2,1034,1034,1034,2,277.15,277.15,277.15,2,2.1,2.6,2.35,110
1386633600,2,81,87,84,2,1033,1033,1033,2,280.15,280.15,280.15,2,0,0.5,0.25,0
1386637200,2,93,93,93,2,1034,1034,1034,2,279.15,279.15,279.15,2,0.5,0.5,0.5,25
1386640800,2,93,93,93,2,1034,1034,1034,2,279.15,279.15,279.15,2,1,2.1,1.55,280
1386644400,2,93,93,93,2,1034,1034,1034,2,279.15,279.15,279.15,2,2.1,2.1,2.1,145
1386648000,2,93,93,93,2,1034,1034,1034,2,279.15,279.15,279.15,2,1.5,2.1,1.8,155
1386651600,2,93,93,93,2,1034,1034,1034,2,279.15,279.15,279.15,2,1.5,1.5,1.5,180
1386655200,2,93,93,93,2,1034,1034,1034,2,279.15,279.15,279.15,2,2.1,2.6,2.35,140
1386658800,2,87,87,87,2,1034,1034,1034,2,279.15,279.15,279.15,2,3.1,3.6,3.35,125
1386662400,2,87,87,87,2,1034,1035,1034.5,2,279.15,279.15,279.15,2,4.1,4.1,4.1,135
1386666000,2,87,87,87,2,1035,1035,1035,2,279.15,279.15,279.15,2,4.1,4.6,4.35,140
1386669600,2,93,93,93,2,1035,1035,1035,2,279.15,279.15,279.15,2,3.1,3.1,3.1,130
1386673200,2,87,87,87,2,1034,1034,1034,2,279.15,280.15,279.65,2,3.1,3.6,3.35,130
1386676800,2,81,87,84,2,1034,1034,1034,2,280.15,281.15,280.65,2,3.6,3.6,3.6,115
1386680400,2,81,81,81,2,1034,1034,1034,2,281.15,281.15,281.15,2,3.1,3.1,3.1,130
1386684000,2,75,81,78,2,1034,1034,1034,2,281.15,281.15,281.15,2,2.1,2.6,2.35,105
1386687600,2,81,87,84,2,1034,1034,1034,2,279.15,280.15,279.65,2,2.1,2.1,2.1,105
1386691200,2,87,93,90,2,1034,1035,1034.5,2,278.15,279.15,278.65,2,1.5,1.5,1.5,105
1386694800,1,93,93,93,1,1034,1034,1034,1,278.15,278.15,278.15,1,2.6,2.6,2.6,
1386698400,2,93,93,93,2,1035,1035,1035,2,277.15,277.15,277.15,2,2.1,2.6,2.35,120
1386702000,2,93,93,93,2,1035,1035,1035,2,277.15,277.15,277.15,2,2.6,2.6,2.6,120
1386705600,2,93,93,93,2,1034,1034,1034,2,277.15,277.15,277.15,2,2.1,2.6,2.35,120
1386709200,2,93,100,96.5,2,1035,1035,1035,2,277.15,277.15,277.15,2,2.1,2.1,2.1,110
1386712800,1,100,100,100,1,1035,1035,1035,1,277.15,277.15,277.15,1,2.6,2.6,2.6,
1386716400,2,100,100,100,2,1032,1032,1032,2,277.15,277.15,277.15,2,4.1,5.1,4.6,125
1386720000,2,93,100,96.5,2,1034,1034,1034,2,277.15,278.15,277.65,2,2.6,3.1,2.85,115
1386723600,2,93,93,93,2,1034,1034,1034,2,278.15,278.15,278.15,2,3.6,3.6,3.6,120
1386727200,2,93,93,93,2,1034,1034,1034,2,278.15,278.15,278.15,2,3.1,3.6,3.35,130
1386730800,2,93,93,93,2,1034,1034,1034,2,278.15,278.15,278.15,2,2.6,3.6,3.1,125
1386734400,2,93,93,93,2,1034,1034,1034,2,278.15,278.15,278.15,2,2.6,3.6,3.1,125
1386738000,2,93,93,93,2,1034,1034,1034,2,278.15,278.15,278.15,2,2.6,3.6,3.1,130
1386741600,2,100,100,100,2,1034,1034,1034,2,278.15,278.15,278.15,2,3.1,3.6,3.35,130
1386745200,2,100,100,100,2,1034,1034,1034,2,278.15,278.15,278.15,2,3.6,3.6,3.6,135
1386748800,2,100,100,100,2,1034,1034,1034,2,278.15,278.15,278.15,2,3.6,3.6,3.6,140
1386752400,2,93,93,93,2,1034,1034,1034,2,279.15,279.15,279.15,2,3.1,4.1,3.6,125
1386756000,2,93,93,93,2,1034,1034,1034,2,279.15,279.15,279.15,2,4.1,4.1,4.1,140
1386759600,2,93,93,93,2,1034,1034,1034,2,279.15,279.15,279.15,2,4.6,4.6,4.6,145
1386766800,1,93,93,93,1,1033,1033,1033,1,279.15,279.15,279.15,1,5.1,5.1,5.1,
1386770400,1,93,93,93,1,1033,1033,1033,1,279.15,279.15,279.15,1,4.1,4.1,4.1,
1386774000,2,93,93,93,2,1032,1032,1032,2,279.15,279.15,279.15,2,4.6,5.1,4.85,135
1386777600,2,93,93,93,2,1033,1033,1033,2,279.15,279.15,279.15,2,4.6,5.1,4.85,130
1386781200,1,100,100,100,1,1033,1033,1033,1,278.15,278.15,278.15,1,4.6,4.6,4.6,
1386784800,1,93,93,93,1,1032,1032,1032,1,278.15,278.15,278.15,1,4.1,4.1,4.1,
1386788400,2,93,93,93,2,1032,1032,1032,2,278.15,278.15,278.15,2,4.6,4.6,4.6,125
1386792000,2,93,93,93,2,1032,1032,1032,2,278.15,278.15,278.15,2,3.6,4.1,3.85,125
1386795600,2,93,93,93,2,1032,1032,1032,2,278.15,278.15,278.15,2,3.1,3.6,3.35,130
1386799200,2,93,93,93,2,1032,1032,1032,2,278.15,278.15,278.15,2,4.1,4.6,4.35,130
1386802800,,,,,2,1027,1027,1027,2,274.15,274.15,274.15,2,3.1,3.1,3.1,135
1386806400,2,93,93,93,2,1031,1031,1031,2,277.15,277.15,277.15,2,4.1,4.1,4.1,120
1386810000,2,93,93,93,2,1031,1031,1031,2,277.15,277.15,277.15,2,4.1,4.6,4.35,135
1386813600,2,93,93,93,2,1031,1031,1031,2,277.15,277.15,277.15,2,5.1,5.1,5.1,140
1386817200,2,93,93,93,2,1031,1031,1031,2,277.15,277.15,277.15,2,4.1,6.2,5.15,125
1386820800,2,93,93,93,2,1030,1030,1030,2,277.15,277.15,277.15,2,4.6,5.1,4.85,130
1386824400,2,86,93,89.5,2,1030,1030,1030,2,277.15,277.15,277.15,2,4.6,5.7,5.15,135
1386828000,2,86,86,86,2,1030,1030,1030,2,277.15,277.15,277.15,2,4.6,5.1,4.85,130
1386831600,2,86,86,86,2,1030,1030,1030,2,277.15,277.15,277.15,2,4.1,5.1,4.6,135
1386835200,2,86,86,86,2,1030,1030,1030,2,277.15,277.15,277.15,2,5.7,5.7,5.7,135
1386838800,2,86,86,86,2,1030,1031,1030.5,2,277.15,277.15,277.15,2,5.7,6.2,5.95,135
1386842400,2,86,86,86,2,1030,1030,1030,2,277.15,277.15,277.15,2,5.7,5.7,5.7,130
1386846000,2,80,86,83,2,1029,1030,1029.5,2,277.15,278.15,277.65,2,4.6,6.7,5.65,130
1386849600,2,80,80,80,2,1029,1029,1029,2,278.15,278.15,278.15,2,6.7,7.2,6.95,135
1386853200,2,80,80,80,2,1028,1028,1028,2,278.15,278.15,278.15,2,6.7,6.7,6.7,140
1386856800,2,80,86,83,2,1028,1028,1028,2,277.15,278.15,277.65,2,5.1,5.1,5.1,140
1386860400,2,86,93,89.5,2,1028,1028,1028,2,276.15,276.15,276.15,2,4.1,4.6,4.35,135
1386864000,3,86,93,88.33,3,1028,1028,1028,3,276.15,276.15,276.15,3,3.6,3.6,3.6,137
1386867600,1,93,93,93,1,1028,1028,1028,1,276.15,276.15,276.15,1,4.6,4.6,4.6,
1386871200,2,86,93,89.5,2,1028,1028,1028,2,276.15,276.15,276.15,2,4.6,5.1,4.85,155
1386874800,2,86,86,86,2,1028,1028,1028,2,276.15,276.15,276.15,2,5.1,5.1,5.1,160
1386878400,2,86,93,89.5,2,1028,1028,1028,2,275.15,276.15,275.65,2,4.1,4.1,4.1,140
1386882000,1,93,93,93,2,1028,1028,1028,2,275.15,275.15,275.15,2,3.6,3.6,3.6,135
1386885600,2,93,93,93,2,1027,1028,1027.5,2,275.15,275.15,275.15,2,3.1,3.6,3.35,125
1386889200,,,,,2,1024,1024,1024,2,274.15,274.15,274.15,2,5.1,5.1,5.1,130
1386892800,,,,,2,1027,1027,1027,2,274.15,274.15,274.15,2,3.1,3.1,3.1,120
1386896400,,,,,2,1027,1027,1027,2,274.15,274.15,274.15,2,3.1,3.1,3.1,115
1386900000,,,,,2,1026,1026,1026,2,274.15,274.15,274.15,2,2.6,3.1,2.85,115
1386903600,1,86,86,86,2,1026,1026,1026,2,273.15,274.15,273.65,2,2.6,2.6,2.6,110
1386907200,,,,,2,1026,1026,1026,2,273.15,273.15,273.15,2,2.1,2.6,2.35,110
1386910800,,,,,2,1026,1026,1026,2,273.15,273.15,273.15,2,2.1,2.6,2.35,110
1386914400,,,,,2,1026,1026,1026,2,273.15,274.15,273.65,2,2.6,3.1,2.85,120
1386918000,,,,,2,1026,1026,1026,2,274.15,274.15,274.15,2,3.1,3.1,3.1,120
1386921600,,,,,2,1026,1026,1026,2,274.15,274.15,274.15,2,4.1,4.1,4.1,130
1386925200,,,,,2,1026,1026,1026,2,274.15,275.15,274.65,2,4.1,4.1,4.1,125
1386928800,1,93,93,93,2,1026,1026,1026,2,275.15,275.15,275.15,2,4.1,4.6,4.35,125
1386932400,,,,,2,1025,1025,1025,2,275.15,275.15,275.15,2,5.7,5.7,5.7,145
1386936000,2,86,86,86,2,1025,1025,1025,2,276.15,276.15,276.15,2,5.1,5.1,5.1,150
1386939600,2,86,86,86,2,1024,1024,1024,2,276.15,276.15,276.15,2,5.1,5.7,5.4,150
1386943200,,,,,2,1024,1024,1024,2,275.15,276.15,275.65,2,4.6,5.1,4.85,135
1386946800,,,,,2,1023,1024,1023.5,2,274.15,275.15,274.65,2,3.1,3.1,3.1,125
1386950400,,,,,2,1023,1024,1023.5,2,274.15,274.15,274.15,2,2.6,3.6,3.1,125
1386954000,,,,,2,1024,1024,1024,2,274.15,274.15,274.15,2,3.1,3.1,3.1,120
1386957600,,,,,2,1024,1024,1024,2,274.15,274.15,274.15,2,2.1,2.6,2.35,115
1386961200,,,,,2,1024,1024,1024,2,274.15,274.15,274.15,2,2.6,2.6,2.6,120
1386964800,,,,,2,1024,1024,1024,2,274.15,274.15,274.15,2,2.6,3.1,2.85,120
1386968400,,,,,2,1024,1024,1024,2,274.15,274.15,274.15,2,3.1,3.1,3.1,120
1386972000,,,,,2,1024,1024,1024,2,274.15,274.15,274.15,2,3.6,4.1,3.85,125
1386975600,2,93,93,93,2,1029,1029,1029,2,276.15,276.15,276.15,2,3.6,3.6,3.6,130
1386979200,,,,,2,1024,1024,1024,2,273.15,273.15,273.15,2,3.6,3.6,3.6,135
1386982800,2,92,100,96,2,1024,1024,1024,2,272.15,272.15,272.15,2,3.6,3.6,3.6,145
1386986400,1,100,100,100,2,1024,1024,1024,2,272.15,273.15,272.65,2,4.1,4.1,4.1,135
1386990000,,,,,2,1023,1023,1023,2,274.15,274.15,274.15,2,3.1,4.1,3.6,120
1386993600,,,,,2,1023,1023,1023,2,274.15,275.15,274.65,2,3.1,3.1,3.1,130
1386997200,2,93,93,93,2,1023,1024,1023.5,2,275.15,275.15,275.15,2,2.1,3.1,2.6,125
1387000800,2,93,100,96.5,2,1024,1024,1024,2,275.15,276.15,275.65,2,2.6,3.1,2.85,125
1387004400,2,100,100,100,2,1024,1024,1024,2,276.15,276.15,276.15,2,1,1.5,1.25,100
1387008000,2,100,100,100,2,1025,1025,1025,2,276.15,276.15,276.15,2,1,1,1,110
1387011600,2,100,100,100,2,1026,1026,1026,2,277.15,277.15,277.15,2,3.1,3.1,3.1,145
1387015200,2,100,100,100,2,1026,1026,1026,2,277.15,277.15,277.15,2,2.1,3.6,2.85,160
1387018800,2,100,100,100,2,1026,1026,1026,2,278.15,278.15,278.15,2,1.5,2.1,1.8,195
1387022400,2,87,100,93.5,2,1027,1027,1027,2,279.15,280.15,279.65,2,3.1,5.1,4.1,255
1387026000,2,87,87,87,2,1027,1027,1027,2,280.15,280.15,280.15,2,3.6,4.1,3.85,250
1387029600,2,81,87,84,2,1028,1029,1028.5,2,280.15,280.15,280.15,2,4.6,4.6,4.6,280
1387033200,2,87,87,87,2,1029,1029,1029,2,279.15,279.15,279.15,2,2.6,2.6,2.6,245
1387036800,2,86,86,86,2,1029,1029,1029,2,277.15,278.15,277.65,2,2.6,2.6,2.6,215
1387040400,2,93,93,93,2,1030,1030,1030,2,276.15,276.15,276.15,2,2.1,2.6,2.35,180
1387044000,2,93,93,93,2,1030,1030,1030,2,275.15,275.15,275.15,2,3.1,3.1,3.1,170
1387047600,2,86,93,89.5,2,1029,1030,1029.5,2,275.15,276.15,275.65,2,3.6,4.1,3.85,145
1387051200,2,86,93,89.5,2,1029,1030,1029.5,2,275.15,276.15,275.65,2,2.1,3.6,2.85,135
1387054800,2,93,93,93,2,1029,1030,1029.5,2,275.15,275.15,275.15,2,2.6,3.6,3.1,135
1387058400,2,86,93,89.5,2,1029,1030,1029.5,2,275.15,276.15,275.65,2,2.6,4.1,3.35,130
1387062000,1,65,65,65,2,1026,1026,1026,2,278.15,278.15,278.15,2,3.1,3.6,3.35,115
1387065600,2,86,93,89.5,2,1028,1028,1028,2,276.15,277.15,276.65,2,4.6,4.6,4.6,125
1387069200,2,86,86,86,2,1026,1027,1026.5,2,277.15,278.15,277.65,2,3.6,4.1,3.85,120
1387072800,2,80,86,83,2,1027,1027,1027,2,278.15,278.15,278.15,2,2.1,4.1,3.1,125
1387076400,2,86,86,86,2,1027,1027,1027,2,278.15,278.15,278.15,2,2.6,4.1,3.35,135
1387080000,2,86,93,89.5,2,1027,1028,1027.5,2,277.15,278.15,277.65,2,1,4.6,2.8,70
1387083600,2,75,86,80.5,2,1027,1027,1027,2,278.15,279.15,278.65,2,4.6,4.6,4.6,140
1387087200,2,81,86,83.5,2,1027,1027,1027,2,278.15,279.15,278.65,2,4.1,4.6,4.35,150
1387090800,2,86,86,86,2,1028,1028,1028,2,278.15,278.15,278.15,2,2.6,3.1,2.85,125
1387094400,2,81,87,84,2,1028,1029,1028.5,2,279.15,279.15,279.15,2,2.6,3.1,2.85,150
1387098000,2,87,93,90,2,1029,1029,1029,2,279.15,279.15,279.15,2,2.1,3.1,2.6,165
1387101600,2,81,87,84,2,1028,1028,1028,2,279.15,280.15,279.65,2,2.6,2.6,2.6,145
1387105200,2,81,87,84,2,1028,1028,1028,2,280.15,281.15,280.65,2,2.1,2.6,2.35,135
1387108800,2,81,81,81,2,1028,1028,1028,2,281.15,281.15,281.15,2,2.6,2.6,2.6,130
1387112400,2,81,81,81,2,1027,1027,1027,2,281.15,281.15,281.15,2,3.1,3.1,3.1,130
1387116000,2,81,81,81,2,1027,1027,1027,2,281.15,281.15,281.15,2,2.6,4.1,3.35,130
1387119600,2,75,81,78,2,1027,1027,1027,2,281.15,281.15,281.15,2,3.6,3.6,3.6,140
1387123200,2,75,75,75,2,1028,1028,1028,2,281.15,281.15,281.15,2,3.1,4.1,3.6,130
1387126800,2,70,75,72.5,2,1027,1028,1027.5,2,280.15,280.15,280.15,2,3.6,4.1,3.85,130
1387130400,2,65,70,67.5,2,1027,1027,1027,2,280.15,280.15,280.15,2,3.6,3.6,3.6,125
1387134000,1,70,70,70,2,1027,1028,1027.5,2,279.15,279.15,279.15,2,2.1,3.1,2.6,115
1387137600,,,,,2,1027,1028,1027.5,2,279.15,279.15,279.15,2,3.1,3.6,3.35,125
1387141200,,,,,2,1027,1027,1027,2,278.15,278.15,278.15,2,4.1,4.1,4.1,125
1387144800,,,,,2,1027,1027,1027,2,278.15,278.15,278.15,2,3.6,4.6,4.1,125
1387148400,2,65,70,67.5,2,1024,1025,1024.5,2,279.15,280.15,279.65,2,3.1,3.1,3.1,120
1387152000,2,65,65,65,2,1026,1026,1026,2,278.15,278.15,278.15,2,4.1,4.1,4.1,120
1387155600,2,65,65,65,2,1026,1026,1026,2,278.15,278.15,278.15,2,4.1,4.6,4.35,130
1387159200,2,65,65,65,2,1026,1026,1026,2,278.15,278.15,278.15,2,3.1,4.6,3.85,120
1387162800,2,65,65,65,2,1026,1026,1026,2,278.15,278.15,278.15,2,4.1,4.6,4.35,125
1387166400,,,,,2,1025,1026,1025.5,2,278.15,279.15,278.65,2,5.7,5.7,5.7,130
1387170000,,,,,2,1025,1025,1025,2,278.15,279.15,278.65,2,5.7,6.2,5.95,140
1387173600,,,,,2,1026,1026,1026,2,279.15,279.15,279.15,2,5.1,5.7,5.4,130
1387177200,1,65,65,65,2,1026,1026,1026,2,278.15,278.15,278.15,2,5.1,5.7,5.4,135
1387180800,,,,,2,1026,1026,1026,2,279.15,279.15,279.15,2,5.7,6.2,5.95,140
1387184400,,,,,2,1026,1026,1026,2,280.15,281.15,280.65,2,5.1,5.7,5.4,140
1387188000,2,57,61,59,2,1026,1026,1026,2,281.15,282.15,281.65,2,5.7,6.7,6.2,135
1387191600,2,57,57,57,2,1026,1026,1026,2,282.15,282.15,282.15,2,6.7,6.7,6.7,140
1387195200,2,53,53,53,2,1025,1025,1025,2,283.15,283.15,283.15,2,5.1,5.1,5.1,140
1387198800,1,53,53,53,2,1024,1024,1024,2,283.15,283.15,283.15,2,4.6,5.7,5.15,130
1387202400,,,,,2,1024,1024,1024,2,282.15,283.15,282.65,2,4.1,5.1,4.6,130
1387206000,,,,,2,1024,1024,1024,2,282.15,282.15,282.15,2,4.6,5.1,4.85,135
1387209600,,,,,2,1024,1024,1024,2,281.15,281.15,281.15,2,4.6,5.1,4.85,130
1387213200,1,65,65,65,2,1025,1025,1025,2,280.15,280.15,280.15,2,3.1,4.1,3.6,125
1387216800,2,65,65,65,2,1025,1025,1025,2,280.15,280.15,280.15,2,3.1,3.6,3.35,125
1387220400,1,65,65,65,1,1025,1025,1025,1,280.15,280.15,280.15,1,4.1,4.1,4.1,
1387224000,2,65,65,65,2,1025,1025,1025,2,280.15,280.15,280.15,2,4.6,4.6,4.6,140
1387227600,1,65,65,65,2,1025,1025,1025,2,280.15,280.15,280.15,2,3.1,3.1,3.1,125
1387231200,2,65,65,65,2,1025,1025,1025,2,280.15,280.15,280.15,2,3.1,3.1,3.1,115
1387234800,2,75,75,75,2,1022,1022,1022,2,278.15,278.15,278.15,2,1.5,2.1,1.8,110
1387238400,,,,,2,1024,1025,1024.5,2,279.15,279.15,279.15,2,2.6,3.6,3.1,130
1387242000,,,,,2,1024,1024,1024,2,279.15,279.15,279.15,2,3.1,3.6,3.35,120
1387245600,,,,,2,1024,1024,1024,2,279.15,279.15,279.15,2,2.6,4.1,3.35,125
1387249200,,,,,2,1024,1024,1024,2,279.15,279.15,279.15,2,3.6,4.1,3.85,125
1387252800,,,,,2,1023,1023,1023,2,278.15,278.15,278.15,2,2.6,2.6,2.6,120
1387256400,,,,,2,1024,1024,1024,2,278.15,278.15,278.15,2,3.6,4.6,4.1,140
1387260000,,,,,2,1024,1024,1024,2,278.15,278.15,278.15,2,4.1,4.1,4.1,130
1387263600,,,,,2,1024,1024,1024,2,278.15,278.15,278.15,2,3.6,4.1,3.85,130
1387267200,1,70,70,70,2,1024,1025,1024.5,2,278.15,279.15,278.65,2,3.1,3.1,3.1,135
1387270800,2,65,70,67.5,2,1025,1025,1025,2,279.15,280.15,279.65,2,2.6,3.1,2.85,135
1387274400,2,61,61,61,2,1025,1025,1025,2,281.15,282.15,281.65,2,3.6,4.1,3.85,140
1387278000,2,57,57,57,2,1025,1025,1025,2,282.15,283.15,282.65,2,3.6,4.1,3.85,140
1387281600,2,53,57,55,2,1024,1024,1024,2,283.15,284.15,283.65,2,3.1,3.6,3.35,140
1387285200,2,53,53,53,2,1024,1024,1024,2,284.15,284.15,284.15,2,3.1,3.6,3.35,135
1387288800,2,61,61,61,2,1024,1024,1024,2,282.15,283.15,282.65,2,3.6,3.6,3.6,135
1387292400,2,65,65,65,2,1024,1024,1024,2,281.15,281.15,281.15,2,2.6,3.1,2.85,125
1387296000,2,70,70,70,2,1024,1024,1024,2,280.15,280.15,280.15,2,2.1,2.6,2.35,110
1387299600,2,70,75,72.5,2,1024,1024,1024,2,279.15,280.15,279.65,2,2.6,2.6,2.6,115
1387303200,2,75,75,75,2,1024,1024,1024,2,279.15,279.15,279.15,2,2.1,2.1,2.1,125
1387306800,2,70,70,70,2,1023,1024,1023.5,2,279.15,279.15,279.15,2,2.1,2.1,2.1,100
1387310400,2,75,75,75,2,1023,1023,1023,2,278.15,278.15,278.15,2,2.1,2.6,2.35,110
1387314000,2,75,75,75,2,1023,1023,1023,2,278.15,278.15,278.15,2,2.1,2.6,2.35,120
1387317600,2,75,75,75,2,1023,1023,1023,2,278.15,278.15,278.15,2,1.5,2.6,2.05,110
1387321200,2,81,81,81,2,1008,1009,1008.5,2,281.15,281.15,281.15,2,6.2,6.2,6.2,130
1387324800,2,75,75,75,2,1021,1022,1021.5,2,278.15,278.15,278.15,2,1.5,2.6,2.05,115
1387328400,2,75,75,75,2,1021,1021,1021,2,278.15,279.15,278.65,2,2.1,4.1,3.1,125
1387332000,2,75,80,77.5,2,1021,1021,1021,2,278.15,279.15,278.65,2,2.6,4.1,3.35,125
1387335600,2,80,80,80,2,1021,1021,1021,2,278.15,278.15,278.15,2,2.6,4.6,3.6,125
1387339200,2,75,75,75,2,1020,1020,1020,2,279.15,279.15,279.15,2,4.1,4.1,4.1,125
1387342800,2,80,81,80.5,2,1020,1020,1020,2,278.15,279.15,278.65,2,3.1,5.1,4.1,135
1387346400,2,81,81,81,2,1020,1020,1020,2,279.15,279.15,279.15,2,2.6,2.6,2.6,120
1387350000,2,81,81,81,2,1021,1021,1021,2,279.15,280.15,279.65,2,2.6,4.1,3.35,150
1387353600,2,81,81,81,2,1021,1021,1021,2,280.15,280.15,280.15,2,3.6,4.1,3.85,150
1387357200,2,75,81,78,2,1021,1021,1021,2,281.15,281.15,281.15,2,3.6,4.1,3.85,150
1387360800,2,76,76,76,2,1020,1020,1020,2,282.15,282.15,282.15,2,3.6,3.6,3.6,145
1387364400,2,71,76,73.5,2,1019,1019,1019,2,282.15,283.15,282.65,2,3.1,4.1,3.6,175
1387368000,2,71,71,71,2,1018,1019,1018.5,2,283.15,283.15,283.15,2,4.6,5.1,4.85,200
1387371600,2,76,76,76,2,1018,1018,1018,2,282.15,282.15,282.15,2,4.6,4.6,4.6,185
1387375200,2,76,76,76,2,1017,1017,1017,2,282.15,282.15,282.15,2,4.6,4.6,4.6,185
1387378800,2,76,76,76,2,1017,1017,1017,2,282.15,282.15,282.15,2,4.1,4.1,4.1,180
1387382400,2,81,81,81,2,1016,1017,1016.5,2,281.15,281.15,281.15,2,3.1,3.6,3.35,160
1387386000,2,87,87,87,2,1016,1016,1016,2,281.15,281.15,281.15,2,5.1,5.1,5.1,160
1387389600,2,81,81,81,2,1014,1014,1014,2,281.15,281.15,281.15,2,5.7,5.7,5.7,150
1387393200,2,87,87,87,2,1013,1014,1013.5,2,280.15,280.15,280.15,2,4.6,5.1,4.85,140
1387396800,2,81,81,81,2,1012,1013,1012.5,2,280.15,280.15,280.15,2,5.1,5.1,5.1,140
1387400400,2,87,87,87,2,1011,1011,1011,2,280.15,280.15,280.15,2,5.7,5.7,5.7,140
1387404000,2,81,81,81,2,1009,1010,1009.5,2,281.15,281.15,281.15,2,6.2,6.7,6.45,130
1387407600,2,100,100,100,2,1013,1014,1013.5,2,275.15,276.15,275.65,2,2.1,3.6,2.85,135
1387411200,2,81,81,81,2,1007,1007,1007,2,281.15,281.15,281.15,2,5.7,6.2,5.95,130
1387414800,2,76,76,76,2,1006,1006,1006,2,282.15,282.15,282.15,2,5.7,6.2,5.95,135
1387418400,2,76,76,76,2,1005,1006,1005.5,2,282.15,282.15,282.15,2,6.2,6.7,6.45,135
1387422000,2,76,81,78.5,2,1004,1005,1004.5,2,282.15,282.15,282.15,2,5.7,5.7,5.7,140
1387425600,2,81,81,81,2,1004,1004,1004,2,282.15,282.15,282.15,2,5.7,6.2,5.95,165
1387429200,2,81,87,84,2,1004,1004,1004,2,282.15,282.15,282.15,2,5.7,6.2,5.95,180
1387432800,2,81,87,84,2,1004,1004,1004,2,282.15,282.15,282.15,2,5.1,6.2,5.65,165
1387436400,2,81,81,81,2,1004,1004,1004,2,282.15,282.15,282.15,2,5.7,5.7,5.7,170
1387440000,2,81,81,81,2,1004,1004,1004,2,283.15,283.15,283.15,2,5.1,5.7,5.4,180
1387443600,2,81,81,81,2,1004,1005,1004.5,2,283.15,283.15,283.15,2,4.6,5.7,5.15,180
1387447200,2,81,93,87,2,1005,1006,1005.5,2,282.15,283.15,282.65,2,2.1,3.6,2.85,250
1387450800,2,81,81,81,2,1006,1006,1006,2,283.15,283.15,283.15,2,3.6,4.1,3.85,225
1387454400,2,71,81,76,2,1006,1007,1006.5,2,281.15,283.15,282.15,2,6.7,7.7,7.2,240
1387458000,2,76,81,78.5,2,1007,1007,1007,2,281.15,282.15,281.65,2,3.6,5.1,4.35,255
1387461600,2,70,81,75.5,2,1008,1008,1008,2,281.15,282.15,281.65,2,4.1,4.6,4.35,240
1387465200,2,81,81,81,2,1009,1009,1009,2,280.15,280.15,280.15,2,2.1,3.1,2.6,215
1387468800,2,81,87,84,2,1009,1010,1009.5,2,279.15,280.15,279.65,2,1.5,2.6,2.05,195
1387472400,2,81,87,84,2,1010,1010,1010,2,279.15,279.15,279.15,2,0.5,2.6,1.55,140
1387476000,2,87,87,87,2,1011,1011,1011,2,279.15,279.15,279.15,2,1,1,1,160
1387479600,2,86,86,86,2,1011,1012,1011.5,2,276.15,278.15,277.15,2,0,1.5,0.75,30
1387483200,2,93,100,96.5,2,1012,1013,1012.5,2,276.15,277.15,276.65,2,1,1,1,25
1387486800,2,93,93,93,2,1013,1013,1013,2,276.15,277.15,276.65,2,1,1,1,30
1387490400,2,93,100,96.5,2,1013,1013,1013,2,275.15,276.15,275.65,2,1,2.1,1.55,30
1387494000,,,,,2,1029,1029,1029,2,275.15,275.15,275.15,2,3.6,5.1,4.35,135
1387497600,2,100,100,100,2,1014,1015,1014.5,2,276.15,276.15,276.15,2,1,3.1,2.05,70
1387501200,2,93,100,96.5,2,1015,1016,1015.5,2,275.15,276.15,275.65,2,1,1.5,1.25,60
1387504800,2,86,93,89.5,2,1016,1016,1016,2,276.15,277.15,276.65,2,1.5,1.5,1.5,85
1387508400,2,86,93,89.5,2,1016,1016,1016,2,277.15,277.15,277.15,2,1,1,1,100
1387512000,2,93,93,93,2,1017,1017,1017,2,276.15,276.15,276.15,2,1,3.6,2.3,135
1387515600,2,93,93,93,2,1017,1018,1017.5,2,276.15,276.15,276.15,2,3.6,3.6,3.6,155
1387519200,2,93,93,93,2,1019,1019,1019,2,277.15,277.15,277.15,2,4.1,4.1,4.1,170
1387522800,2,86,93,89.5,2,1019,1019,1019,2,277.15,278.15,277.65,2,3.6,3.6,3.6,180
1387526400,2,86,86,86,2,1020,1021,1020.5,2,278.15,278.15,278.15,2,2.1,3.1,2.6,190
1387530000,2,93,93,93,2,1022,1022,1022,2,278.15,278.15,278.15,2,2.1,2.1,2.1,200
1387533600,2,81,87,84,2,1023,1023,1023,2,279.15,280.15,279.65,2,2.6,3.1,2.85,255
1387537200,2,70,75,72.5,2,1023,1024,1023.5,2,280.15,281.15,280.65,2,4.1,4.6,4.35,235
1387540800,2,65,66,65.5,2,1024,1024,1024,2,281.15,282.15,281.65,2,3.6,4.6,4.1,240
1387544400,2,65,70,67.5,2,1025,1025,1025,2,281.15,281.15,281.15,2,5.7,5.7,5.7,255
1387548000,2,65,70,67.5,2,1026,1026,1026,2,281.15,281.15,281.15,2,4.6,5.1,4.85,250
1387551600,2,70,70,70,2,1027,1027,1027,2,279.15,280.15,279.65,2,3.6,4.1,3.85,220
1387555200,2,75,80,77.5,2,1028,1028,1028,2,277.15,278.15,277.65,2,3.1,3.6,3.35,185
1387558800,2,80,86,83,2,1028,1028,1028,2,276.15,277.15,276.65,2,3.1,3.6,3.35,180
1387562400,2,86,86,86,2,1029,1029,1029,2,276.15,276.15,276.15,2,4.1,4.1,4.1,170
1387566000,2,86,86,86,2,1029,1029,1029,2,276.15,276.15,276.15,2,4.1,4.1,4.1,170
1387569600,,,,,2,1029,1029,1029,2,275.15,275.15,275.15,2,3.6,3.6,3.6,150
1387573200,,,,,2,1030,1030,1030,2,275.15,275.15,275.15,2,3.6,4.1,3.85,165
1387576800,2,86,93,89.5,2,1029,1030,1029.5,2,275.15,276.15,275.65,2,3.1,3.6,3.35,140
1387580400,2,48,48,48,2,1019,1019,1019,2,280.15,280.15,280.15,2,6.2,6.2,6.2,195
1387584000,,,,,2,1029,1029,1029,2,275.15,275.15,275.15,2,3.1,3.6,3.35,150
1387587600,1,86,86,86,2,1028,1029,1028.5,2,276.15,276.15,276.15,2,3.6,4.1,3.85,135
1387591200,1,86,86,86,2,1029,1029,1029,2,276.15,276.15,276.15,2,3.1,3.6,3.35,130
1387594800,2,86,86,86,2,1029,1029,1029,2,276.15,276.15,276.15,2,4.1,5.1,4.6,140
1387598400,2,80,80,80,2,1028,1028,1028,2,277.15,277.15,277.15,2,5.1,5.1,5.1,140
1387602000,2,80,80,80,2,1028,1028,1028,2,277.15,277.15,277.15,2,5.1,5.1,5.1,140
1387605600,2,80,86,83,2,1028,1028,1028,2,276.15,277.15,276.65,2,4.6,5.1,4.85,140
1387609200,2,80,80,80,2,1028,1028,1028,2,277.15,277.15,277.15,2,4.6,4.6,4.6,140
1387612800,2,75,80,77.5,2,1028,1028,1028,2,277.15,278.15,277.65,2,4.6,4.6,4.6,140
1387616400,2,75,75,75,2,1028,1028,1028,2,278.15,278.15,278.15,2,4.6,5.7,5.15,145
1387620000,1,70,70,70,2,1027,1027,1027,2,279.15,279.15,279.15,2,6.2,6.2,6.2,160
1387623600,,,,,2,1026,1027,1026.5,2,279.15,279.15,279.15,2,5.1,6.2,5.65,165
1387627200,,,,,2,1025,1026,1025.5,2,279.15,279.15,279.15,2,5.1,6.2,5.65,150
1387630800,,,,,2,1024,1025,1024.5,2,279.15,279.15,279.15,2,5.1,6.2,5.65,150
1387634400,1,60,60,60,2,1024,1024,1024,2,279.15,279.15,279.15,2,5.1,6.7,5.9,155
1387638000,2,60,65,62.5,2,1024,1024,1024,2,278.15,279.15,278.65,2,5.1,5.7,5.4,155
1387641600,2,64,65,64.5,2,1023,1024,1023.5,2,277.15,278.15,277.65,2,4.1,4.6,4.35,155
1387645200,2,64,69,66.5,2,1022,1023,1022.5,2,277.15,277.15,277.15,2,3.1,3.6,3.35,135
1387648800,2,64,64,64,2,1022,1022,1022,2,277.15,277.15,277.15,2,4.1,4.1,4.1,160
1387652400,2,65,65,65,2,1021,1021,1021,2,278.15,278.15,278.15,2,4.6,6.2,5.4,145
1387656000,2,56,60,58,2,1020,1020,1020,2,279.15,279.15,279.15,2,6.2,6.7,6.45,145
1387659600,2,52,52,52,2,1019,1020,1019.5,2,279.15,279.15,279.15,2,4.6,6.2,5.4,155
1387663200,2,39,39,39,2,1019,1019,1019,2,281.15,281.15,281.15,2,6.7,6.7,6.7,190
1387666800,2,75,81,78,2,1015,1016,1015.5,2,281.15,281.15,281.15,2,5.7,5.7,5.7,230
1387670400,2,42,45,43.5,2,1018,1019,1018.5,2,280.15,281.15,280.65,2,6.7,7.7,7.2,200
1387674000,2,42,45,43.5,2,1019,1019,1019,2,281.15,281.15,281.15,2,5.7,6.2,5.95,195
1387677600,2,56,56,56,2,1018,1018,1018,2,280.15,280.15,280.15,2,4.6,4.6,4.6,190
1387681200,2,86,86,86,2,1019,1019,1019,2,278.15,278.15,278.15,2,2.6,3.6,3.1,175
1387684800,2,81,86,83.5,2,1018,1019,1018.5,2,278.15,279.15,278.65,2,4.1,4.1,4.1,185
1387688400,2,87,87,87,2,1018,1018,1018,2,279.15,279.15,279.15,2,3.1,4.1,3.6,165
1387692000,2,87,87,87,2,1018,1018,1018,2,279.15,280.15,279.65,2,4.1,5.7,4.9,165
1387695600,2,87,93,90,2,1018,1018,1018,2,280.15,280.15,280.15,2,4.1,5.1,4.6,180
1387699200,2,87,87,87,2,1018,1018,1018,2,281.15,281.15,281.15,2,5.1,5.7,5.4,170
1387702800,2,81,81,81,2,1017,1017,1017,2,282.15,282.15,282.15,2,5.1,5.1,5.1,170
1387706400,2,76,76,76,2,1016,1016,1016,2,283.15,283.15,283.15,2,5.7,6.7,6.2,190
1387710000,2,76,76,76,2,1015,1016,1015.5,2,283.15,283.15,283.15,2,4.6,6.2,5.4,190
1387713600,2,76,76,76,2,1015,1015,1015,2,283.15,283.15,283.15,2,6.2,7.2,6.7,185
1387717200,2,76,76,76,2,1015,1015,1015,2,283.15,283.15,283.15,2,5.7,5.7,5.7,200
1387720800,2,71,71,71,2,1014,1014,1014,2,284.15,284.15,284.15,2,4.1,6.2,5.15,195
1387724400,2,71,76,73.5,2,1014,1014,1014,2,283.15,284.15,283.65,2,5.7,5.7,5.7,195
1387728000,2,76,76,76,2,1014,1014,1014,2,283.15,283.15,283.15,2,5.7,6.2,5.95,205
1387731600,2,76,76,76,2,1014,1014,1014,2,283.15,283.15,283.15,2,7.2,7.7,7.45,205
1387735200,2,71,76,73.5,2,1014,1014,1014,2,283.15,283.15,283.15,2,7.2,7.2,7.2,205
1387738800,2,71,71,71,2,1014,1014,1014,2,283.15,283.15,283.15,2,7.2,7.2,7.2,220
1387742400,2,76,76,76,2,1014,1015,1014.5,2,282.15,282.15,282.15,2,4.6,9.3,6.95,255
1387746000,2,75,87,81,2,1015,1015,1015,2,280.15,281.15,280.65,2,2.6,3.6,3.1,260
1387749600,2,81,87,84,2,1015,1015,1015,2,280.15,281.15,280.65,2,3.1,7.2,5.15,245
1387753200,2,62,62,62,2,1002,1003,1002.5,2,284.15,284.15,284.15,2,9.3,9.3,9.3,180
1387756800,2,75,75,75,2,1016,1016,1016,2,281.15,281.15,281.15,2,4.6,4.6,4.6,220
1387760400,2,81,81,81,2,1017,1017,1017,2,280.15,280.15,280.15,2,3.6,4.1,3.85,210
1387764000,2,81,81,81,2,1017,1017,1017,2,280.15,280.15,280.15,2,4.6,4.6,4.6,210
1387767600,2,75,81,78,2,1018,1018,1018,2,280.15,280.15,280.15,2,5.1,5.7,5.4,220
1387771200,2,75,75,75,2,1018,1018,1018,2,280.15,280.15,280.15,2,4.1,5.1,4.6,220
1387774800,2,75,81,78,2,1017,1018,1017.5,2,279.15,279.15,279.15,2,4.1,4.6,4.35,205
1387778400,2,80,80,80,2,1017,1017,1017,2,278.15,278.15,278.15,2,4.1,4.1,4.1,180
1387782000,2,86,86,86,2,1017,1017,1017,2,278.15,278.15,278.15,2,4.6,4.6,4.6,175
1387785600,2,81,86,83.5,2,1017,1017,1017,2,278.15,279.15,278.65,2,4.1,4.1,4.1,155
1387789200,2,75,75,75,2,1017,1017,1017,2,280.15,281.15,280.65,2,4.1,4.6,4.35,165
1387792800,2,66,70,68,2,1016,1017,1016.5,2,282.15,282.15,282.15,2,4.1,4.6,4.35,175
1387796400,2,66,66,66,2,1015,1015,1015,2,283.15,283.15,283.15,2,4.6,5.7,5.15,190
1387800000,2,66,66,66,2,1013,1014,1013.5,2,283.15,283.15,283.15,2,6.2,6.2,6.2,190
1387803600,2,71,71,71,2,1012,1013,1012.5,2,283.15,283.15,283.15,2,5.7,6.2,5.95,180
1387807200,2,71,71,71,2,1011,1012,1011.5,2,283.15,283.15,283.15,2,5.7,6.2,5.95,170
1387810800,2,71,71,71,2,1010,1010,1010,2,283.15,283.15,283.15,2,5.7,6.2,5.95,170
1387814400,2,71,76,73.5,2,1009,1010,1009.5,2,283.15,283.15,283.15,2,6.2,6.7,6.45,170
1387818000,2,71,76,73.5,2,1008,1008,1008,2,283.15,283.15,283.15,2,6.2,6.2,6.2,170
1387821600,2,66,66,66,2,1007,1008,1007.5,2,284.15,284.15,284.15,2,7.2,7.7,7.45,170
1387825200,2,66,66,66,2,1006,1006,1006,2,284.15,284.15,284.15,2,7.2,8.2,7.7,170
1387828800,2,66,66,66,2,1005,1005,1005,2,284.15,284.15,284.15,2,7.7,7.7,7.7,180
1387832400,2,62,62,62,2,1004,1004,1004,2,284.15,284.15,284.15,2,8.7,8.7,8.7,170
1387836000,2,58,62,60,2,1003,1004,1003.5,2,284.15,285.15,284.65,2,8.7,10.3,9.5,180
1387839600,2,66,71,68.5,2,989,989,989,2,285.15,286.15,285.65,2,9.3,9.3,9.3,175
1387843200,2,62,62,62,2,1001,1002,1001.5,2,284.15,284.15,284.15,2,7.7,8.7,8.2,170
1387846800,2,57,57,57,2,1001,1001,1001,2,284.15,284.15,284.15,2,7.2,8.2,7.7,170
1387850400,2,53,57,55,2,1000,1000,1000,2,284.15,284.15,284.15,2,8.2,8.2,8.2,170
1387854000,2,57,57,57,2,999,999,999,2,284.15,284.15,284.15,2,8.7,8.7,8.7,170
1387857600,2,57,57,57,2,998,998,998,2,284.15,284.15,284.15,2,7.7,9.3,8.5,165
1387861200,2,57,57,57,2,997,998,997.5,2,284.15,284.15,284.15,2,9.3,9.8,9.55,175
1387864800,2,54,54,54,2,997,997,997,2,285.15,285.15,285.15,2,9.3,9.8,9.55,185
1387868400,2,58,58,58,2,996,997,996.5,2,285.15,285.15,285.15,2,8.2,8.7,8.45,190
1387872000,2,54,58,56,2,996,996,996,2,285.15,286.15,285.65,2,10.3,11.3,10.8,185
1387875600,2,54,58,56,2,996,996,996,2,286.15,286.15,286.15,2,7.7,10.3,9,195
1387879200,2,54,58,56,2,995,996,995.5,2,286.15,287.15,286.65,2,8.7,11.3,10,195
1387882800,2,54,58,56,2,995,995,995,2,286.15,287.15,286.65,2,8.7,10.3,9.5,190
1387886400,2,54,58,56,2,994,995,994.5,2,286.15,287.15,286.65,2,8.2,9.8,9,195
1387890000,2,58,62,60,2,993,994,993.5,2,286.15,287.15,286.65,2,7.2,7.7,7.45,180
1387893600,2,58,58,58,2,993,993,993,2,287.15,287.15,287.15,2,9.3,10.3,9.8,180
1387897200,2,58,58,58,2,992,993,992.5,2,287.15,287.15,287.15,2,8.7,10.3,9.5,190
1387900800,2,58,62,60,2,992,992,992,2,286.15,287.15,286.65,2,8.2,8.7,8.45,180
1387904400,2,58,58,58,2,992,992,992,2,287.15,287.15,287.15,2,9.3,9.8,9.55,190
1387908000,2,58,58,58,2,991,991,991,2,287.15,287.15,287.15,2,9.3,9.3,9.3,190
1387911600,2,58,62,60,2,991,991,991,2,286.15,287.15,286.65,2,8.2,10.3,9.25,190
1387915200,2,66,66,66,2,991,991,991,2,286.15,286.15,286.15,2,7.7,9.3,8.5,180
1387918800,2,66,71,68.5,2,990,990,990,2,285.15,286.15,285.65,2,7.7,8.7,8.2,185
1387922400,2,66,66,66,2,989,990,989.5,2,286.15,286.15,286.15,2,8.2,8.7,8.45,185
1387926000,2,87,87,87,2,993,993,993,2,279.15,279.15,279.15,2,2.1,2.1,2.1,100
1387929600,2,71,71,71,2,987,988,987.5,2,285.15,285.15,285.15,2,7.2,8.7,7.95,170
1387933200,2,71,71,71,2,987,987,987,2,285.15,285.15,285.15,2,8.2,8.7,8.45,170
1387936800,2,71,71,71,2,986,987,986.5,2,285.15,285.15,285.15,2,7.2,7.7,7.45,170
1387940400,2,71,76,73.5,2,986,987,986.5,2,285.15,285.15,285.15,2,7.7,8.2,7.95,180
1387944000,2,81,87,84,2,987,988,987.5,2,283.15,283.15,283.15,2,4.6,5.1,4.85,225
1387947600,2,76,81,78.5,2,989,989,989,2,283.15,283.15,283.15,2,4.1,4.1,4.1,205
1387951200,2,76,76,76,2,990,990,990,2,283.15,283.15,283.15,2,4.1,4.1,4.1,200
1387954800,2,71,76,73.5,2,990,990,990,2,282.15,283.15,282.65,2,4.6,4.6,4.6,220
1387958400,2,76,76,76,2,990,990,990,2,282.15,282.15,282.15,2,2.6,3.1,2.85,220
1387962000,2,76,76,76,2,991,991,991,2,282.15,282.15,282.15,2,2.1,3.6,2.85,190
1387965600,2,81,81,81,2,991,991,991,2,282.15,282.15,282.15,2,2.6,2.6,2.6,160
1387969200,2,76,76,76,2,991,991,991,2,282.15,282.15,282.15,2,3.1,3.1,3.1,175
1387972800,2,76,76,76,2,991,991,991,2,282.15,282.15,282.15,2,3.6,3.6,3.6,190
1387976400,2,76,76,76,2,991,992,991.5,2,282.15,282.15,282.15,2,3.1,3.1,3.1,185
1387980000,2,81,87,84,2,992,992,992,2,280.15,281.15,280.65,2,2.1,3.1,2.6,170
1387983600,2,81,87,84,2,992,992,992,2,280.15,281.15,280.65,2,2.1,3.1,2.6,140
1387987200,2,81,87,84,2,992,993,992.5,2,280.15,280.15,280.15,2,2.1,3.1,2.6,125
1387990800,2,87,87,87,2,993,993,993,2,279.15,280.15,279.65,2,3.1,3.1,3.1,135
1387994400,2,86,87,86.5,2,993,993,993,2,278.15,279.15,278.65,2,3.6,4.1,3.85,140
1387998000,2,87,87,87,2,993,993,993,2,279.15,279.15,279.15,2,2.6,3.1,2.85,115
1388001600,2,87,87,87,2,993,993,993,2,279.15,279.15,279.15,2,2.6,2.6,2.6,120
1388005200,2,87,87,87,2,993,993,993,2,279.15,279.15,279.15,2,2.1,3.6,2.85,115
1388008800,2,87,87,87,2,993,993,993,2,279.15,279.15,279.15,2,3.1,3.1,3.1,100
1388012400,2,93,93,93,2,1004,1004,1004,2,275.15,275.15,275.15,2,3.6,4.1,3.85,155
1388016000,2,87,87,87,2,993,993,993,2,279.15,279.15,279.15,2,2.1,2.1,2.1,85
1388019600,2,87,87,87,2,993,993,993,2,279.15,279.15,279.15,2,2.1,2.6,2.35,100
1388023200,2,87,87,87,2,993,993,993,2,279.15,279.15,279.15,2,2.1,2.6,2.35,100
1388026800,2,87,87,87,2,993,993,993,2,279.15,279.15,279.15,2,2.1,2.6,2.35,115
1388030400,2,87,87,87,2,993,993,993,2,279.15,279.15,279.15,2,0.5,1.5,1,165
1388034000,2,93,93,93,2,993,993,993,2,278.15,278.15,278.15,2,1,1,1,140
1388037600,2,86,93,89.5,2,993,993,993,2,278.15,278.15,278.15,2,1,1,1,70
1388041200,2,93,93,93,2,994,994,994,2,277.15,277.15,277.15,2,1.5,1.5,1.5,95
1388044800,2,93,93,93,2,994,994,994,2,277.15,277.15,277.15,2,1.5,1.5,1.5,60
1388048400,2,100,100,100,2,995,995,995,2,277.15,277.15,277.15,2,0.5,0.5,0.5,0
1388052000,2,87,100,93.5,2,996,996,996,2,278.15,279.15,278.65,2,1,1,1,260
1388055600,2,93,93,93,2,996,996,996,2,279.15,279.15,279.15,2,0.5,1,0.75,320
1388059200,2,87,87,87,2,996,996,996,2,280.15,280.15,280.15,2,1,1.5,1.25,300
1388062800,2,87,87,87,2,996,996,996,2,280.15,280.15,280.15,2,1.5,1.5,1.5,290
1388066400,2,87,87,87,2,997,998,997.5,2,280.15,280.15,280.15,2,1.5,3.1,2.3,290
1388070000,2,81,81,81,2,998,999,998.5,2,280.15,280.15,280.15,2,4.6,4.6,4.6,275
1388073600,2,81,81,81,2,999,1000,999.5,2,280.15,280.15,280.15,2,3.1,3.1,3.1,280
1388077200,2,81,81,81,2,1000,1000,1000,2,280.15,280.15,280.15,2,3.6,3.6,3.6,280
1388080800,2,81,81,81,2,1001,1002,1001.5,2,279.15,279.15,279.15,2,2.6,4.1,3.35,260
1388084400,2,81,86,83.5,2,1002,1003,1002.5,2,278.15,279.15,278.65,2,2.1,2.6,2.35,245
1388088000,2,81,86,83.5,2,1003,1003,1003,2,277.15,279.15,278.15,2,2.1,2.1,2.1,200
1388091600,2,80,86,83,2,1004,1004,1004,2,277.15,278.15,277.65,2,2.6,3.1,2.85,185
1388095200,2,93,93,93,2,1004,1004,1004,2,276.15,276.15,276.15,2,3.6,3.6,3.6,170
1388098800,2,76,76,76,2,997,997,997,2,284.15,284.15,284.15,2,7.2,7.7,7.45,170
1388102400,2,86,93,89.5,2,1004,1004,1004,2,275.15,276.15,275.65,2,3.6,4.1,3.85,155
1388106000,1,93,93,93,2,1004,1004,1004,2,275.15,275.15,275.15,2,3.6,4.6,4.1,150
1388109600,1,86,86,86,1,1004,1004,1004,1,276.15,276.15,276.15,1,5.1,5.1,5.1,
1388113200,2,86,86,86,2,1004,1004,1004,2,276.15,276.15,276.15,2,4.6,5.1,4.85,130
1388116800,2,80,80,80,2,1003,1003,1003,2,277.15,277.15,277.15,2,4.1,5.7,4.9,135
1388120400,2,80,80,80,2,1002,1002,1002,2,277.15,277.15,277.15,2,4.6,5.1,4.85,140
1388124000,2,75,75,75,2,1001,1002,1001.5,2,279.15,279.15,279.15,2,6.7,8.2,7.45,165
1388127600,2,70,75,72.5,2,1001,1001,1001,2,279.15,279.15,279.15,2,7.2,7.7,7.45,155
1388131200,2,65,70,67.5,2,1000,1001,1000.5,2,279.15,280.15,279.65,2,8.2,9.3,8.75,170
1388134800,2,65,65,65,2,1000,1000,1000,2,280.15,280.15,280.15,2,9.8,10.3,10.05,170
1388138400,2,61,65,63,2,1000,1000,1000,2,281.15,281.15,281.15,2,8.2,8.7,8.45,165
1388142000,2,65,65,65,2,999,999,999,2,281.15,281.15,281.15,2,8.7,8.7,8.7,150
1388145600,2,66,66,66,2,999,999,999,2,282.15,282.15,282.15,2,6.2,7.2,6.7,165
1388149200,2,70,76,73,2,998,998,998,2,282.15,282.15,282.15,2,8.2,9.3,8.75,180
1388152800,2,71,71,71,2,998,998,998,2,283.15,283.15,283.15,2,9.8,9.8,9.8,190
1388156400,2,71,71,71,2,998,998,998,2,283.15,283.15,283.15,2,8.2,10.3,9.25,190
1388160000,1,71,71,71,1,998,998,998,1,283.15,283.15,283.15,1,9.8,9.8,9.8,
1388163600,2,71,76,73.5,2,998,998,998,2,282.15,283.15,282.65,2,8.2,8.7,8.45,180
1388167200,2,76,81,78.5,2,998,998,998,2,282.15,282.15,282.15,2,8.2,9.3,8.75,175
1388170800,2,76,76,76,2,998,998,998,2,283.15,283.15,283.15,2,8.2,8.7,8.45,170
1388174400,2,76,81,78.5,2,998,998,998,2,283.15,283.15,283.15,2,6.7,7.2,6.95,165
1388178000,2,76,76,76,2,998,998,998,2,284.15,284.15,284.15,2,7.2,8.2,7.7,165
1388181600,2,76,76,76,2,998,998,998,2,284.15,284.15,284.15,2,7.2,8.2,7.7,170
1388185200,2,93,93,93,2,1007,1007,1007,2,278.15,278.15,278.15,2,3.1,3.6,3.35,185
1388188800,2,71,76,73.5,2,997,997,997,2,284.15,285.15,284.65,2,6.7,7.2,6.95,170
1388192400,2,71,71,71,2,997,997,997,2,285.15,285.15,285.15,2,6.7,7.2,6.95,180
1388196000,2,71,71,71,2,996,997,996.5,2,285.15,285.15,285.15,2,6.7,7.2,6.95,175
1388199600,2,66,66,66,2,996,996,996,2,285.15,285.15,285.15,2,6.2,7.7,6.95,170
1388203200,2,66,66,66,2,996,996,996,2,285.15,285.15,285.15,2,7.2,7.2,7.2,170
1388206800,2,66,71,68.5,2,995,996,995.5,2,284.15,285.15,284.65,2,7.7,7.7,7.7,175
1388210400,2,81,93,87,2,996,997,996.5,2,281.15,283.15,282.15,2,4.1,4.1,4.1,270
1388214000,2,93,93,93,2,998,999,998.5,2,280.15,280.15,280.15,2,2.6,4.6,3.6,300
1388217600,2,93,100,96.5,2,999,999,999,2,280.15,280.15,280.15,2,1.5,2.6,2.05,205
1388221200,2,100,100,100,2,1000,1000,1000,2,280.15,280.15,280.15,2,2.1,2.1,2.1,130
1388224800,2,93,100,96.5,2,1000,1001,1000.5,2,280.15,281.15,280.65,2,3.1,3.1,3.1,160
1388228400,2,93,93,93,2,1001,1001,1001,2,281.15,281.15,281.15,2,2.1,2.1,2.1,175
1388232000,2,93,93,93,2,1001,1001,1001,2,281.15,281.15,281.15,2,1,1,1,130
1388235600,2,93,93,93,2,1001,1001,1001,2,281.15,281.15,281.15,2,1.5,1.5,1.5,170
1388239200,2,87,87,87,2,1001,1002,1001.5,2,281.15,281.15,281.15,2,1,1.5,1.25,80
1388242800,2,93,93,93,2,1002,1002,1002,2,280.15,280.15,280.15,2,1,1,1,60
1388246400,2,93,100,96.5,2,1002,1002,1002,2,279.15,279.15,279.15,2,0.5,1,0.75,65
1388250000,2,93,93,93,2,1002,1003,1002.5,2,279.15,280.15,279.65,2,0.5,1.5,1,25
1388253600,2,100,100,100,2,1003,1003,1003,2,279.15,279.15,279.15,2,1.5,1.5,1.5,60
1388257200,2,100,100,100,2,1004,1004,1004,2,279.15,280.15,279.65,2,1.5,3.1,2.3,145
1388260800,2,93,93,93,2,1004,1005,1004.5,2,279.15,280.15,279.65,2,2.6,3.1,2.85,180
1388264400,2,87,93,90,2,1005,1006,1005.5,2,279.15,279.15,279.15,2,1,1.5,1.25,0
1388268000,2,87,87,87,2,1006,1007,1006.5,2,279.15,279.15,279.15,2,3.6,3.6,3.6,225
1388271600,,,,,2,1025,1025,1025,2,274.15,274.15,274.15,2,4.1,4.1,4.1,150
1388275200,2,93,93,93,2,1007,1008,1007.5,2,278.15,278.15,278.15,2,3.1,3.6,3.35,185
1388278800,2,93,93,93,2,1008,1009,1008.5,2,277.15,278.15,277.65,2,3.6,3.6,3.6,170
1388282400,2,93,93,93,2,1009,1009,1009,2,276.15,277.15,276.65,2,4.1,4.1,4.1,155
1388286000,2,86,86,86,2,1010,1010,1010,2,278.15,278.15,278.15,2,3.6,4.6,4.1,165
1388289600,2,86,86,86,2,1010,1010,1010,2,278.15,278.15,278.15,2,4.1,4.6,4.35,165
1388293200,2,93,93,93,2,1011,1011,1011,2,278.15,278.15,278.15,2,3.1,4.1,3.6,165
1388296800,2,93,93,93,2,1011,1012,1011.5,2,278.15,278.15,278.15,2,4.6,5.1,4.85,170
1388300400,2,86,86,86,2,1012,1013,1012.5,2,278.15,278.15,278.15,2,4.6,5.1,4.85,170
1388304000,2,81,87,84,2,1013,1014,1013.5,2,279.15,279.15,279.15,2,4.1,5.1,4.6,180
1388307600,2,87,87,87,2,1014,1015,1014.5,2,279.15,279.15,279.15,2,3.1,4.1,3.6,215
1388311200,2,93,93,93,2,1015,1015,1015,2,278.15,278.15,278.15,2,3.1,3.6,3.35,285
1388314800,2,93,93,93,2,1016,1016,1016,2,278.15,278.15,278.15,2,2.6,3.6,3.1,260
1388318400,2,81,87,84,2,1016,1017,1016.5,2,279.15,280.15,279.65,2,3.1,4.1,3.6,265
1388322000,2,81,87,84,2,1017,1018,1017.5,2,279.15,279.15,279.15,2,3.6,4.6,4.1,280
1388325600,2,81,81,81,2,1018,1018,1018,2,279.15,279.15,279.15,2,3.6,4.6,4.1,265
1388329200,2,80,86,83,2,1019,1020,1019.5,2,277.15,278.15,277.65,2,3.6,4.1,3.85,245
1388332800,2,86,86,86,2,1020,1021,1020.5,2,276.15,277.15,276.65,2,2.1,2.6,2.35,215
1388336400,2,86,86,86,2,1021,1021,1021,2,276.15,276.15,276.15,2,3.1,3.1,3.1,220
1388340000,2,86,93,89.5,2,1022,1022,1022,2,275.15,276.15,275.65,2,1,1.5,1.25,145
1388343600,,,,,2,1023,1023,1023,2,275.15,275.15,275.15,2,1.5,2.6,2.05,145
1388347200,,,,,2,1023,1023,1023,2,274.15,274.15,274.15,2,2.6,2.6,2.6,130
1388350800,,,,,2,1024,1024,1024,2,274.15,274.15,274.15,2,3.6,3.6,3.6,155
1388354400,,,,,2,1024,1025,1024.5,2,274.15,274.15,274.15,2,3.1,3.6,3.35,145
1388358000,2,75,75,75,2,1020,1020,1020,2,278.15,278.15,278.15,2,4.1,4.1,4.1,150
1388361600,,,,,2,1025,1025,1025,2,274.15,274.15,274.15,2,3.6,4.1,3.85,145
1388365200,,,,,2,1026,1026,1026,2,274.15,274.15,274.15,2,3.6,4.1,3.85,145
1388368800,1,86,86,86,2,1026,1026,1026,2,274.15,274.15,274.15,2,3.6,4.1,3.85,145
1388372400,,,,,2,1025,1025,1025,2,274.15,274.15,274.15,2,3.6,4.1,3.85,130
1388376000,,,,,2,1025,1025,1025,2,274.15,275.15,274.65,2,3.6,3.6,3.6,125
1388379600,,,,,2,1025,1025,1025,2,274.15,274.15,274.15,2,3.1,3.1,3.1,120
1388383200,,,,,2,1025,1025,1025,2,274.15,275.15,274.65,2,2.6,3.1,2.85,120
1388386800,,,,,2,1025,1025,1025,2,275.15,275.15,275.15,2,3.6,3.6,3.6,115
1388390400,,,,,2,1025,1025,1025,2,275.15,275.15,275.15,2,3.1,3.1,3.1,110
1388394000,2,80,80,80,2,1024,1024,1024,2,277.15,277.15,277.15,2,4.6,5.1,4.85,145
1388397600,2,75,75,75,2,1024,1024,1024,2,278.15,278.15,278.15,2,6.7,7.7,7.2,160
1388401200,2,70,75,72.5,2,1024,1024,1024,2,278.15,279.15,278.65,2,6.7,7.2,6.95,160
1388404800,3,70,70,70,3,1023,1023,1023,3,279.15,279.15,279.15,3,6.7,7.2,7.03,160
1388408400,1,70,70,70,1,1022,1022,1022,1,279.15,279.15,279.15,1,6.7,6.7,6.7,
1388412000,2,70,75,72.5,2,1021,1022,1021.5,2,278.15,279.15,278.65,2,5.1,5.7,5.4,150
1388415600,2,75,75,75,2,1021,1021,1021,2,278.15,278.15,278.15,2,5.7,6.2,5.95,140
1388419200,2,75,75,75,2,1021,1021,1021,2,278.15,278.15,278.15,2,4.6,5.1,4.85,130
1388422800,2,75,75,75,2,1021,1021,1021,2,278.15,278.15,278.15,2,5.1,5.7,5.4,140
1388426400,2,75,75,75,2,1021,1021,1021,2,278.15,278.15,278.15,2,5.7,5.7,5.7,150
1388430000,2,75,75,75,2,1021,1021,1021,2,278.15,278.15,278.15,2,5.1,5.1,5.1,150
1388433600,2,75,75,75,2,1021,1021,1021,2,278.15,278.15,278.15,2,5.1,5.1,5.1,150
1388437200,2,70,70,70,2,1020,1021,1020.5,2,279.15,279.15,279.15,2,4.6,6.2,5.4,160
1388440800,2,75,75,75,2,1021,1021,1021,2,278.15,278.15,278.15,2,3.6,4.6,4.1,160
1388444400,2,70,70,70,2,1006,1006,1006,2,282.15,282.15,282.15,2,5.7,5.7,5.7,200
1388448000,2,75,75,75,2,1020,1020,1020,2,278.15,278.15,278.15,2,3.1,3.6,3.35,155
1388451600,2,75,75,75,2,1020,1020,1020,2,278.15,278.15,278.15,2,3.6,3.6,3.6,145
1388455200,2,75,80,77.5,2,1019,1019,1019,2,277.15,278.15,277.65,2,2.6,3.6,3.1,130
1388458800,2,75,75,75,2,1019,1019,1019,2,278.15,278.15,278.15,2,2.6,3.1,2.85,125
1388462400,2,75,75,75,2,1018,1019,1018.5,2,278.15,278.15,278.15,2,2.6,4.1,3.35,120
1388466000,2,75,80,77.5,2,1018,1018,1018,2,277.15,278.15,277.65,2,3.6,3.6,3.6,120
1388469600,2,80,80,80,2,1018,1018,1018,2,277.15,277.15,277.15,2,3.1,3.1,3.1,125
1388473200,1,80,80,80,2,1018,1018,1018,2,277.15,277.15,277.15,2,4.1,4.6,4.35,125
1388476800,,,,,2,1018,1018,1018,2,277.15,277.15,277.15,2,3.6,4.1,3.85,120
1388480400,,,,,2,1017,1017,1017,2,277.15,278.15,277.65,2,4.1,4.6,4.35,120
1388484000,2,70,75,72.5,2,1016,1017,1016.5,2,278.15,279.15,278.65,2,5.7,6.2,5.95,135
1388487600,,,,,2,1015,1015,1015,2,280.15,281.15,280.65,2,5.1,7.2,6.15,140
1388491200,,,,,2,1014,1014,1014,2,281.15,281.15,281.15,2,7.2,7.2,7.2,140
1388494800,1,52,52,52,2,1013,1014,1013.5,2,281.15,281.15,281.15,2,7.7,8.2,7.95,135
1388498400,2,52,56,54,2,1013,1013,1013,2,280.15,281.15,280.65,2,5.7,7.2,6.45,150
1388502000,2,56,56,56,2,1012,1012,1012,2,280.15,280.15,280.15,2,5.7,6.2,5.95,135
1388505600,2,52,60,56,2,1012,1012,1012,2,279.15,280.15,279.65,2,5.1,6.2,5.65,130
1388509200,2,60,60,60,2,1012,1012,1012,2,279.15,279.15,279.15,2,3.6,4.6,4.1,125
1388512800,3,56,60,57.33,3,1011,1011,1011,3,278.15,279.15,278.82,3,4.6,4.6,4.6,120
1388516400,1,56,56,56,1,1011,1011,1011,1,279.15,279.15,279.15,1,4.6,4.6,4.6,
1388520000,2,56,60,58,2,1011,1011,1011,2,278.15,279.15,278.65,2,6.2,6.7,6.45,140
1388523600,2,56,60,58,2,1011,1011,1011,2,278.15,279.15,278.65,2,4.6,4.6,4.6,135
1388527200,2,60,65,62.5,2,1010,1010,1010,2,278.15,278.15,278.15,2,4.1,5.1,4.6,130
