date,time_from,time_to,production
2010-01-01,00:00,00:15,0
2010-01-01,00:15,00:30,0
2010-01-01,00:30,00:45,0
2010-01-01,00:45,01:00,0
2010-01-01,01:00,01:15,0
2010-01-01,01:15,01:30,0
2010-01-01,01:30,01:45,0
2010-01-01,01:45,02:00,0
2010-01-01,02:00,02:15,0
2010-01-01,02:15,02:30,0
2010-01-01,02:30,02:45,0
2010-01-01,02:45,03:00,0
2010-01-01,03:00,03:15,0
2010-01-01,03:15,03:30,0
2010-01-01,03:30,03:45,0
2010-01-01,03:45,04:00,0
2010-01-01,04:00,04:15,0
2010-01-01,04:15,04:30,0
2010-01-01,04:30,04:45,0
2010-01-01,04:45,05:00,0
2010-01-01,05:00,05:15,0
2010-01-01,05:15,05:30,0
2010-01-01,05:30,05:45,0
2010-01-01,05:45,06:00,0
2010-01-01,06:00,06:15,0
2010-01-01,06:15,06:30,0
2010-01-01,06:30,06:45,0
2010-01-01,06:45,07:00,0
2010-01-01,07:00,07:15,0
2010-01-01,07:15,07:30,0
2010-01-01,07:30,07:45,0
2010-01-01,07:45,08:00,0
2010-01-01,08:00,08:15,0
2010-01-01,08:15,08:30,0
2010-01-01,08:30,08:45,0
2010-01-01,08:45,09:00,0
2010-01-01,09:00,09:15,0
2010-01-01,09:15,09:30,0
2010-01-01,09:30,09:45,0
2010-01-01,09:45,10:00,0
2010-01-01,10:00,10:15,0
2010-01-01,10:15,10:30,0
2010-01-01,10:30,10:45,0
2010-01-01,10:45,11:00,0
2010-01-01,11:00,11:15,0
2010-01-01,11:15,11:30,0
2010-01-01,11:30,11:45,0
2010-01-01,11:45,12:00,0
2010-01-01,12:00,12:15,0
2010-01-01,12:15,12:30,0
2010-01-01,12:30,12:45,0
2010-01-01,12:45,13:00,0
2010-01-01,13:00,13:15,0
2010-01-01,13:15,13:30,0
2010-01-01,13:30,13:45,0
2010-01-01,13:45,14:00,0
2010-01-01,14:00,14:15,0
2010-01-01,14:15,14:30,0
2010-01-01,14:30,14:45,0
2010-01-01,14:45,15:00,0
2010-01-01,15:00,15:15,0
2010-01-01,15:15,15:30,0
2010-01-01,15:30,15:45,0
2010-01-01,15:45,16:00,0
2010-01-01,16:00,16:15,0
2010-01-01,16:15,16:30,0
2010-01-01,16:30,16:45,0
2010-01-01,16:45,17:00,0
2010-01-01,17:00,17:15,0
2010-01-01,17:15,17:30,0
2010-01-01,17:30,17:45,0
2010-01-01,17:45,18:00,0
2010-01-01,18:00,18:15,0
2010-01-01,18:15,18:30,0
2010-01-01,18:30,18:45,0
2010-01-01,18:45,19:00,0
2010-01-01,19:00,19:15,0
2010-01-01,19:15,19:30,0
2010-01-01,19:30,19:45,0
2010-01-01,19:45,20:00,0
2010-01-01,20:00,20:15,0
2010-01-01,20:15,20:30,0
2010-01-01,20:30,20:45,0
2010-01-01,20:45,21:00,0
2010-01-01,21:00,21:15,0
2010-01-01,21:15,21:30,0
2010-01-01,21:30,21:45,0
2010-01-01,21:45,22:00,0
2010-01-01,22:00,22:15,0
2010-01-01,22:15,22:30,0
2010-01-01,22:30,22:45,0
2010-01-01,22:45,23:00,0
2010-01-01,23:00,23:15,0
2010-01-01,23:15,23:30,0
2010-01-01,23:30,23:45,0
2010-01-01,23:45,00:00,0
2010-01-02,00:00,00:15,18404
2010-01-02,00:15,00:30,18231
2010-01-02,00:30,00:45,18100
2010-01-02,00:45,01:00,18023
2010-01-02,01:00,01:15,18567
2010-01-02,01:15,01:30,18502
2010-01-02,01:30,01:45,18414
2010-01-02,01:45,02:00,18397
2010-01-02,02:00,02:15,18432
2010-01-02,02:15,02:30,18453
2010-01-02,02:30,02:45,18453
2010-01-02,02:45,03:00,18462
2010-01-02,03:00,03:15,18210
2010-01-02,03:15,03:30,18214
2010-01-02,03:30,03:45,18245
2010-01-02,03:45,04:00,18252
2010-01-02,04:00,04:15,18041
2010-01-02,04:15,04:30,18014
2010-01-02,04:30,04:45,17962
2010-01-02,04:45,05:00,17927
2010-01-02,05:00,05:15,18241
2010-01-02,05:15,05:30,18135
2010-01-02,05:30,05:45,17979
2010-01-02,05:45,06:00,17721
2010-01-02,06:00,06:15,18465
2010-01-02,06:15,06:30,18378
2010-01-02,06:30,06:45,18335
2010-01-02,06:45,07:00,18375
2010-01-02,07:00,07:15,18961
2010-01-02,07:15,07:30,19043
2010-01-02,07:30,07:45,19211
2010-01-02,07:45,08:00,19380
2010-01-02,08:00,08:15,20312
2010-01-02,08:15,08:30,20442
2010-01-02,08:30,08:45,20608
2010-01-02,08:45,09:00,20800
2010-01-02,09:00,09:15,21047
2010-01-02,09:15,09:30,21221
2010-01-02,09:30,09:45,21395
2010-01-02,09:45,10:00,21541
2010-01-02,10:00,10:15,21430
2010-01-02,10:15,10:30,21542
2010-01-02,10:30,10:45,21630
2010-01-02,10:45,11:00,21724
2010-01-02,11:00,11:15,21854
2010-01-02,11:15,11:30,21990
2010-01-02,11:30,11:45,22066
2010-01-02,11:45,12:00,22097
2010-01-02,12:00,12:15,22388
2010-01-02,12:15,12:30,22369
2010-01-02,12:30,12:45,22322
2010-01-02,12:45,13:00,22274
2010-01-02,13:00,13:15,22254
2010-01-02,13:15,13:30,22191
2010-01-02,13:30,13:45,22163
2010-01-02,13:45,14:00,22098
2010-01-02,14:00,14:15,21448
2010-01-02,14:15,14:30,21401
2010-01-02,14:30,14:45,21392
2010-01-02,14:45,15:00,21331
2010-01-02,15:00,15:15,21155
2010-01-02,15:15,15:30,21159
2010-01-02,15:30,15:45,21159
2010-01-02,15:45,16:00,21194
2010-01-02,16:00,16:15,21021
2010-01-02,16:15,16:30,21133
2010-01-02,16:30,16:45,21334
2010-01-02,16:45,17:00,21661
2010-01-02,17:00,17:15,21919
2010-01-02,17:15,17:30,21965
2010-01-02,17:30,17:45,21926
2010-01-02,17:45,18:00,21840
2010-01-02,18:00,18:15,21807
2010-01-02,18:15,18:30,21612
2010-01-02,18:30,18:45,21423
2010-01-02,18:45,19:00,21228
2010-01-02,19:00,19:15,21500
2010-01-02,19:15,19:30,21318
2010-01-02,19:30,19:45,21202
2010-01-02,19:45,20:00,21046
2010-01-02,20:00,20:15,20999
2010-01-02,20:15,20:30,21019
2010-01-02,20:30,20:45,21020
2010-01-02,20:45,21:00,21107
2010-01-02,21:00,21:15,20573
2010-01-02,21:15,21:30,20596
2010-01-02,21:30,21:45,20653
2010-01-02,21:45,22:00,20730
2010-01-02,22:00,22:15,21103
2010-01-02,22:15,22:30,21137
2010-01-02,22:30,22:45,21056
2010-01-02,22:45,23:00,20940
2010-01-02,23:00,23:15,20960
2010-01-02,23:15,23:30,20822
2010-01-02,23:30,23:45,20699
2010-01-02,23:45,00:00,20654
2010-01-03,00:00,00:15,20946
2010-01-03,00:15,00:30,20858
2010-01-03,00:30,00:45,20808
2010-01-03,00:45,01:00,20770
2010-01-03,01:00,01:15,20736
2010-01-03,01:15,01:30,20700
2010-01-03,01:30,01:45,20661
2010-01-03,01:45,02:00,20639
2010-01-03,02:00,02:15,21165
2010-01-03,02:15,02:30,21189
2010-01-03,02:30,02:45,21196
2010-01-03,02:45,03:00,21187
2010-01-03,03:00,03:15,20486
2010-01-03,03:15,03:30,20490
2010-01-03,03:30,03:45,20495
2010-01-03,03:45,04:00,20564
2010-01-03,04:00,04:15,20165
2010-01-03,04:15,04:30,20164
2010-01-03,04:30,04:45,20132
2010-01-03,04:45,05:00,20098
2010-01-03,05:00,05:15,20611
2010-01-03,05:15,05:30,20504
2010-01-03,05:30,05:45,20318
2010-01-03,05:45,06:00,20065
2010-01-03,06:00,06:15,20092
2010-01-03,06:15,06:30,19981
2010-01-03,06:30,06:45,19927
2010-01-03,06:45,07:00,19948
2010-01-03,07:00,07:15,20052
2010-01-03,07:15,07:30,20144
2010-01-03,07:30,07:45,20247
2010-01-03,07:45,08:00,20390
2010-01-03,08:00,08:15,22354
2010-01-03,08:15,08:30,22508
2010-01-03,08:30,08:45,22698
2010-01-03,08:45,09:00,22894
2010-01-03,09:00,09:15,24419
2010-01-03,09:15,09:30,24585
2010-01-03,09:30,09:45,24724
2010-01-03,09:45,10:00,24846
2010-01-03,10:00,10:15,25442
2010-01-03,10:15,10:30,25562
2010-01-03,10:30,10:45,25637
2010-01-03,10:45,11:00,25732
2010-01-03,11:00,11:15,25315
2010-01-03,11:15,11:30,25438
2010-01-03,11:30,11:45,25531
2010-01-03,11:45,12:00,25550
2010-01-03,12:00,12:15,25876
2010-01-03,12:15,12:30,25893
2010-01-03,12:30,12:45,25906
2010-01-03,12:45,13:00,25850
2010-01-03,13:00,13:15,25712
2010-01-03,13:15,13:30,25646
2010-01-03,13:30,13:45,25615
2010-01-03,13:45,14:00,25521
2010-01-03,14:00,14:15,25411
2010-01-03,14:15,14:30,25312
2010-01-03,14:30,14:45,25236
2010-01-03,14:45,15:00,25149
2010-01-03,15:00,15:15,24877
2010-01-03,15:15,15:30,24863
2010-01-03,15:30,15:45,24858
2010-01-03,15:45,16:00,24869
2010-01-03,16:00,16:15,25256
2010-01-03,16:15,16:30,25322
2010-01-03,16:30,16:45,25444
2010-01-03,16:45,17:00,25692
2010-01-03,17:00,17:15,24629
2010-01-03,17:15,17:30,24764
2010-01-03,17:30,17:45,24824
2010-01-03,17:45,18:00,24890
2010-01-03,18:00,18:15,24957
2010-01-03,18:15,18:30,24926
2010-01-03,18:30,18:45,24875
2010-01-03,18:45,19:00,24795
2010-01-03,19:00,19:15,25127
2010-01-03,19:15,19:30,25032
2010-01-03,19:30,19:45,24929
2010-01-03,19:45,20:00,24818
2010-01-03,20:00,20:15,24833
2010-01-03,20:15,20:30,24641
2010-01-03,20:30,20:45,24488
2010-01-03,20:45,21:00,24385
2010-01-03,21:00,21:15,24305
2010-01-03,21:15,21:30,24331
2010-01-03,21:30,21:45,24345
2010-01-03,21:45,22:00,24393
2010-01-03,22:00,22:15,23252
2010-01-03,22:15,22:30,23277
2010-01-03,22:30,22:45,23216
2010-01-03,22:45,23:00,23091
2010-01-03,23:00,23:15,21581
2010-01-03,23:15,23:30,21393
2010-01-03,23:30,23:45,21241
2010-01-03,23:45,00:00,21166
2010-01-04,00:00,00:15,22554
2010-01-04,00:15,00:30,22475
2010-01-04,00:30,00:45,22453
2010-01-04,00:45,01:00,22421
2010-01-04,01:00,01:15,22496
2010-01-04,01:15,01:30,22501
2010-01-04,01:30,01:45,22483
2010-01-04,01:45,02:00,22519
2010-01-04,02:00,02:15,21867
2010-01-04,02:15,02:30,21915
2010-01-04,02:30,02:45,21930
2010-01-04,02:45,03:00,21923
2010-01-04,03:00,03:15,22544
2010-01-04,03:15,03:30,22548
2010-01-04,03:30,03:45,22543
2010-01-04,03:45,04:00,22644
2010-01-04,04:00,04:15,22427
2010-01-04,04:15,04:30,22452
2010-01-04,04:30,04:45,22461
2010-01-04,04:45,05:00,22463
2010-01-04,05:00,05:15,23662
2010-01-04,05:15,05:30,23716
2010-01-04,05:30,05:45,23737
2010-01-04,05:45,06:00,23775
2010-01-04,06:00,06:15,25215
2010-01-04,06:15,06:30,25439
2010-01-04,06:30,06:45,25602
2010-01-04,06:45,07:00,25839
2010-01-04,07:00,07:15,30263
2010-01-04,07:15,07:30,30484
2010-01-04,07:30,07:45,30667
2010-01-04,07:45,08:00,30810
2010-01-04,08:00,08:15,32356
2010-01-04,08:15,08:30,32428
2010-01-04,08:30,08:45,32495
2010-01-04,08:45,09:00,32560
2010-01-04,09:00,09:15,32462
2010-01-04,09:15,09:30,32697
2010-01-04,09:30,09:45,32938
2010-01-04,09:45,10:00,33140
2010-01-04,10:00,10:15,33372
2010-01-04,10:15,10:30,33468
2010-01-04,10:30,10:45,33580
2010-01-04,10:45,11:00,33684
2010-01-04,11:00,11:15,33627
2010-01-04,11:15,11:30,33769
2010-01-04,11:30,11:45,33854
2010-01-04,11:45,12:00,33877
2010-01-04,12:00,12:15,33817
2010-01-04,12:15,12:30,33823
2010-01-04,12:30,12:45,33875
2010-01-04,12:45,13:00,33881
2010-01-04,13:00,13:15,33573
2010-01-04,13:15,13:30,33516
2010-01-04,13:30,13:45,33472
2010-01-04,13:45,14:00,33350
2010-01-04,14:00,14:15,33174
2010-01-04,14:15,14:30,33103
2010-01-04,14:30,14:45,33030
2010-01-04,14:45,15:00,32912
2010-01-04,15:00,15:15,32675
2010-01-04,15:15,15:30,32668
2010-01-04,15:30,15:45,32622
2010-01-04,15:45,16:00,32578
2010-01-04,16:00,16:15,32513
2010-01-04,16:15,16:30,32548
2010-01-04,16:30,16:45,32634
2010-01-04,16:45,17:00,32838
2010-01-04,17:00,17:15,32788
2010-01-04,17:15,17:30,32900
2010-01-04,17:30,17:45,32938
2010-01-04,17:45,18:00,32970
2010-01-04,18:00,18:15,33085
2010-01-04,18:15,18:30,33082
2010-01-04,18:30,18:45,33062
2010-01-04,18:45,19:00,33033
2010-01-04,19:00,19:15,33432
2010-01-04,19:15,19:30,33337
2010-01-04,19:30,19:45,33253
2010-01-04,19:45,20:00,33182
2010-01-04,20:00,20:15,32091
2010-01-04,20:15,20:30,31815
2010-01-04,20:30,20:45,31390
2010-01-04,20:45,21:00,31172
2010-01-04,21:00,21:15,29508
2010-01-04,21:15,21:30,29421
2010-01-04,21:30,21:45,29256
2010-01-04,21:45,22:00,29215
2010-01-04,22:00,22:15,28562
2010-01-04,22:15,22:30,28516
2010-01-04,22:30,22:45,28351
2010-01-04,22:45,23:00,28117
2010-01-04,23:00,23:15,26323
2010-01-04,23:15,23:30,26060
2010-01-04,23:30,23:45,25853
2010-01-04,23:45,00:00,25704
2010-01-05,00:00,00:15,25475
2010-01-05,00:15,00:30,25364
2010-01-05,00:30,00:45,25324
2010-01-05,00:45,01:00,25274
2010-01-05,01:00,01:15,24292
2010-01-05,01:15,01:30,24270
2010-01-05,01:30,01:45,24206
2010-01-05,01:45,02:00,24176
2010-01-05,02:00,02:15,23766
2010-01-05,02:15,02:30,23746
2010-01-05,02:30,02:45,23759
2010-01-05,02:45,03:00,23743
2010-01-05,03:00,03:15,23394
2010-01-05,03:15,03:30,23391
2010-01-05,03:30,03:45,23402
2010-01-05,03:45,04:00,23356
2010-01-05,04:00,04:15,23532
2010-01-05,04:15,04:30,23540
2010-01-05,04:30,04:45,23524
2010-01-05,04:45,05:00,23548
2010-01-05,05:00,05:15,24853
2010-01-05,05:15,05:30,24837
2010-01-05,05:30,05:45,24884
2010-01-05,05:45,06:00,24847
2010-01-05,06:00,06:15,26515
2010-01-05,06:15,06:30,26944
2010-01-05,06:30,06:45,27183
2010-01-05,06:45,07:00,27517
2010-01-05,07:00,07:15,31095
2010-01-05,07:15,07:30,31287
2010-01-05,07:30,07:45,31321
2010-01-05,07:45,08:00,31393
2010-01-05,08:00,08:15,32879
2010-01-05,08:15,08:30,32923
2010-01-05,08:30,08:45,32949
2010-01-05,08:45,09:00,33048
2010-01-05,09:00,09:15,33233
2010-01-05,09:15,09:30,33301
2010-01-05,09:30,09:45,33386
2010-01-05,09:45,10:00,33460
2010-01-05,10:00,10:15,33539
2010-01-05,10:15,10:30,33651
2010-01-05,10:30,10:45,33658
2010-01-05,10:45,11:00,33752
2010-01-05,11:00,11:15,33772
2010-01-05,11:15,11:30,33898
2010-01-05,11:30,11:45,33966
2010-01-05,11:45,12:00,33965
2010-01-05,12:00,12:15,33856
2010-01-05,12:15,12:30,33912
2010-01-05,12:30,12:45,33893
2010-01-05,12:45,13:00,33889
2010-01-05,13:00,13:15,33740
2010-01-05,13:15,13:30,33705
2010-01-05,13:30,13:45,33697
2010-01-05,13:45,14:00,33593
2010-01-05,14:00,14:15,33431
2010-01-05,14:15,14:30,33413
2010-01-05,14:30,14:45,33361
2010-01-05,14:45,15:00,33293
2010-01-05,15:00,15:15,33163
2010-01-05,15:15,15:30,33131
2010-01-05,15:30,15:45,33079
2010-01-05,15:45,16:00,33045
2010-01-05,16:00,16:15,32839
2010-01-05,16:15,16:30,32904
2010-01-05,16:30,16:45,33014
2010-01-05,16:45,17:00,33289
2010-01-05,17:00,17:15,33164
2010-01-05,17:15,17:30,33272
2010-01-05,17:30,17:45,33363
2010-01-05,17:45,18:00,33352
2010-01-05,18:00,18:15,33304
2010-01-05,18:15,18:30,33235
2010-01-05,18:30,18:45,33169
2010-01-05,18:45,19:00,33086
2010-01-05,19:00,19:15,33107
2010-01-05,19:15,19:30,32996
2010-01-05,19:30,19:45,32930
2010-01-05,19:45,20:00,32910
2010-01-05,20:00,20:15,32820
2010-01-05,20:15,20:30,32677
2010-01-05,20:30,20:45,32614
2010-01-05,20:45,21:00,32593
2010-01-05,21:00,21:15,31340
2010-01-05,21:15,21:30,31264
2010-01-05,21:30,21:45,31158
2010-01-05,21:45,22:00,31172
2010-01-05,22:00,22:15,30317
2010-01-05,22:15,22:30,30308
2010-01-05,22:30,22:45,30094
2010-01-05,22:45,23:00,29678
2010-01-05,23:00,23:15,27877
2010-01-05,23:15,23:30,27643
2010-01-05,23:30,23:45,27480
2010-01-05,23:45,00:00,27318
2010-01-06,00:00,00:15,24162
2010-01-06,00:15,00:30,24051
2010-01-06,00:30,00:45,24010
2010-01-06,00:45,01:00,23961
2010-01-06,01:00,01:15,22812
2010-01-06,01:15,01:30,22791
2010-01-06,01:30,01:45,22727
2010-01-06,01:45,02:00,22697
2010-01-06,02:00,02:15,22280
2010-01-06,02:15,02:30,22260
2010-01-06,02:30,02:45,22273
2010-01-06,02:45,03:00,22257
2010-01-06,03:00,03:15,21865
2010-01-06,03:15,03:30,21862
2010-01-06,03:30,03:45,21873
2010-01-06,03:45,04:00,21827
2010-01-06,04:00,04:15,21982
2010-01-06,04:15,04:30,21990
2010-01-06,04:30,04:45,21974
2010-01-06,04:45,05:00,21998
2010-01-06,05:00,05:15,23066
2010-01-06,05:15,05:30,23051
2010-01-06,05:30,05:45,23097
2010-01-06,05:45,06:00,23060
2010-01-06,06:00,06:15,24803
2010-01-06,06:15,06:30,25233
2010-01-06,06:30,06:45,25471
2010-01-06,06:45,07:00,25805
2010-01-06,07:00,07:15,29504
2010-01-06,07:15,07:30,29696
2010-01-06,07:30,07:45,29730
2010-01-06,07:45,08:00,29802
2010-01-06,08:00,08:15,31304
2010-01-06,08:15,08:30,31348
2010-01-06,08:30,08:45,31374
2010-01-06,08:45,09:00,31473
2010-01-06,09:00,09:15,31706
2010-01-06,09:15,09:30,31773
2010-01-06,09:30,09:45,31859
2010-01-06,09:45,10:00,31933
2010-01-06,10:00,10:15,32053
2010-01-06,10:15,10:30,32165
2010-01-06,10:30,10:45,32172
2010-01-06,10:45,11:00,32266
2010-01-06,11:00,11:15,32346
2010-01-06,11:15,11:30,32471
2010-01-06,11:30,11:45,32539
2010-01-06,11:45,12:00,32538
2010-01-06,12:00,12:15,32486
2010-01-06,12:15,12:30,32542
2010-01-06,12:30,12:45,32523
2010-01-06,12:45,13:00,32519
2010-01-06,13:00,13:15,32411
2010-01-06,13:15,13:30,32376
2010-01-06,13:30,13:45,32368
2010-01-06,13:45,14:00,32265
2010-01-06,14:00,14:15,32090
2010-01-06,14:15,14:30,32071
2010-01-06,14:30,14:45,32020
2010-01-06,14:45,15:00,31952
2010-01-06,15:00,15:15,31877
2010-01-06,15:15,15:30,31845
2010-01-06,15:30,15:45,31793
2010-01-06,15:45,16:00,31758
2010-01-06,16:00,16:15,31592
2010-01-06,16:15,16:30,31657
2010-01-06,16:30,16:45,31767
2010-01-06,16:45,17:00,32041
2010-01-06,17:00,17:15,32061
2010-01-06,17:15,17:30,32169
2010-01-06,17:30,17:45,32260
2010-01-06,17:45,18:00,32250
2010-01-06,18:00,18:15,32214
2010-01-06,18:15,18:30,32145
2010-01-06,18:30,18:45,32079
2010-01-06,18:45,19:00,31997
2010-01-06,19:00,19:15,31917
2010-01-06,19:15,19:30,31806
2010-01-06,19:30,19:45,31741
2010-01-06,19:45,20:00,31720
2010-01-06,20:00,20:15,31818
2010-01-06,20:15,20:30,31676
2010-01-06,20:30,20:45,31612
2010-01-06,20:45,21:00,31591
2010-01-06,21:00,21:15,30154
2010-01-06,21:15,21:30,30078
2010-01-06,21:30,21:45,29972
2010-01-06,21:45,22:00,29986
2010-01-06,22:00,22:15,29868
2010-01-06,22:15,22:30,29859
2010-01-06,22:30,22:45,29645
2010-01-06,22:45,23:00,29229
2010-01-06,23:00,23:15,27125
2010-01-06,23:15,23:30,26891
2010-01-06,23:30,23:45,26728
2010-01-06,23:45,00:00,26567
2010-01-07,00:00,00:15,0
2010-01-07,00:15,00:30,0
2010-01-07,00:30,00:45,0
2010-01-07,00:45,01:00,0
2010-01-07,01:00,01:15,0
2010-01-07,01:15,01:30,0
2010-01-07,01:30,01:45,0
2010-01-07,01:45,02:00,0
2010-01-07,02:00,02:15,0
2010-01-07,02:15,02:30,0
2010-01-07,02:30,02:45,0
2010-01-07,02:45,03:00,0
2010-01-07,03:00,03:15,0
2010-01-07,03:15,03:30,0
2010-01-07,03:30,03:45,0
2010-01-07,03:45,04:00,0
2010-01-07,04:00,04:15,0
2010-01-07,04:15,04:30,0
2010-01-07,04:30,04:45,0
2010-01-07,04:45,05:00,0
2010-01-07,05:00,05:15,0
2010-01-07,05:15,05:30,0
2010-01-07,05:30,05:45,0
2010-01-07,05:45,06:00,0
2010-01-07,06:00,06:15,0
2010-01-07,06:15,06:30,0
2010-01-07,06:30,06:45,0
2010-01-07,06:45,07:00,0
2010-01-07,07:00,07:15,0
2010-01-07,07:15,07:30,0
2010-01-07,07:30,07:45,0
2010-01-07,07:45,08:00,0
2010-01-07,08:00,08:15,0
2010-01-07,08:15,08:30,0
2010-01-07,08:30,08:45,0
2010-01-07,08:45,09:00,0
2010-01-07,09:00,09:15,0
2010-01-07,09:15,09:30,0
2010-01-07,09:30,09:45,0
2010-01-07,09:45,10:00,0
2010-01-07,10:00,10:15,0
2010-01-07,10:15,10:30,0
2010-01-07,10:30,10:45,0
2010-01-07,10:45,11:00,0
2010-01-07,11:00,11:15,0
2010-01-07,11:15,11:30,0
2010-01-07,11:30,11:45,0
2010-01-07,11:45,12:00,0
2010-01-07,12:00,12:15,0
2010-01-07,12:15,12:30,0
2010-01-07,12:30,12:45,0
2010-01-07,12:45,13:00,0
2010-01-07,13:00,13:15,0
2010-01-07,13:15,13:30,0
2010-01-07,13:30,13:45,0
2010-01-07,13:45,14:00,0
2010-01-07,14:00,14:15,0
2010-01-07,14:15,14:30,0
2010-01-07,14:30,14:45,0
2010-01-07,14:45,15:00,0
2010-01-07,15:00,15:15,0
2010-01-07,15:15,15:30,0
2010-01-07,15:30,15:45,0
2010-01-07,15:45,16:00,0
2010-01-07,16:00,16:15,0
2010-01-07,16:15,16:30,0
2010-01-07,16:30,16:45,0
2010-01-07,16:45,17:00,0
2010-01-07,17:00,17:15,0
2010-01-07,17:15,17:30,0
2010-01-07,17:30,17:45,0
2010-01-07,17:45,18:00,0
2010-01-07,18:00,18:15,0
2010-01-07,18:15,18:30,0
2010-01-07,18:30,18:45,0
2010-01-07,18:45,19:00,0
2010-01-07,19:00,19:15,0
2010-01-07,19:15,19:30,0
2010-01-07,19:30,19:45,0
2010-01-07,19:45,20:00,0
2010-01-07,20:00,20:15,0
2010-01-07,20:15,20:30,0
2010-01-07,20:30,20:45,0
2010-01-07,20:45,21:00,0
2010-01-07,21:00,21:15,0
2010-01-07,21:15,21:30,0
2010-01-07,21:30,21:45,0
2010-01-07,21:45,22:00,0
2010-01-07,22:00,22:15,0
2010-01-07,22:15,22:30,0
2010-01-07,22:30,22:45,0
2010-01-07,22:45,23:00,0
2010-01-07,23:00,23:15,0
2010-01-07,23:15,23:30,0
2010-01-07,23:30,23:45,0
2010-01-07,23:45,00:00,0
2010-01-08,00:00,00:15,26588
2010-01-08,00:15,00:30,26473
2010-01-08,00:30,00:45,26424
2010-01-08,00:45,01:00,26349
2010-01-08,01:00,01:15,26459
2010-01-08,01:15,01:30,26391
2010-01-08,01:30,01:45,26328
2010-01-08,01:45,02:00,26272
2010-01-08,02:00,02:15,25975
2010-01-08,02:15,02:30,25957
2010-01-08,02:30,02:45,25915
2010-01-08,02:45,03:00,25898
2010-01-08,03:00,03:15,25360
2010-01-08,03:15,03:30,25330
2010-01-08,03:30,03:45,25319
2010-01-08,03:45,04:00,25268
2010-01-08,04:00,04:15,25438
2010-01-08,04:15,04:30,25421
2010-01-08,04:30,04:45,25422
2010-01-08,04:45,05:00,25417
2010-01-08,05:00,05:15,26282
2010-01-08,05:15,05:30,26355
2010-01-08,05:30,05:45,26451
2010-01-08,05:45,06:00,26569
2010-01-08,06:00,06:15,28666
2010-01-08,06:15,06:30,29056
2010-01-08,06:30,06:45,29219
2010-01-08,06:45,07:00,29421
2010-01-08,07:00,07:15,32156
2010-01-08,07:15,07:30,32245
2010-01-08,07:30,07:45,32238
2010-01-08,07:45,08:00,32238
2010-01-08,08:00,08:15,33682
2010-01-08,08:15,08:30,33681
2010-01-08,08:30,08:45,33661
2010-01-08,08:45,09:00,33690
2010-01-08,09:00,09:15,34115
2010-01-08,09:15,09:30,34189
2010-01-08,09:30,09:45,34277
2010-01-08,09:45,10:00,34348
2010-01-08,10:00,10:15,34476
2010-01-08,10:15,10:30,34595
2010-01-08,10:30,10:45,34629
2010-01-08,10:45,11:00,34712
2010-01-08,11:00,11:15,34673
2010-01-08,11:15,11:30,34788
2010-01-08,11:30,11:45,34823
2010-01-08,11:45,12:00,34826
2010-01-08,12:00,12:15,34682
2010-01-08,12:15,12:30,34738
2010-01-08,12:30,12:45,34705
2010-01-08,12:45,13:00,34692
2010-01-08,13:00,13:15,34812
2010-01-08,13:15,13:30,34801
2010-01-08,13:30,13:45,34723
2010-01-08,13:45,14:00,34627
2010-01-08,14:00,14:15,34615
2010-01-08,14:15,14:30,34574
2010-01-08,14:30,14:45,34500
2010-01-08,14:45,15:00,34403
2010-01-08,15:00,15:15,34448
2010-01-08,15:15,15:30,34411
2010-01-08,15:30,15:45,34357
2010-01-08,15:45,16:00,34321
2010-01-08,16:00,16:15,34115
2010-01-08,16:15,16:30,34184
2010-01-08,16:30,16:45,34301
2010-01-08,16:45,17:00,34594
2010-01-08,17:00,17:15,34442
2010-01-08,17:15,17:30,34648
2010-01-08,17:30,17:45,34726
2010-01-08,17:45,18:00,34679
2010-01-08,18:00,18:15,34685
2010-01-08,18:15,18:30,34524
2010-01-08,18:30,18:45,34380
2010-01-08,18:45,19:00,34260
2010-01-08,19:00,19:15,33622
2010-01-08,19:15,19:30,33446
2010-01-08,19:30,19:45,33347
2010-01-08,19:45,20:00,33206
2010-01-08,20:00,20:15,30489
2010-01-08,20:15,20:30,30014
2010-01-08,20:30,20:45,29913
2010-01-08,20:45,21:00,29885
2010-01-08,21:00,21:15,27526
2010-01-08,21:15,21:30,27504
2010-01-08,21:30,21:45,27445
2010-01-08,21:45,22:00,27467
2010-01-08,22:00,22:15,27315
2010-01-08,22:15,22:30,27344
2010-01-08,22:30,22:45,27330
2010-01-08,22:45,23:00,27161
2010-01-08,23:00,23:15,26128
2010-01-08,23:15,23:30,25963
2010-01-08,23:30,23:45,25751
2010-01-08,23:45,00:00,25551
2010-01-09,00:00,00:15,23881
2010-01-09,00:15,00:30,23746
2010-01-09,00:30,00:45,23637
2010-01-09,00:45,01:00,23565
2010-01-09,01:00,01:15,23704
2010-01-09,01:15,01:30,23618
2010-01-09,01:30,01:45,23538
2010-01-09,01:45,02:00,23489
2010-01-09,02:00,02:15,23640
2010-01-09,02:15,02:30,23615
2010-01-09,02:30,02:45,23592
2010-01-09,02:45,03:00,23581
2010-01-09,03:00,03:15,23655
2010-01-09,03:15,03:30,23620
2010-01-09,03:30,03:45,23595
2010-01-09,03:45,04:00,23530
2010-01-09,04:00,04:15,23665
2010-01-09,04:15,04:30,23634
2010-01-09,04:30,04:45,23566
2010-01-09,04:45,05:00,23494
2010-01-09,05:00,05:15,23134
2010-01-09,05:15,05:30,23018
2010-01-09,05:30,05:45,22841
2010-01-09,05:45,06:00,22583
2010-01-09,06:00,06:15,23578
2010-01-09,06:15,06:30,23565
2010-01-09,06:30,06:45,23537
2010-01-09,06:45,07:00,23596
2010-01-09,07:00,07:15,24228
2010-01-09,07:15,07:30,24291
2010-01-09,07:30,07:45,24356
2010-01-09,07:45,08:00,24446
2010-01-09,08:00,08:15,24632
2010-01-09,08:15,08:30,24770
2010-01-09,08:30,08:45,24883
2010-01-09,08:45,09:00,25079
2010-01-09,09:00,09:15,25322
2010-01-09,09:15,09:30,25487
2010-01-09,09:30,09:45,25635
2010-01-09,09:45,10:00,25771
2010-01-09,10:00,10:15,25960
2010-01-09,10:15,10:30,26067
2010-01-09,10:30,10:45,26167
2010-01-09,10:45,11:00,26252
2010-01-09,11:00,11:15,26248
2010-01-09,11:15,11:30,26367
2010-01-09,11:30,11:45,26433
2010-01-09,11:45,12:00,26411
2010-01-09,12:00,12:15,27000
2010-01-09,12:15,12:30,27011
2010-01-09,12:30,12:45,27031
2010-01-09,12:45,13:00,26964
2010-01-09,13:00,13:15,26728
2010-01-09,13:15,13:30,26638
2010-01-09,13:30,13:45,26596
2010-01-09,13:45,14:00,26474
2010-01-09,14:00,14:15,26303
2010-01-09,14:15,14:30,26263
2010-01-09,14:30,14:45,26233
2010-01-09,14:45,15:00,26174
2010-01-09,15:00,15:15,25868
2010-01-09,15:15,15:30,25878
2010-01-09,15:30,15:45,25870
2010-01-09,15:45,16:00,25848
2010-01-09,16:00,16:15,25634
2010-01-09,16:15,16:30,25681
2010-01-09,16:30,16:45,25776
2010-01-09,16:45,17:00,26025
2010-01-09,17:00,17:15,26317
2010-01-09,17:15,17:30,26471
2010-01-09,17:30,17:45,26507
2010-01-09,17:45,18:00,26496
2010-01-09,18:00,18:15,27000
2010-01-09,18:15,18:30,26933
2010-01-09,18:30,18:45,26892
2010-01-09,18:45,19:00,26794
2010-01-09,19:00,19:15,25453
2010-01-09,19:15,19:30,25316
2010-01-09,19:30,19:45,25182
2010-01-09,19:45,20:00,25142
2010-01-09,20:00,20:15,24823
2010-01-09,20:15,20:30,24613
2010-01-09,20:30,20:45,24550
2010-01-09,20:45,21:00,24565
2010-01-09,21:00,21:15,24004
2010-01-09,21:15,21:30,24017
2010-01-09,21:30,21:45,24040
2010-01-09,21:45,22:00,24167
2010-01-09,22:00,22:15,24063
2010-01-09,22:15,22:30,24085
2010-01-09,22:30,22:45,24082
2010-01-09,22:45,23:00,23943
2010-01-09,23:00,23:15,24074
2010-01-09,23:15,23:30,23884
2010-01-09,23:30,23:45,23717
2010-01-09,23:45,00:00,23633
2010-01-10,00:00,00:15,22171
2010-01-10,00:15,00:30,22044
2010-01-10,00:30,00:45,21957
2010-01-10,00:45,01:00,21863
2010-01-10,01:00,01:15,21625
2010-01-10,01:15,01:30,21552
2010-01-10,01:30,01:45,21477
2010-01-10,01:45,02:00,21435
2010-01-10,02:00,02:15,21441
2010-01-10,02:15,02:30,21422
2010-01-10,02:30,02:45,21385
2010-01-10,02:45,03:00,21352
2010-01-10,03:00,03:15,21080
2010-01-10,03:15,03:30,21024
2010-01-10,03:30,03:45,21000
2010-01-10,03:45,04:00,20935
2010-01-10,04:00,04:15,20717
2010-01-10,04:15,04:30,20688
2010-01-10,04:30,04:45,20612
2010-01-10,04:45,05:00,20542
2010-01-10,05:00,05:15,21119
2010-01-10,05:15,05:30,20920
2010-01-10,05:30,05:45,20728
2010-01-10,05:45,06:00,20458
2010-01-10,06:00,06:15,20598
2010-01-10,06:15,06:30,20468
2010-01-10,06:30,06:45,20379
2010-01-10,06:45,07:00,20362
2010-01-10,07:00,07:15,21175
2010-01-10,07:15,07:30,21280
2010-01-10,07:30,07:45,21328
2010-01-10,07:45,08:00,21406
2010-01-10,08:00,08:15,20990
2010-01-10,08:15,08:30,21137
2010-01-10,08:30,08:45,21262
2010-01-10,08:45,09:00,21419
2010-01-10,09:00,09:15,22647
2010-01-10,09:15,09:30,22785
2010-01-10,09:30,09:45,22921
2010-01-10,09:45,10:00,23066
2010-01-10,10:00,10:15,23487
2010-01-10,10:15,10:30,23660
2010-01-10,10:30,10:45,23820
2010-01-10,10:45,11:00,23975
2010-01-10,11:00,11:15,24213
2010-01-10,11:15,11:30,24448
2010-01-10,11:30,11:45,24603
2010-01-10,11:45,12:00,24612
2010-01-10,12:00,12:15,24363
2010-01-10,12:15,12:30,24416
2010-01-10,12:30,12:45,24396
2010-01-10,12:45,13:00,24300
2010-01-10,13:00,13:15,23709
2010-01-10,13:15,13:30,23651
2010-01-10,13:30,13:45,23633
2010-01-10,13:45,14:00,23515
2010-01-10,14:00,14:15,23417
2010-01-10,14:15,14:30,23357
2010-01-10,14:30,14:45,23307
2010-01-10,14:45,15:00,23217
2010-01-10,15:00,15:15,23138
2010-01-10,15:15,15:30,23119
2010-01-10,15:30,15:45,23104
2010-01-10,15:45,16:00,23097
2010-01-10,16:00,16:15,23426
2010-01-10,16:15,16:30,23482
2010-01-10,16:30,16:45,23605
2010-01-10,16:45,17:00,23851
2010-01-10,17:00,17:15,24383
2010-01-10,17:15,17:30,24527
2010-01-10,17:30,17:45,24602
2010-01-10,17:45,18:00,24676
2010-01-10,18:00,18:15,24625
2010-01-10,18:15,18:30,24599
2010-01-10,18:30,18:45,24585
2010-01-10,18:45,19:00,24545
2010-01-10,19:00,19:15,24749
2010-01-10,19:15,19:30,24654
2010-01-10,19:30,19:45,24579
2010-01-10,19:45,20:00,24562
2010-01-10,20:00,20:15,24933
2010-01-10,20:15,20:30,24852
2010-01-10,20:30,20:45,24816
2010-01-10,20:45,21:00,24826
2010-01-10,21:00,21:15,24171
2010-01-10,21:15,21:30,24248
2010-01-10,21:30,21:45,24309
2010-01-10,21:45,22:00,24486
2010-01-10,22:00,22:15,24348
2010-01-10,22:15,22:30,24388
2010-01-10,22:30,22:45,24331
2010-01-10,22:45,23:00,24150
2010-01-10,23:00,23:15,24075
2010-01-10,23:15,23:30,23873
2010-01-10,23:30,23:45,23719
2010-01-10,23:45,00:00,23626
2010-01-11,00:00,00:15,22804
2010-01-11,00:15,00:30,22724
2010-01-11,00:30,00:45,22660
2010-01-11,00:45,01:00,22590
2010-01-11,01:00,01:15,22147
2010-01-11,01:15,01:30,22111
2010-01-11,01:30,01:45,22108
2010-01-11,01:45,02:00,22115
2010-01-11,02:00,02:15,21910
2010-01-11,02:15,02:30,21900
2010-01-11,02:30,02:45,21899
2010-01-11,02:45,03:00,21878
2010-01-11,03:00,03:15,21803
2010-01-11,03:15,03:30,21780
2010-01-11,03:30,03:45,21801
2010-01-11,03:45,04:00,21802
2010-01-11,04:00,04:15,22288
2010-01-11,04:15,04:30,22297
2010-01-11,04:30,04:45,22320
2010-01-11,04:45,05:00,22363
2010-01-11,05:00,05:15,23383
2010-01-11,05:15,05:30,23385
2010-01-11,05:30,05:45,23415
2010-01-11,05:45,06:00,23479
2010-01-11,06:00,06:15,28437
2010-01-11,06:15,06:30,28742
2010-01-11,06:30,06:45,28893
2010-01-11,06:45,07:00,29131
2010-01-11,07:00,07:15,31997
2010-01-11,07:15,07:30,32159
2010-01-11,07:30,07:45,32263
2010-01-11,07:45,08:00,32360
2010-01-11,08:00,08:15,33216
2010-01-11,08:15,08:30,33261
2010-01-11,08:30,08:45,33284
2010-01-11,08:45,09:00,33370
2010-01-11,09:00,09:15,33529
2010-01-11,09:15,09:30,33747
2010-01-11,09:30,09:45,33990
2010-01-11,09:45,10:00,34212
2010-01-11,10:00,10:15,34716
2010-01-11,10:15,10:30,34821
2010-01-11,10:30,10:45,34929
2010-01-11,10:45,11:00,35047
2010-01-11,11:00,11:15,35286
2010-01-11,11:15,11:30,35425
2010-01-11,11:30,11:45,35493
2010-01-11,11:45,12:00,35508
2010-01-11,12:00,12:15,35363
2010-01-11,12:15,12:30,35423
2010-01-11,12:30,12:45,35473
2010-01-11,12:45,13:00,35490
2010-01-11,13:00,13:15,35480
2010-01-11,13:15,13:30,35456
2010-01-11,13:30,13:45,35421
2010-01-11,13:45,14:00,35323
2010-01-11,14:00,14:15,35245
2010-01-11,14:15,14:30,35205
2010-01-11,14:30,14:45,35168
2010-01-11,14:45,15:00,35060
2010-01-11,15:00,15:15,34776
2010-01-11,15:15,15:30,34726
2010-01-11,15:30,15:45,34661
2010-01-11,15:45,16:00,34611
2010-01-11,16:00,16:15,34529
2010-01-11,16:15,16:30,34548
2010-01-11,16:30,16:45,34620
2010-01-11,16:45,17:00,34860
2010-01-11,17:00,17:15,34729
2010-01-11,17:15,17:30,34834
2010-01-11,17:30,17:45,34841
2010-01-11,17:45,18:00,34852
2010-01-11,18:00,18:15,34825
2010-01-11,18:15,18:30,34760
2010-01-11,18:30,18:45,34728
2010-01-11,18:45,19:00,34678
2010-01-11,19:00,19:15,34774
2010-01-11,19:15,19:30,34642
2010-01-11,19:30,19:45,34558
2010-01-11,19:45,20:00,34514
2010-01-11,20:00,20:15,33280
2010-01-11,20:15,20:30,33128
2010-01-11,20:30,20:45,33058
2010-01-11,20:45,21:00,33018
2010-01-11,21:00,21:15,31796
2010-01-11,21:15,21:30,31797
2010-01-11,21:30,21:45,31772
2010-01-11,21:45,22:00,31782
2010-01-11,22:00,22:15,31698
2010-01-11,22:15,22:30,31653
2010-01-11,22:30,22:45,31503
2010-01-11,22:45,23:00,31226
2010-01-11,23:00,23:15,30243
2010-01-11,23:15,23:30,30003
2010-01-11,23:30,23:45,29753
2010-01-11,23:45,00:00,29605
2010-01-12,00:00,00:15,22967
2010-01-12,00:15,00:30,22888
2010-01-12,00:30,00:45,22824
2010-01-12,00:45,01:00,22753
2010-01-12,01:00,01:15,21990
2010-01-12,01:15,01:30,21955
2010-01-12,01:30,01:45,21951
2010-01-12,01:45,02:00,21959
2010-01-12,02:00,02:15,21754
2010-01-12,02:15,02:30,21744
2010-01-12,02:30,02:45,21743
2010-01-12,02:45,03:00,21722
2010-01-12,03:00,03:15,21651
2010-01-12,03:15,03:30,21629
2010-01-12,03:30,03:45,21650
2010-01-12,03:45,04:00,21650
2010-01-12,04:00,04:15,22118
2010-01-12,04:15,04:30,22127
2010-01-12,04:30,04:45,22150
2010-01-12,04:45,05:00,22193
2010-01-12,05:00,05:15,23200
2010-01-12,05:15,05:30,23202
2010-01-12,05:30,05:45,23232
2010-01-12,05:45,06:00,23296
2010-01-12,06:00,06:15,28733
2010-01-12,06:15,06:30,29039
2010-01-12,06:30,06:45,29190
2010-01-12,06:45,07:00,29427
2010-01-12,07:00,07:15,31852
2010-01-12,07:15,07:30,32014
2010-01-12,07:30,07:45,32118
2010-01-12,07:45,08:00,32215
2010-01-12,08:00,08:15,33265
2010-01-12,08:15,08:30,33310
2010-01-12,08:30,08:45,33333
2010-01-12,08:45,09:00,33419
2010-01-12,09:00,09:15,33705
2010-01-12,09:15,09:30,33923
2010-01-12,09:30,09:45,34165
2010-01-12,09:45,10:00,34387
2010-01-12,10:00,10:15,34616
2010-01-12,10:15,10:30,34721
2010-01-12,10:30,10:45,34829
2010-01-12,10:45,11:00,34946
2010-01-12,11:00,11:15,35132
2010-01-12,11:15,11:30,35270
2010-01-12,11:30,11:45,35339
2010-01-12,11:45,12:00,35354
2010-01-12,12:00,12:15,35264
2010-01-12,12:15,12:30,35324
2010-01-12,12:30,12:45,35374
2010-01-12,12:45,13:00,35391
2010-01-12,13:00,13:15,35414
2010-01-12,13:15,13:30,35389
2010-01-12,13:30,13:45,35354
2010-01-12,13:45,14:00,35256
2010-01-12,14:00,14:15,35300
2010-01-12,14:15,14:30,35260
2010-01-12,14:30,14:45,35223
2010-01-12,14:45,15:00,35115
2010-01-12,15:00,15:15,34955
2010-01-12,15:15,15:30,34906
2010-01-12,15:30,15:45,34840
2010-01-12,15:45,16:00,34790
2010-01-12,16:00,16:15,34882
2010-01-12,16:15,16:30,34901
2010-01-12,16:30,16:45,34973
2010-01-12,16:45,17:00,35213
2010-01-12,17:00,17:15,35249
2010-01-12,17:15,17:30,35354
2010-01-12,17:30,17:45,35361
2010-01-12,17:45,18:00,35372
2010-01-12,18:00,18:15,35660
2010-01-12,18:15,18:30,35595
2010-01-12,18:30,18:45,35563
2010-01-12,18:45,19:00,35513
2010-01-12,19:00,19:15,35650
2010-01-12,19:15,19:30,35518
2010-01-12,19:30,19:45,35434
2010-01-12,19:45,20:00,35390
2010-01-12,20:00,20:15,34192
2010-01-12,20:15,20:30,34040
2010-01-12,20:30,20:45,33971
2010-01-12,20:45,21:00,33931
2010-01-12,21:00,21:15,32780
2010-01-12,21:15,21:30,32781
2010-01-12,21:30,21:45,32756
2010-01-12,21:45,22:00,32766
2010-01-12,22:00,22:15,32570
2010-01-12,22:15,22:30,32525
2010-01-12,22:30,22:45,32374
2010-01-12,22:45,23:00,32098
2010-01-12,23:00,23:15,31161
2010-01-12,23:15,23:30,30920
2010-01-12,23:30,23:45,30671
2010-01-12,23:45,00:00,30523
2010-01-13,00:00,00:15,27564
2010-01-13,00:15,00:30,27311
2010-01-13,00:30,00:45,26957
2010-01-13,00:45,01:00,26765
2010-01-13,01:00,01:15,26145
2010-01-13,01:15,01:30,26109
2010-01-13,01:30,01:45,26074
2010-01-13,01:45,02:00,26071
2010-01-13,02:00,02:15,25694
2010-01-13,02:15,02:30,25680
2010-01-13,02:30,02:45,25687
2010-01-13,02:45,03:00,25673
2010-01-13,03:00,03:15,25307
2010-01-13,03:15,03:30,25277
2010-01-13,03:30,03:45,25256
2010-01-13,03:45,04:00,25224
2010-01-13,04:00,04:15,25278
2010-01-13,04:15,04:30,25286
2010-01-13,04:30,04:45,25287
2010-01-13,04:45,05:00,25320
2010-01-13,05:00,05:15,26362
2010-01-13,05:15,05:30,26379
2010-01-13,05:30,05:45,26402
2010-01-13,05:45,06:00,26469
2010-01-13,06:00,06:15,27678
2010-01-13,06:15,06:30,28015
2010-01-13,06:30,06:45,28272
2010-01-13,06:45,07:00,28623
2010-01-13,07:00,07:15,32386
2010-01-13,07:15,07:30,32698
2010-01-13,07:30,07:45,32771
2010-01-13,07:45,08:00,32794
2010-01-13,08:00,08:15,34216
2010-01-13,08:15,08:30,34211
2010-01-13,08:30,08:45,34177
2010-01-13,08:45,09:00,34178
2010-01-13,09:00,09:15,34248
2010-01-13,09:15,09:30,34337
2010-01-13,09:30,09:45,34406
2010-01-13,09:45,10:00,34467
2010-01-13,10:00,10:15,34391
2010-01-13,10:15,10:30,34456
2010-01-13,10:30,10:45,34542
2010-01-13,10:45,11:00,34650
2010-01-13,11:00,11:15,34595
2010-01-13,11:15,11:30,34704
2010-01-13,11:30,11:45,34761
2010-01-13,11:45,12:00,34786
2010-01-13,12:00,12:15,34634
2010-01-13,12:15,12:30,34694
2010-01-13,12:30,12:45,34712
2010-01-13,12:45,13:00,34735
2010-01-13,13:00,13:15,34688
2010-01-13,13:15,13:30,34651
2010-01-13,13:30,13:45,34592
2010-01-13,13:45,14:00,34473
2010-01-13,14:00,14:15,34222
2010-01-13,14:15,14:30,34187
2010-01-13,14:30,14:45,34131
2010-01-13,14:45,15:00,34049
2010-01-13,15:00,15:15,33674
2010-01-13,15:15,15:30,33620
2010-01-13,15:30,15:45,33567
2010-01-13,15:45,16:00,33514
2010-01-13,16:00,16:15,33851
2010-01-13,16:15,16:30,33888
2010-01-13,16:30,16:45,33954
2010-01-13,16:45,17:00,34140
2010-01-13,17:00,17:15,34086
2010-01-13,17:15,17:30,34212
2010-01-13,17:30,17:45,34269
2010-01-13,17:45,18:00,34295
2010-01-13,18:00,18:15,34480
2010-01-13,18:15,18:30,34398
2010-01-13,18:30,18:45,34346
2010-01-13,18:45,19:00,34281
2010-01-13,19:00,19:15,34333
2010-01-13,19:15,19:30,34202
2010-01-13,19:30,19:45,34125
2010-01-13,19:45,20:00,34090
2010-01-13,20:00,20:15,33826
2010-01-13,20:15,20:30,33647
2010-01-13,20:30,20:45,33534
2010-01-13,20:45,21:00,33459
2010-01-13,21:00,21:15,30686
2010-01-13,21:15,21:30,30637
2010-01-13,21:30,21:45,30558
2010-01-13,21:45,22:00,30545
2010-01-13,22:00,22:15,28168
2010-01-13,22:15,22:30,28105
2010-01-13,22:30,22:45,27948
2010-01-13,22:45,23:00,27658
2010-01-13,23:00,23:15,26932
2010-01-13,23:15,23:30,26692
2010-01-13,23:30,23:45,26325
2010-01-13,23:45,00:00,26099
2010-01-14,00:00,00:15,25922
2010-01-14,00:15,00:30,25878
2010-01-14,00:30,00:45,25747
2010-01-14,00:45,01:00,25707
2010-01-14,01:00,01:15,25074
2010-01-14,01:15,01:30,25030
2010-01-14,01:30,01:45,24969
2010-01-14,01:45,02:00,24884
2010-01-14,02:00,02:15,24077
2010-01-14,02:15,02:30,24075
2010-01-14,02:30,02:45,24073
2010-01-14,02:45,03:00,24080
2010-01-14,03:00,03:15,23584
2010-01-14,03:15,03:30,23560
2010-01-14,03:30,03:45,23551
2010-01-14,03:45,04:00,23517
2010-01-14,04:00,04:15,23530
2010-01-14,04:15,04:30,23559
2010-01-14,04:30,04:45,23570
2010-01-14,04:45,05:00,23623
2010-01-14,05:00,05:15,24739
2010-01-14,05:15,05:30,24777
2010-01-14,05:30,05:45,24843
2010-01-14,05:45,06:00,25005
2010-01-14,06:00,06:15,28527
2010-01-14,06:15,06:30,28897
2010-01-14,06:30,06:45,29151
2010-01-14,06:45,07:00,29532
2010-01-14,07:00,07:15,32500
2010-01-14,07:15,07:30,32632
2010-01-14,07:30,07:45,32667
2010-01-14,07:45,08:00,32760
2010-01-14,08:00,08:15,33716
2010-01-14,08:15,08:30,33688
2010-01-14,08:30,08:45,33650
2010-01-14,08:45,09:00,33661
2010-01-14,09:00,09:15,33900
2010-01-14,09:15,09:30,33970
2010-01-14,09:30,09:45,34036
2010-01-14,09:45,10:00,34092
2010-01-14,10:00,10:15,34019
2010-01-14,10:15,10:30,34078
2010-01-14,10:30,10:45,34147
2010-01-14,10:45,11:00,34201
2010-01-14,11:00,11:15,34281
2010-01-14,11:15,11:30,34382
2010-01-14,11:30,11:45,34431
2010-01-14,11:45,12:00,34435
2010-01-14,12:00,12:15,34385
2010-01-14,12:15,12:30,34416
2010-01-14,12:30,12:45,34464
2010-01-14,12:45,13:00,34465
2010-01-14,13:00,13:15,34143
2010-01-14,13:15,13:30,34126
2010-01-14,13:30,13:45,34093
2010-01-14,13:45,14:00,33974
2010-01-14,14:00,14:15,34079
2010-01-14,14:15,14:30,34061
2010-01-14,14:30,14:45,34007
2010-01-14,14:45,15:00,33915
2010-01-14,15:00,15:15,33799
2010-01-14,15:15,15:30,33749
2010-01-14,15:30,15:45,33674
2010-01-14,15:45,16:00,33609
2010-01-14,16:00,16:15,33691
2010-01-14,16:15,16:30,33716
2010-01-14,16:30,16:45,33810
2010-01-14,16:45,17:00,34016
2010-01-14,17:00,17:15,33750
2010-01-14,17:15,17:30,33895
2010-01-14,17:30,17:45,33925
2010-01-14,17:45,18:00,33935
2010-01-14,18:00,18:15,34019
2010-01-14,18:15,18:30,33953
2010-01-14,18:30,18:45,33873
2010-01-14,18:45,19:00,33809
2010-01-14,19:00,19:15,33889
2010-01-14,19:15,19:30,33778
2010-01-14,19:30,19:45,33668
2010-01-14,19:45,20:00,33665
2010-01-14,20:00,20:15,33708
2010-01-14,20:15,20:30,33547
2010-01-14,20:30,20:45,33450
2010-01-14,20:45,21:00,33328
2010-01-14,21:00,21:15,32305
2010-01-14,21:15,21:30,32193
2010-01-14,21:30,21:45,32055
2010-01-14,21:45,22:00,32000
2010-01-14,22:00,22:15,29780
2010-01-14,22:15,22:30,29733
2010-01-14,22:30,22:45,29626
2010-01-14,22:45,23:00,29416
2010-01-14,23:00,23:15,28918
2010-01-14,23:15,23:30,28667
2010-01-14,23:30,23:45,28467
2010-01-14,23:45,00:00,28377
2010-01-15,00:00,00:15,27673
2010-01-15,00:15,00:30,27568
2010-01-15,00:30,00:45,27475
2010-01-15,00:45,01:00,27389
2010-01-15,01:00,01:15,27208
2010-01-15,01:15,01:30,27147
2010-01-15,01:30,01:45,27128
2010-01-15,01:45,02:00,27138
2010-01-15,02:00,02:15,25940
2010-01-15,02:15,02:30,25857
2010-01-15,02:30,02:45,25878
2010-01-15,02:45,03:00,25873
2010-01-15,03:00,03:15,24587
2010-01-15,03:15,03:30,24557
2010-01-15,03:30,03:45,24548
2010-01-15,03:45,04:00,24506
2010-01-15,04:00,04:15,24763
2010-01-15,04:15,04:30,24771
2010-01-15,04:30,04:45,24786
2010-01-15,04:45,05:00,24798
2010-01-15,05:00,05:15,26240
2010-01-15,05:15,05:30,26335
2010-01-15,05:30,05:45,26367
2010-01-15,05:45,06:00,26453
2010-01-15,06:00,06:15,31473
2010-01-15,06:15,06:30,31787
2010-01-15,06:30,06:45,31982
2010-01-15,06:45,07:00,32288
2010-01-15,07:00,07:15,33440
2010-01-15,07:15,07:30,33567
2010-01-15,07:30,07:45,33626
2010-01-15,07:45,08:00,33661
2010-01-15,08:00,08:15,34768
2010-01-15,08:15,08:30,34755
2010-01-15,08:30,08:45,34709
2010-01-15,08:45,09:00,34690
2010-01-15,09:00,09:15,34660
2010-01-15,09:15,09:30,34706
2010-01-15,09:30,09:45,34766
2010-01-15,09:45,10:00,34828
2010-01-15,10:00,10:15,35039
2010-01-15,10:15,10:30,35104
2010-01-15,10:30,10:45,35167
2010-01-15,10:45,11:00,35245
2010-01-15,11:00,11:15,35199
2010-01-15,11:15,11:30,35300
2010-01-15,11:30,11:45,35335
2010-01-15,11:45,12:00,35342
2010-01-15,12:00,12:15,35278
2010-01-15,12:15,12:30,35278
2010-01-15,12:30,12:45,35296
2010-01-15,12:45,13:00,35285
2010-01-15,13:00,13:15,35121
2010-01-15,13:15,13:30,35051
2010-01-15,13:30,13:45,35011
2010-01-15,13:45,14:00,34813
2010-01-15,14:00,14:15,35006
2010-01-15,14:15,14:30,34956
2010-01-15,14:30,14:45,34886
2010-01-15,14:45,15:00,34787
2010-01-15,15:00,15:15,34771
2010-01-15,15:15,15:30,34709
2010-01-15,15:30,15:45,34644
2010-01-15,15:45,16:00,34608
2010-01-15,16:00,16:15,34542
2010-01-15,16:15,16:30,34550
2010-01-15,16:30,16:45,34616
2010-01-15,16:45,17:00,34851
2010-01-15,17:00,17:15,34522
2010-01-15,17:15,17:30,34762
2010-01-15,17:30,17:45,34818
2010-01-15,17:45,18:00,34854
2010-01-15,18:00,18:15,34920
2010-01-15,18:15,18:30,34846
2010-01-15,18:30,18:45,34784
2010-01-15,18:45,19:00,34634
2010-01-15,19:00,19:15,34283
2010-01-15,19:15,19:30,34082
2010-01-15,19:30,19:45,33958
2010-01-15,19:45,20:00,33908
2010-01-15,20:00,20:15,34221
2010-01-15,20:15,20:30,34042
2010-01-15,20:30,20:45,33956
2010-01-15,20:45,21:00,33880
2010-01-15,21:00,21:15,31640
2010-01-15,21:15,21:30,31604
2010-01-15,21:30,21:45,31505
2010-01-15,21:45,22:00,31474
2010-01-15,22:00,22:15,31520
2010-01-15,22:15,22:30,31513
2010-01-15,22:30,22:45,31441
2010-01-15,22:45,23:00,31260
2010-01-15,23:00,23:15,29687
2010-01-15,23:15,23:30,29381
2010-01-15,23:30,23:45,29086
2010-01-15,23:45,00:00,28658
2010-01-16,00:00,00:15,25823
2010-01-16,00:15,00:30,25645
2010-01-16,00:30,00:45,25509
2010-01-16,00:45,01:00,25388
2010-01-16,01:00,01:15,25147
2010-01-16,01:15,01:30,25085
2010-01-16,01:30,01:45,25026
2010-01-16,01:45,02:00,24986
2010-01-16,02:00,02:15,24459
2010-01-16,02:15,02:30,24420
2010-01-16,02:30,02:45,24389
2010-01-16,02:45,03:00,24368
2010-01-16,03:00,03:15,24704
2010-01-16,03:15,03:30,24667
2010-01-16,03:30,03:45,24646
2010-01-16,03:45,04:00,24590
2010-01-16,04:00,04:15,23789
2010-01-16,04:15,04:30,23748
2010-01-16,04:30,04:45,23685
2010-01-16,04:45,05:00,23623
2010-01-16,05:00,05:15,23773
2010-01-16,05:15,05:30,23645
2010-01-16,05:30,05:45,23475
2010-01-16,05:45,06:00,23248
2010-01-16,06:00,06:15,23594
2010-01-16,06:15,06:30,23546
2010-01-16,06:30,06:45,23566
2010-01-16,06:45,07:00,23583
2010-01-16,07:00,07:15,24871
2010-01-16,07:15,07:30,24916
2010-01-16,07:30,07:45,25008
2010-01-16,07:45,08:00,25111
2010-01-16,08:00,08:15,25380
2010-01-16,08:15,08:30,25475
2010-01-16,08:30,08:45,25557
2010-01-16,08:45,09:00,25738
2010-01-16,09:00,09:15,26941
2010-01-16,09:15,09:30,27184
2010-01-16,09:30,09:45,27428
2010-01-16,09:45,10:00,27679
2010-01-16,10:00,10:15,28668
2010-01-16,10:15,10:30,28816
2010-01-16,10:30,10:45,28919
2010-01-16,10:45,11:00,29017
2010-01-16,11:00,11:15,28863
2010-01-16,11:15,11:30,29002
2010-01-16,11:30,11:45,29057
2010-01-16,11:45,12:00,29064
2010-01-16,12:00,12:15,29343
2010-01-16,12:15,12:30,29326
2010-01-16,12:30,12:45,29280
2010-01-16,12:45,13:00,29207
2010-01-16,13:00,13:15,28810
2010-01-16,13:15,13:30,28727
2010-01-16,13:30,13:45,28631
2010-01-16,13:45,14:00,28547
2010-01-16,14:00,14:15,27751
2010-01-16,14:15,14:30,27711
2010-01-16,14:30,14:45,27675
2010-01-16,14:45,15:00,27626
2010-01-16,15:00,15:15,26027
2010-01-16,15:15,15:30,25999
2010-01-16,15:30,15:45,25955
2010-01-16,15:45,16:00,25942
2010-01-16,16:00,16:15,27026
2010-01-16,16:15,16:30,27054
2010-01-16,16:30,16:45,27160
2010-01-16,16:45,17:00,27342
2010-01-16,17:00,17:15,28048
2010-01-16,17:15,17:30,28241
2010-01-16,17:30,17:45,28332
2010-01-16,17:45,18:00,28287
2010-01-16,18:00,18:15,28384
2010-01-16,18:15,18:30,28331
2010-01-16,18:30,18:45,28288
2010-01-16,18:45,19:00,28184
2010-01-16,19:00,19:15,28417
2010-01-16,19:15,19:30,28251
2010-01-16,19:30,19:45,28138
2010-01-16,19:45,20:00,28109
2010-01-16,20:00,20:15,27051
2010-01-16,20:15,20:30,26809
2010-01-16,20:30,20:45,26764
2010-01-16,20:45,21:00,26746
2010-01-16,21:00,21:15,25602
2010-01-16,21:15,21:30,25486
2010-01-16,21:30,21:45,25351
2010-01-16,21:45,22:00,25155
2010-01-16,22:00,22:15,25582
2010-01-16,22:15,22:30,25610
2010-01-16,22:30,22:45,25611
2010-01-16,22:45,23:00,25451
2010-01-16,23:00,23:15,24137
2010-01-16,23:15,23:30,24000
2010-01-16,23:30,23:45,23789
2010-01-16,23:45,00:00,23685
2010-01-17,00:00,00:15,23198
2010-01-17,00:15,00:30,23061
2010-01-17,00:30,00:45,22957
2010-01-17,00:45,01:00,22884
2010-01-17,01:00,01:15,22984
2010-01-17,01:15,01:30,22884
2010-01-17,01:30,01:45,22811
2010-01-17,01:45,02:00,22766
2010-01-17,02:00,02:15,22558
2010-01-17,02:15,02:30,22515
2010-01-17,02:30,02:45,22479
2010-01-17,02:45,03:00,22452
2010-01-17,03:00,03:15,22227
2010-01-17,03:15,03:30,22209
2010-01-17,03:30,03:45,22202
2010-01-17,03:45,04:00,22166
2010-01-17,04:00,04:15,22229
2010-01-17,04:15,04:30,22227
2010-01-17,04:30,04:45,22191
2010-01-17,04:45,05:00,22157
2010-01-17,05:00,05:15,22377
2010-01-17,05:15,05:30,22267
2010-01-17,05:30,05:45,22092
2010-01-17,05:45,06:00,21851
2010-01-17,06:00,06:15,22169
2010-01-17,06:15,06:30,22059
2010-01-17,06:30,06:45,22045
2010-01-17,06:45,07:00,22032
2010-01-17,07:00,07:15,22496
2010-01-17,07:15,07:30,22534
2010-01-17,07:30,07:45,22605
2010-01-17,07:45,08:00,22674
2010-01-17,08:00,08:15,22933
2010-01-17,08:15,08:30,23049
2010-01-17,08:30,08:45,23143
2010-01-17,08:45,09:00,23231
2010-01-17,09:00,09:15,23836
2010-01-17,09:15,09:30,23997
2010-01-17,09:30,09:45,24078
2010-01-17,09:45,10:00,24208
2010-01-17,10:00,10:15,24301
2010-01-17,10:15,10:30,24542
2010-01-17,10:30,10:45,24785
2010-01-17,10:45,11:00,25054
2010-01-17,11:00,11:15,25083
2010-01-17,11:15,11:30,25305
2010-01-17,11:30,11:45,25414
2010-01-17,11:45,12:00,25436
2010-01-17,12:00,12:15,25359
2010-01-17,12:15,12:30,25355
2010-01-17,12:30,12:45,25327
2010-01-17,12:45,13:00,25225
2010-01-17,13:00,13:15,25111
2010-01-17,13:15,13:30,25059
2010-01-17,13:30,13:45,24990
2010-01-17,13:45,14:00,24908
2010-01-17,14:00,14:15,25065
2010-01-17,14:15,14:30,25045
2010-01-17,14:30,14:45,24982
2010-01-17,14:45,15:00,24917
2010-01-17,15:00,15:15,24644
2010-01-17,15:15,15:30,24611
2010-01-17,15:30,15:45,24576
2010-01-17,15:45,16:00,24573
2010-01-17,16:00,16:15,25080
2010-01-17,16:15,16:30,25112
2010-01-17,16:30,16:45,25207
2010-01-17,16:45,17:00,25449
2010-01-17,17:00,17:15,26492
2010-01-17,17:15,17:30,26745
2010-01-17,17:30,17:45,26898
2010-01-17,17:45,18:00,26960
2010-01-17,18:00,18:15,27528
2010-01-17,18:15,18:30,27522
2010-01-17,18:30,18:45,27500
2010-01-17,18:45,19:00,27400
2010-01-17,19:00,19:15,27724
2010-01-17,19:15,19:30,27616
2010-01-17,19:30,19:45,27492
2010-01-17,19:45,20:00,27449
2010-01-17,20:00,20:15,27528
2010-01-17,20:15,20:30,27394
2010-01-17,20:30,20:45,27305
2010-01-17,20:45,21:00,27283
2010-01-17,21:00,21:15,27250
2010-01-17,21:15,21:30,27226
2010-01-17,21:30,21:45,27154
2010-01-17,21:45,22:00,27203
2010-01-17,22:00,22:15,26890
2010-01-17,22:15,22:30,26835
2010-01-17,22:30,22:45,26681
2010-01-17,22:45,23:00,26501
2010-01-17,23:00,23:15,25295
2010-01-17,23:15,23:30,25144
2010-01-17,23:30,23:45,24938
2010-01-17,23:45,00:00,24810
2010-01-18,00:00,00:15,24417
2010-01-18,00:15,00:30,24306
2010-01-18,00:30,00:45,24199
2010-01-18,00:45,01:00,24100
2010-01-18,01:00,01:15,23399
2010-01-18,01:15,01:30,23350
2010-01-18,01:30,01:45,23317
2010-01-18,01:45,02:00,23303
2010-01-18,02:00,02:15,22681
2010-01-18,02:15,02:30,22665
2010-01-18,02:30,02:45,22657
2010-01-18,02:45,03:00,22670
2010-01-18,03:00,03:15,22560
2010-01-18,03:15,03:30,22558
2010-01-18,03:30,03:45,22585
2010-01-18,03:45,04:00,22600
2010-01-18,04:00,04:15,22927
2010-01-18,04:15,04:30,22973
2010-01-18,04:30,04:45,23029
2010-01-18,04:45,05:00,23099
2010-01-18,05:00,05:15,24016
2010-01-18,05:15,05:30,24028
2010-01-18,05:30,05:45,24063
2010-01-18,05:45,06:00,24185
2010-01-18,06:00,06:15,25787
2010-01-18,06:15,06:30,26112
2010-01-18,06:30,06:45,26304
2010-01-18,06:45,07:00,26484
2010-01-18,07:00,07:15,30117
2010-01-18,07:15,07:30,30209
2010-01-18,07:30,07:45,30226
2010-01-18,07:45,08:00,30302
2010-01-18,08:00,08:15,33640
2010-01-18,08:15,08:30,33686
2010-01-18,08:30,08:45,33720
2010-01-18,08:45,09:00,33812
2010-01-18,09:00,09:15,34444
2010-01-18,09:15,09:30,34689
2010-01-18,09:30,09:45,34946
2010-01-18,09:45,10:00,35194
2010-01-18,10:00,10:15,35458
2010-01-18,10:15,10:30,35569
2010-01-18,10:30,10:45,35697
2010-01-18,10:45,11:00,35817
2010-01-18,11:00,11:15,35797
2010-01-18,11:15,11:30,35941
2010-01-18,11:30,11:45,36032
2010-01-18,11:45,12:00,36058
2010-01-18,12:00,12:15,36040
2010-01-18,12:15,12:30,36030
2010-01-18,12:30,12:45,36055
2010-01-18,12:45,13:00,36056
2010-01-18,13:00,13:15,35984
2010-01-18,13:15,13:30,35982
2010-01-18,13:30,13:45,35923
2010-01-18,13:45,14:00,35820
2010-01-18,14:00,14:15,35669
2010-01-18,14:15,14:30,35633
2010-01-18,14:30,14:45,35559
2010-01-18,14:45,15:00,35458
2010-01-18,15:00,15:15,35438
2010-01-18,15:15,15:30,35351
2010-01-18,15:30,15:45,35261
2010-01-18,15:45,16:00,35166
2010-01-18,16:00,16:15,35080
2010-01-18,16:15,16:30,35060
2010-01-18,16:30,16:45,35065
2010-01-18,16:45,17:00,35214
2010-01-18,17:00,17:15,35125
2010-01-18,17:15,17:30,35253
2010-01-18,17:30,17:45,35340
2010-01-18,17:45,18:00,35393
2010-01-18,18:00,18:15,35404
2010-01-18,18:15,18:30,35354
2010-01-18,18:30,18:45,35287
2010-01-18,18:45,19:00,35199
2010-01-18,19:00,19:15,35518
2010-01-18,19:15,19:30,35381
2010-01-18,19:30,19:45,35243
2010-01-18,19:45,20:00,35246
2010-01-18,20:00,20:15,35319
2010-01-18,20:15,20:30,35089
2010-01-18,20:30,20:45,34984
2010-01-18,20:45,21:00,34935
2010-01-18,21:00,21:15,31751
2010-01-18,21:15,21:30,31700
2010-01-18,21:30,21:45,31551
2010-01-18,21:45,22:00,31514
2010-01-18,22:00,22:15,28608
2010-01-18,22:15,22:30,28547
2010-01-18,22:30,22:45,28408
2010-01-18,22:45,23:00,28112
2010-01-18,23:00,23:15,27969
2010-01-18,23:15,23:30,27653
2010-01-18,23:30,23:45,27248
2010-01-18,23:45,00:00,27083
2010-01-19,00:00,00:15,26295
2010-01-19,00:15,00:30,26113
2010-01-19,00:30,00:45,25961
2010-01-19,00:45,01:00,25863
2010-01-19,01:00,01:15,24582
2010-01-19,01:15,01:30,24537
2010-01-19,01:30,01:45,24497
2010-01-19,01:45,02:00,24486
2010-01-19,02:00,02:15,24450
2010-01-19,02:15,02:30,24479
2010-01-19,02:30,02:45,24513
2010-01-19,02:45,03:00,24506
2010-01-19,03:00,03:15,24434
2010-01-19,03:15,03:30,24469
2010-01-19,03:30,03:45,24514
2010-01-19,03:45,04:00,24517
2010-01-19,04:00,04:15,23970
2010-01-19,04:15,04:30,24023
2010-01-19,04:30,04:45,24065
2010-01-19,04:45,05:00,24126
2010-01-19,05:00,05:15,25583
2010-01-19,05:15,05:30,25633
2010-01-19,05:30,05:45,25706
2010-01-19,05:45,06:00,25821
2010-01-19,06:00,06:15,28450
2010-01-19,06:15,06:30,28873
2010-01-19,06:30,06:45,29264
2010-01-19,06:45,07:00,29696
2010-01-19,07:00,07:15,34286
2010-01-19,07:15,07:30,34417
2010-01-19,07:30,07:45,34472
2010-01-19,07:45,08:00,34516
2010-01-19,08:00,08:15,35316
2010-01-19,08:15,08:30,35322
2010-01-19,08:30,08:45,35309
2010-01-19,08:45,09:00,35344
2010-01-19,09:00,09:15,35496
2010-01-19,09:15,09:30,35565
2010-01-19,09:30,09:45,35658
2010-01-19,09:45,10:00,35734
2010-01-19,10:00,10:15,35719
2010-01-19,10:15,10:30,35789
2010-01-19,10:30,10:45,35853
2010-01-19,10:45,11:00,35915
2010-01-19,11:00,11:15,35936
2010-01-19,11:15,11:30,36076
2010-01-19,11:30,11:45,36136
2010-01-19,11:45,12:00,36150
2010-01-19,12:00,12:15,36055
2010-01-19,12:15,12:30,36060
2010-01-19,12:30,12:45,36071
2010-01-19,12:45,13:00,36061
2010-01-19,13:00,13:15,35988
2010-01-19,13:15,13:30,35949
2010-01-19,13:30,13:45,35923
2010-01-19,13:45,14:00,35781
2010-01-19,14:00,14:15,35550
2010-01-19,14:15,14:30,35517
2010-01-19,14:30,14:45,35442
2010-01-19,14:45,15:00,35345
2010-01-19,15:00,15:15,35049
2010-01-19,15:15,15:30,34957
2010-01-19,15:30,15:45,34866
2010-01-19,15:45,16:00,34792
2010-01-19,16:00,16:15,34745
2010-01-19,16:15,16:30,34745
2010-01-19,16:30,16:45,34771
2010-01-19,16:45,17:00,34959
2010-01-19,17:00,17:15,35186
2010-01-19,17:15,17:30,35375
2010-01-19,17:30,17:45,35441
2010-01-19,17:45,18:00,35474
2010-01-19,18:00,18:15,35498
2010-01-19,18:15,18:30,35448
2010-01-19,18:30,18:45,35382
2010-01-19,18:45,19:00,35319
2010-01-19,19:00,19:15,35410
2010-01-19,19:15,19:30,35271
2010-01-19,19:30,19:45,35143
2010-01-19,19:45,20:00,35045
2010-01-19,20:00,20:15,34998
2010-01-19,20:15,20:30,34835
2010-01-19,20:30,20:45,34709
2010-01-19,20:45,21:00,34618
2010-01-19,21:00,21:15,33684
2010-01-19,21:15,21:30,33585
2010-01-19,21:30,21:45,33523
2010-01-19,21:45,22:00,33458
2010-01-19,22:00,22:15,29699
2010-01-19,22:15,22:30,29634
2010-01-19,22:30,22:45,29444
2010-01-19,22:45,23:00,29173
2010-01-19,23:00,23:15,28603
2010-01-19,23:15,23:30,28389
2010-01-19,23:30,23:45,28051
2010-01-19,23:45,00:00,27817
2010-01-20,00:00,00:15,26449
2010-01-20,00:15,00:30,26206
2010-01-20,00:30,00:45,26071
2010-01-20,00:45,01:00,25994
2010-01-20,01:00,01:15,25328
2010-01-20,01:15,01:30,25290
2010-01-20,01:30,01:45,25246
2010-01-20,01:45,02:00,25253
2010-01-20,02:00,02:15,25162
2010-01-20,02:15,02:30,25179
2010-01-20,02:30,02:45,25217
2010-01-20,02:45,03:00,25239
2010-01-20,03:00,03:15,24138
2010-01-20,03:15,03:30,24155
2010-01-20,03:30,03:45,24202
2010-01-20,03:45,04:00,24267
2010-01-20,04:00,04:15,24277
2010-01-20,04:15,04:30,24304
2010-01-20,04:30,04:45,24350
2010-01-20,04:45,05:00,24411
2010-01-20,05:00,05:15,26095
2010-01-20,05:15,05:30,26146
2010-01-20,05:30,05:45,26206
2010-01-20,05:45,06:00,26329
2010-01-20,06:00,06:15,28077
2010-01-20,06:15,06:30,28522
2010-01-20,06:30,06:45,28909
2010-01-20,06:45,07:00,29314
2010-01-20,07:00,07:15,33372
2010-01-20,07:15,07:30,33560
2010-01-20,07:30,07:45,33618
2010-01-20,07:45,08:00,33666
2010-01-20,08:00,08:15,35423
2010-01-20,08:15,08:30,35448
2010-01-20,08:30,08:45,35452
2010-01-20,08:45,09:00,35467
2010-01-20,09:00,09:15,35792
2010-01-20,09:15,09:30,35877
2010-01-20,09:30,09:45,35959
2010-01-20,09:45,10:00,36052
2010-01-20,10:00,10:15,36051
2010-01-20,10:15,10:30,36112
2010-01-20,10:30,10:45,36169
2010-01-20,10:45,11:00,36270
2010-01-20,11:00,11:15,36419
2010-01-20,11:15,11:30,36532
2010-01-20,11:30,11:45,36588
2010-01-20,11:45,12:00,36596
2010-01-20,12:00,12:15,36412
2010-01-20,12:15,12:30,36403
2010-01-20,12:30,12:45,36430
2010-01-20,12:45,13:00,36441
2010-01-20,13:00,13:15,36380
2010-01-20,13:15,13:30,36347
2010-01-20,13:30,13:45,36311
2010-01-20,13:45,14:00,36169
2010-01-20,14:00,14:15,35789
2010-01-20,14:15,14:30,35746
2010-01-20,14:30,14:45,35661
2010-01-20,14:45,15:00,35557
2010-01-20,15:00,15:15,34877
2010-01-20,15:15,15:30,34818
2010-01-20,15:30,15:45,34730
2010-01-20,15:45,16:00,34656
2010-01-20,16:00,16:15,35291
2010-01-20,16:15,16:30,35263
2010-01-20,16:30,16:45,35294
2010-01-20,16:45,17:00,35444
2010-01-20,17:00,17:15,35825
2010-01-20,17:15,17:30,36013
2010-01-20,17:30,17:45,36148
2010-01-20,17:45,18:00,36186
2010-01-20,18:00,18:15,36152
2010-01-20,18:15,18:30,36104
2010-01-20,18:30,18:45,36059
2010-01-20,18:45,19:00,35969
2010-01-20,19:00,19:15,35939
2010-01-20,19:15,19:30,35755
2010-01-20,19:30,19:45,35637
2010-01-20,19:45,20:00,35540
2010-01-20,20:00,20:15,35514
2010-01-20,20:15,20:30,35342
2010-01-20,20:30,20:45,35240
2010-01-20,20:45,21:00,35191
2010-01-20,21:00,21:15,32621
2010-01-20,21:15,21:30,32556
2010-01-20,21:30,21:45,32477
2010-01-20,21:45,22:00,32468
2010-01-20,22:00,22:15,30195
2010-01-20,22:15,22:30,30076
2010-01-20,22:30,22:45,29900
2010-01-20,22:45,23:00,29632
2010-01-20,23:00,23:15,27712
2010-01-20,23:15,23:30,27502
2010-01-20,23:30,23:45,27274
2010-01-20,23:45,00:00,27046
2010-01-21,00:00,00:15,27154
2010-01-21,00:15,00:30,26912
2010-01-21,00:30,00:45,26777
2010-01-21,00:45,01:00,26700
2010-01-21,01:00,01:15,25746
2010-01-21,01:15,01:30,25708
2010-01-21,01:30,01:45,25665
2010-01-21,01:45,02:00,25671
2010-01-21,02:00,02:15,25554
2010-01-21,02:15,02:30,25572
2010-01-21,02:30,02:45,25610
2010-01-21,02:45,03:00,25631
2010-01-21,03:00,03:15,24477
2010-01-21,03:15,03:30,24495
2010-01-21,03:30,03:45,24542
2010-01-21,03:45,04:00,24607
2010-01-21,04:00,04:15,24564
2010-01-21,04:15,04:30,24591
2010-01-21,04:30,04:45,24637
2010-01-21,04:45,05:00,24698
2010-01-21,05:00,05:15,26200
2010-01-21,05:15,05:30,26251
2010-01-21,05:30,05:45,26312
2010-01-21,05:45,06:00,26435
2010-01-21,06:00,06:15,28069
2010-01-21,06:15,06:30,28514
2010-01-21,06:30,06:45,28901
2010-01-21,06:45,07:00,29306
2010-01-21,07:00,07:15,33565
2010-01-21,07:15,07:30,33753
2010-01-21,07:30,07:45,33811
2010-01-21,07:45,08:00,33859
2010-01-21,08:00,08:15,35539
2010-01-21,08:15,08:30,35564
2010-01-21,08:30,08:45,35568
2010-01-21,08:45,09:00,35583
2010-01-21,09:00,09:15,35771
2010-01-21,09:15,09:30,35856
2010-01-21,09:30,09:45,35938
2010-01-21,09:45,10:00,36031
2010-01-21,10:00,10:15,36022
2010-01-21,10:15,10:30,36083
2010-01-21,10:30,10:45,36140
2010-01-21,10:45,11:00,36240
2010-01-21,11:00,11:15,36232
2010-01-21,11:15,11:30,36344
2010-01-21,11:30,11:45,36400
2010-01-21,11:45,12:00,36408
2010-01-21,12:00,12:15,36159
2010-01-21,12:15,12:30,36151
2010-01-21,12:30,12:45,36177
2010-01-21,12:45,13:00,36188
2010-01-21,13:00,13:15,36048
2010-01-21,13:15,13:30,36015
2010-01-21,13:30,13:45,35979
2010-01-21,13:45,14:00,35837
2010-01-21,14:00,14:15,35406
2010-01-21,14:15,14:30,35364
2010-01-21,14:30,14:45,35279
2010-01-21,14:45,15:00,35174
2010-01-21,15:00,15:15,34434
2010-01-21,15:15,15:30,34374
2010-01-21,15:30,15:45,34287
2010-01-21,15:45,16:00,34213
2010-01-21,16:00,16:15,34783
2010-01-21,16:15,16:30,34755
2010-01-21,16:30,16:45,34786
2010-01-21,16:45,17:00,34936
2010-01-21,17:00,17:15,35332
2010-01-21,17:15,17:30,35520
2010-01-21,17:30,17:45,35655
2010-01-21,17:45,18:00,35693
2010-01-21,18:00,18:15,35679
2010-01-21,18:15,18:30,35631
2010-01-21,18:30,18:45,35586
2010-01-21,18:45,19:00,35496
2010-01-21,19:00,19:15,35466
2010-01-21,19:15,19:30,35282
2010-01-21,19:30,19:45,35164
2010-01-21,19:45,20:00,35067
2010-01-21,20:00,20:15,35062
2010-01-21,20:15,20:30,34890
2010-01-21,20:30,20:45,34788
2010-01-21,20:45,21:00,34739
2010-01-21,21:00,21:15,32172
2010-01-21,21:15,21:30,32107
2010-01-21,21:30,21:45,32027
2010-01-21,21:45,22:00,32019
2010-01-21,22:00,22:15,29750
2010-01-21,22:15,22:30,29631
2010-01-21,22:30,22:45,29456
2010-01-21,22:45,23:00,29187
2010-01-21,23:00,23:15,27286
2010-01-21,23:15,23:30,27075
2010-01-21,23:30,23:45,26847
2010-01-21,23:45,00:00,26620
2010-01-22,00:00,00:15,27414
2010-01-22,00:15,00:30,27259
2010-01-22,00:30,00:45,27137
2010-01-22,00:45,01:00,27043
2010-01-22,01:00,01:15,26633
2010-01-22,01:15,01:30,26528
2010-01-22,01:30,01:45,26495
2010-01-22,01:45,02:00,26509
2010-01-22,02:00,02:15,26042
2010-01-22,02:15,02:30,26034
2010-01-22,02:30,02:45,26062
2010-01-22,02:45,03:00,26048
2010-01-22,03:00,03:15,25117
2010-01-22,03:15,03:30,25096
2010-01-22,03:30,03:45,25144
2010-01-22,03:45,04:00,25174
2010-01-22,04:00,04:15,25034
2010-01-22,04:15,04:30,25042
2010-01-22,04:30,04:45,25076
2010-01-22,04:45,05:00,25095
2010-01-22,05:00,05:15,26738
2010-01-22,05:15,05:30,26860
2010-01-22,05:30,05:45,26891
2010-01-22,05:45,06:00,26923
2010-01-22,06:00,06:15,29700
2010-01-22,06:15,06:30,29903
2010-01-22,06:30,06:45,30047
2010-01-22,06:45,07:00,30159
2010-01-22,07:00,07:15,33744
2010-01-22,07:15,07:30,33921
2010-01-22,07:30,07:45,34003
2010-01-22,07:45,08:00,34094
2010-01-22,08:00,08:15,35403
2010-01-22,08:15,08:30,35450
2010-01-22,08:30,08:45,35435
2010-01-22,08:45,09:00,35437
2010-01-22,09:00,09:15,35575
2010-01-22,09:15,09:30,35647
2010-01-22,09:30,09:45,35707
2010-01-22,09:45,10:00,35772
2010-01-22,10:00,10:15,35933
2010-01-22,10:15,10:30,35982
2010-01-22,10:30,10:45,36050
2010-01-22,10:45,11:00,36142
2010-01-22,11:00,11:15,36095
2010-01-22,11:15,11:30,36188
2010-01-22,11:30,11:45,36229
2010-01-22,11:45,12:00,36255
2010-01-22,12:00,12:15,36151
2010-01-22,12:15,12:30,36140
2010-01-22,12:30,12:45,36132
2010-01-22,12:45,13:00,36065
2010-01-22,13:00,13:15,35982
2010-01-22,13:15,13:30,35877
2010-01-22,13:30,13:45,35792
2010-01-22,13:45,14:00,35687
2010-01-22,14:00,14:15,35556
2010-01-22,14:15,14:30,35495
2010-01-22,14:30,14:45,35431
2010-01-22,14:45,15:00,35341
2010-01-22,15:00,15:15,34907
2010-01-22,15:15,15:30,34837
2010-01-22,15:30,15:45,34767
2010-01-22,15:45,16:00,34716
2010-01-22,16:00,16:15,34677
2010-01-22,16:15,16:30,34662
2010-01-22,16:30,16:45,34731
2010-01-22,16:45,17:00,34880
2010-01-22,17:00,17:15,35232
2010-01-22,17:15,17:30,35457
2010-01-22,17:30,17:45,35587
2010-01-22,17:45,18:00,35589
2010-01-22,18:00,18:15,35685
2010-01-22,18:15,18:30,35639
2010-01-22,18:30,18:45,35539
2010-01-22,18:45,19:00,35400
2010-01-22,19:00,19:15,35287
2010-01-22,19:15,19:30,35080
2010-01-22,19:30,19:45,34887
2010-01-22,19:45,20:00,34777
2010-01-22,20:00,20:15,32580
2010-01-22,20:15,20:30,32424
2010-01-22,20:30,20:45,32241
2010-01-22,20:45,21:00,32150
2010-01-22,21:00,21:15,30920
2010-01-22,21:15,21:30,30895
2010-01-22,21:30,21:45,30847
2010-01-22,21:45,22:00,30858
2010-01-22,22:00,22:15,31361
2010-01-22,22:15,22:30,31284
2010-01-22,22:30,22:45,31196
2010-01-22,22:45,23:00,30972
2010-01-22,23:00,23:15,30260
2010-01-22,23:15,23:30,29914
2010-01-22,23:30,23:45,29547
2010-01-22,23:45,00:00,29147
2010-01-23,00:00,00:15,27216
2010-01-23,00:15,00:30,27061
2010-01-23,00:30,00:45,26939
2010-01-23,00:45,01:00,26845
2010-01-23,01:00,01:15,26430
2010-01-23,01:15,01:30,26325
2010-01-23,01:30,01:45,26292
2010-01-23,01:45,02:00,26306
2010-01-23,02:00,02:15,25865
2010-01-23,02:15,02:30,25857
2010-01-23,02:30,02:45,25885
2010-01-23,02:45,03:00,25871
2010-01-23,03:00,03:15,24969
2010-01-23,03:15,03:30,24948
2010-01-23,03:30,03:45,24996
2010-01-23,03:45,04:00,25027
2010-01-23,04:00,04:15,24904
2010-01-23,04:15,04:30,24912
2010-01-23,04:30,04:45,24946
2010-01-23,04:45,05:00,24965
2010-01-23,05:00,05:15,26477
2010-01-23,05:15,05:30,26600
2010-01-23,05:30,05:45,26630
2010-01-23,05:45,06:00,26662
2010-01-23,06:00,06:15,29249
2010-01-23,06:15,06:30,29452
2010-01-23,06:30,06:45,29597
2010-01-23,06:45,07:00,29709
2010-01-23,07:00,07:15,33176
2010-01-23,07:15,07:30,33352
2010-01-23,07:30,07:45,33435
2010-01-23,07:45,08:00,33525
2010-01-23,08:00,08:15,34741
2010-01-23,08:15,08:30,34788
2010-01-23,08:30,08:45,34774
2010-01-23,08:45,09:00,34776
2010-01-23,09:00,09:15,34932
2010-01-23,09:15,09:30,35004
2010-01-23,09:30,09:45,35065
2010-01-23,09:45,10:00,35130
2010-01-23,10:00,10:15,35254
2010-01-23,10:15,10:30,35302
2010-01-23,10:30,10:45,35371
2010-01-23,10:45,11:00,35463
2010-01-23,11:00,11:15,35371
2010-01-23,11:15,11:30,35464
2010-01-23,11:30,11:45,35505
2010-01-23,11:45,12:00,35531
2010-01-23,12:00,12:15,35407
2010-01-23,12:15,12:30,35396
2010-01-23,12:30,12:45,35388
2010-01-23,12:45,13:00,35321
2010-01-23,13:00,13:15,35214
2010-01-23,13:15,13:30,35109
2010-01-23,13:30,13:45,35024
2010-01-23,13:45,14:00,34919
2010-01-23,14:00,14:15,34771
2010-01-23,14:15,14:30,34710
2010-01-23,14:30,14:45,34646
2010-01-23,14:45,15:00,34556
2010-01-23,15:00,15:15,34124
2010-01-23,15:15,15:30,34055
2010-01-23,15:30,15:45,33984
2010-01-23,15:45,16:00,33934
2010-01-23,16:00,16:15,33882
2010-01-23,16:15,16:30,33867
2010-01-23,16:30,16:45,33936
2010-01-23,16:45,17:00,34084
2010-01-23,17:00,17:15,34458
2010-01-23,17:15,17:30,34684
2010-01-23,17:30,17:45,34814
2010-01-23,17:45,18:00,34816
2010-01-23,18:00,18:15,34900
2010-01-23,18:15,18:30,34854
2010-01-23,18:30,18:45,34754
2010-01-23,18:45,19:00,34615
2010-01-23,19:00,19:15,34629
2010-01-23,19:15,19:30,34422
2010-01-23,19:30,19:45,34229
2010-01-23,19:45,20:00,34119
2010-01-23,20:00,20:15,31806
2010-01-23,20:15,20:30,31650
2010-01-23,20:30,20:45,31467
2010-01-23,20:45,21:00,31377
2010-01-23,21:00,21:15,30157
2010-01-23,21:15,21:30,30131
2010-01-23,21:30,21:45,30083
2010-01-23,21:45,22:00,30094
2010-01-23,22:00,22:15,30594
2010-01-23,22:15,22:30,30517
2010-01-23,22:30,22:45,30429
2010-01-23,22:45,23:00,30205
2010-01-23,23:00,23:15,29726
2010-01-23,23:15,23:30,29381
2010-01-23,23:30,23:45,29014
2010-01-23,23:45,00:00,28614
2010-01-24,00:00,00:15,27277
2010-01-24,00:15,00:30,27122
2010-01-24,00:30,00:45,27000
2010-01-24,00:45,01:00,26906
2010-01-24,01:00,01:15,26500
2010-01-24,01:15,01:30,26394
2010-01-24,01:30,01:45,26361
2010-01-24,01:45,02:00,26376
2010-01-24,02:00,02:15,25913
2010-01-24,02:15,02:30,25905
2010-01-24,02:30,02:45,25933
2010-01-24,02:45,03:00,25919
2010-01-24,03:00,03:15,25005
2010-01-24,03:15,03:30,24984
2010-01-24,03:30,03:45,25032
2010-01-24,03:45,04:00,25062
2010-01-24,04:00,04:15,24911
2010-01-24,04:15,04:30,24919
2010-01-24,04:30,04:45,24953
2010-01-24,04:45,05:00,24972
2010-01-24,05:00,05:15,26463
2010-01-24,05:15,05:30,26586
2010-01-24,05:30,05:45,26616
2010-01-24,05:45,06:00,26648
2010-01-24,06:00,06:15,29221
2010-01-24,06:15,06:30,29424
2010-01-24,06:30,06:45,29569
2010-01-24,06:45,07:00,29681
2010-01-24,07:00,07:15,33108
2010-01-24,07:15,07:30,33285
2010-01-24,07:30,07:45,33367
2010-01-24,07:45,08:00,33458
2010-01-24,08:00,08:15,34659
2010-01-24,08:15,08:30,34706
2010-01-24,08:30,08:45,34691
2010-01-24,08:45,09:00,34693
2010-01-24,09:00,09:15,34811
2010-01-24,09:15,09:30,34884
2010-01-24,09:30,09:45,34944
2010-01-24,09:45,10:00,35009
2010-01-24,10:00,10:15,35095
2010-01-24,10:15,10:30,35144
2010-01-24,10:30,10:45,35213
2010-01-24,10:45,11:00,35305
2010-01-24,11:00,11:15,35229
2010-01-24,11:15,11:30,35322
2010-01-24,11:30,11:45,35363
2010-01-24,11:45,12:00,35389
2010-01-24,12:00,12:15,35269
2010-01-24,12:15,12:30,35258
2010-01-24,12:30,12:45,35250
2010-01-24,12:45,13:00,35183
2010-01-24,13:00,13:15,35098
2010-01-24,13:15,13:30,34993
2010-01-24,13:30,13:45,34908
2010-01-24,13:45,14:00,34803
2010-01-24,14:00,14:15,34687
2010-01-24,14:15,14:30,34625
2010-01-24,14:30,14:45,34561
2010-01-24,14:45,15:00,34472
2010-01-24,15:00,15:15,34038
2010-01-24,15:15,15:30,33969
2010-01-24,15:30,15:45,33898
2010-01-24,15:45,16:00,33847
2010-01-24,16:00,16:15,33799
2010-01-24,16:15,16:30,33784
2010-01-24,16:30,16:45,33853
2010-01-24,16:45,17:00,34002
2010-01-24,17:00,17:15,34320
2010-01-24,17:15,17:30,34546
2010-01-24,17:30,17:45,34676
2010-01-24,17:45,18:00,34678
2010-01-24,18:00,18:15,34732
2010-01-24,18:15,18:30,34686
2010-01-24,18:30,18:45,34586
2010-01-24,18:45,19:00,34448
2010-01-24,19:00,19:15,34438
2010-01-24,19:15,19:30,34231
2010-01-24,19:30,19:45,34037
2010-01-24,19:45,20:00,33928
2010-01-24,20:00,20:15,31586
2010-01-24,20:15,20:30,31430
2010-01-24,20:30,20:45,31247
2010-01-24,20:45,21:00,31156
2010-01-24,21:00,21:15,29952
2010-01-24,21:15,21:30,29927
2010-01-24,21:30,21:45,29878
2010-01-24,21:45,22:00,29890
2010-01-24,22:00,22:15,30395
2010-01-24,22:15,22:30,30318
2010-01-24,22:30,22:45,30230
2010-01-24,22:45,23:00,30006
2010-01-24,23:00,23:15,29528
2010-01-24,23:15,23:30,29182
2010-01-24,23:30,23:45,28815
2010-01-24,23:45,00:00,28415
2010-01-25,00:00,00:15,27018
2010-01-25,00:15,00:30,26863
2010-01-25,00:30,00:45,26741
2010-01-25,00:45,01:00,26647
2010-01-25,01:00,01:15,26269
2010-01-25,01:15,01:30,26164
2010-01-25,01:30,01:45,26131
2010-01-25,01:45,02:00,26146
2010-01-25,02:00,02:15,25721
2010-01-25,02:15,02:30,25713
2010-01-25,02:30,02:45,25741
2010-01-25,02:45,03:00,25726
2010-01-25,03:00,03:15,24817
2010-01-25,03:15,03:30,24796
2010-01-25,03:30,03:45,24844
2010-01-25,03:45,04:00,24875
2010-01-25,04:00,04:15,24753
2010-01-25,04:15,04:30,24761
2010-01-25,04:30,04:45,24796
2010-01-25,04:45,05:00,24815
2010-01-25,05:00,05:15,26585
2010-01-25,05:15,05:30,26708
2010-01-25,05:30,05:45,26739
2010-01-25,05:45,06:00,26771
2010-01-25,06:00,06:15,29437
2010-01-25,06:15,06:30,29640
2010-01-25,06:30,06:45,29785
2010-01-25,06:45,07:00,29897
2010-01-25,07:00,07:15,33557
2010-01-25,07:15,07:30,33733
2010-01-25,07:30,07:45,33816
2010-01-25,07:45,08:00,33907
2010-01-25,08:00,08:15,35269
2010-01-25,08:15,08:30,35316
2010-01-25,08:30,08:45,35301
2010-01-25,08:45,09:00,35303
2010-01-25,09:00,09:15,35449
2010-01-25,09:15,09:30,35521
2010-01-25,09:30,09:45,35581
2010-01-25,09:45,10:00,35646
2010-01-25,10:00,10:15,35780
2010-01-25,10:15,10:30,35829
2010-01-25,10:30,10:45,35898
2010-01-25,10:45,11:00,35990
2010-01-25,11:00,11:15,35969
2010-01-25,11:15,11:30,36063
2010-01-25,11:30,11:45,36103
2010-01-25,11:45,12:00,36129
2010-01-25,12:00,12:15,36066
2010-01-25,12:15,12:30,36055
2010-01-25,12:30,12:45,36047
2010-01-25,12:45,13:00,35980
2010-01-25,13:00,13:15,35916
2010-01-25,13:15,13:30,35810
2010-01-25,13:30,13:45,35725
2010-01-25,13:45,14:00,35620
2010-01-25,14:00,14:15,35495
2010-01-25,14:15,14:30,35434
2010-01-25,14:30,14:45,35370
2010-01-25,14:45,15:00,35280
2010-01-25,15:00,15:15,34876
2010-01-25,15:15,15:30,34806
2010-01-25,15:30,15:45,34736
2010-01-25,15:45,16:00,34685
2010-01-25,16:00,16:15,34673
2010-01-25,16:15,16:30,34658
2010-01-25,16:30,16:45,34727
2010-01-25,16:45,17:00,34876
2010-01-25,17:00,17:15,35276
2010-01-25,17:15,17:30,35501
2010-01-25,17:30,17:45,35631
2010-01-25,17:45,18:00,35633
2010-01-25,18:00,18:15,35739
2010-01-25,18:15,18:30,35693
2010-01-25,18:30,18:45,35593
2010-01-25,18:45,19:00,35454
2010-01-25,19:00,19:15,35499
2010-01-25,19:15,19:30,35292
2010-01-25,19:30,19:45,35099
2010-01-25,19:45,20:00,34989
2010-01-25,20:00,20:15,32600
2010-01-25,20:15,20:30,32444
2010-01-25,20:30,20:45,32261
2010-01-25,20:45,21:00,32171
2010-01-25,21:00,21:15,31020
2010-01-25,21:15,21:30,30994
2010-01-25,21:30,21:45,30946
2010-01-25,21:45,22:00,30957
2010-01-25,22:00,22:15,31471
2010-01-25,22:15,22:30,31395
2010-01-25,22:30,22:45,31307
2010-01-25,22:45,23:00,31082
2010-01-25,23:00,23:15,30616
2010-01-25,23:15,23:30,30271
2010-01-25,23:30,23:45,29904
2010-01-25,23:45,00:00,29504
2010-01-26,00:00,00:15,28614
2010-01-26,00:15,00:30,28651
2010-01-26,00:30,00:45,28608
2010-01-26,00:45,01:00,28549
2010-01-26,01:00,01:15,28014
2010-01-26,01:15,01:30,28015
2010-01-26,01:30,01:45,27987
2010-01-26,01:45,02:00,27964
2010-01-26,02:00,02:15,26676
2010-01-26,02:15,02:30,26660
2010-01-26,02:30,02:45,26654
2010-01-26,02:45,03:00,26515
2010-01-26,03:00,03:15,26313
2010-01-26,03:15,03:30,26305
2010-01-26,03:30,03:45,26314
2010-01-26,03:45,04:00,26313
2010-01-26,04:00,04:15,26044
2010-01-26,04:15,04:30,26045
2010-01-26,04:30,04:45,26059
2010-01-26,04:45,05:00,26069
2010-01-26,05:00,05:15,28534
2010-01-26,05:15,05:30,28638
2010-01-26,05:30,05:45,28626
2010-01-26,05:45,06:00,28610
2010-01-26,06:00,06:15,31625
2010-01-26,06:15,06:30,31934
2010-01-26,06:30,06:45,32128
2010-01-26,06:45,07:00,32364
2010-01-26,07:00,07:15,33961
2010-01-26,07:15,07:30,34156
2010-01-26,07:30,07:45,34184
2010-01-26,07:45,08:00,34218
2010-01-26,08:00,08:15,35003
2010-01-26,08:15,08:30,34972
2010-01-26,08:30,08:45,34959
2010-01-26,08:45,09:00,34955
2010-01-26,09:00,09:15,35202
2010-01-26,09:15,09:30,35278
2010-01-26,09:30,09:45,35354
2010-01-26,09:45,10:00,35415
2010-01-26,10:00,10:15,35477
2010-01-26,10:15,10:30,35547
2010-01-26,10:30,10:45,35632
2010-01-26,10:45,11:00,35704
2010-01-26,11:00,11:15,35597
2010-01-26,11:15,11:30,35717
2010-01-26,11:30,11:45,35779
2010-01-26,11:45,12:00,35783
2010-01-26,12:00,12:15,35676
2010-01-26,12:15,12:30,35703
2010-01-26,12:30,12:45,35732
2010-01-26,12:45,13:00,35736
2010-01-26,13:00,13:15,35564
2010-01-26,13:15,13:30,35531
2010-01-26,13:30,13:45,35482
2010-01-26,13:45,14:00,35368
2010-01-26,14:00,14:15,35219
2010-01-26,14:15,14:30,35180
2010-01-26,14:30,14:45,35130
2010-01-26,14:45,15:00,35033
2010-01-26,15:00,15:15,35012
2010-01-26,15:15,15:30,34960
2010-01-26,15:30,15:45,34871
2010-01-26,15:45,16:00,34778
2010-01-26,16:00,16:15,34774
2010-01-26,16:15,16:30,34750
2010-01-26,16:30,16:45,34766
2010-01-26,16:45,17:00,34882
2010-01-26,17:00,17:15,34801
2010-01-26,17:15,17:30,35017
2010-01-26,17:30,17:45,35123
2010-01-26,17:45,18:00,35160
2010-01-26,18:00,18:15,35400
2010-01-26,18:15,18:30,35368
2010-01-26,18:30,18:45,35341
2010-01-26,18:45,19:00,35290
2010-01-26,19:00,19:15,35257
2010-01-26,19:15,19:30,35120
2010-01-26,19:30,19:45,35021
2010-01-26,19:45,20:00,34934
2010-01-26,20:00,20:15,35245
2010-01-26,20:15,20:30,35129
2010-01-26,20:30,20:45,35028
2010-01-26,20:45,21:00,34995
2010-01-26,21:00,21:15,33896
2010-01-26,21:15,21:30,33752
2010-01-26,21:30,21:45,33641
2010-01-26,21:45,22:00,33601
2010-01-26,22:00,22:15,31080
2010-01-26,22:15,22:30,31026
2010-01-26,22:30,22:45,30906
2010-01-26,22:45,23:00,30656
2010-01-26,23:00,23:15,30775
2010-01-26,23:15,23:30,30597
2010-01-26,23:30,23:45,30422
2010-01-26,23:45,00:00,30358
2010-01-27,00:00,00:15,29199
2010-01-27,00:15,00:30,29122
2010-01-27,00:30,00:45,29064
2010-01-27,00:45,01:00,28965
2010-01-27,01:00,01:15,28193
2010-01-27,01:15,01:30,28146
2010-01-27,01:30,01:45,28097
2010-01-27,01:45,02:00,28084
2010-01-27,02:00,02:15,27871
2010-01-27,02:15,02:30,27845
2010-01-27,02:30,02:45,27836
2010-01-27,02:45,03:00,27801
2010-01-27,03:00,03:15,27420
2010-01-27,03:15,03:30,27334
2010-01-27,03:30,03:45,27318
2010-01-27,03:45,04:00,27213
2010-01-27,04:00,04:15,27124
2010-01-27,04:15,04:30,27091
2010-01-27,04:30,04:45,27084
2010-01-27,04:45,05:00,27090
2010-01-27,05:00,05:15,28127
2010-01-27,05:15,05:30,28238
2010-01-27,05:30,05:45,28253
2010-01-27,05:45,06:00,28205
2010-01-27,06:00,06:15,31222
2010-01-27,06:15,06:30,31578
2010-01-27,06:30,06:45,31820
2010-01-27,06:45,07:00,32088
2010-01-27,07:00,07:15,34440
2010-01-27,07:15,07:30,34596
2010-01-27,07:30,07:45,34627
2010-01-27,07:45,08:00,34639
2010-01-27,08:00,08:15,35243
2010-01-27,08:15,08:30,35225
2010-01-27,08:30,08:45,35208
2010-01-27,08:45,09:00,35198
2010-01-27,09:00,09:15,35434
2010-01-27,09:15,09:30,35499
2010-01-27,09:30,09:45,35582
2010-01-27,09:45,10:00,35629
2010-01-27,10:00,10:15,35738
2010-01-27,10:15,10:30,35801
2010-01-27,10:30,10:45,35863
2010-01-27,10:45,11:00,35932
2010-01-27,11:00,11:15,35992
2010-01-27,11:15,11:30,36103
2010-01-27,11:30,11:45,36159
2010-01-27,11:45,12:00,36160
2010-01-27,12:00,12:15,36162
2010-01-27,12:15,12:30,36178
2010-01-27,12:30,12:45,36205
2010-01-27,12:45,13:00,36171
2010-01-27,13:00,13:15,36281
2010-01-27,13:15,13:30,36221
2010-01-27,13:30,13:45,36156
2010-01-27,13:45,14:00,36056
2010-01-27,14:00,14:15,36012
2010-01-27,14:15,14:30,35987
2010-01-27,14:30,14:45,35925
2010-01-27,14:45,15:00,35863
2010-01-27,15:00,15:15,35626
2010-01-27,15:15,15:30,35575
2010-01-27,15:30,15:45,35476
2010-01-27,15:45,16:00,35399
2010-01-27,16:00,16:15,35782
2010-01-27,16:15,16:30,35702
2010-01-27,16:30,16:45,35702
2010-01-27,16:45,17:00,35772
2010-01-27,17:00,17:15,36764
2010-01-27,17:15,17:30,37044
2010-01-27,17:30,17:45,37162
2010-01-27,17:45,18:00,37198
2010-01-27,18:00,18:15,37572
2010-01-27,18:15,18:30,37537
2010-01-27,18:30,18:45,37499
2010-01-27,18:45,19:00,37409
2010-01-27,19:00,19:15,35961
2010-01-27,19:15,19:30,35807
2010-01-27,19:30,19:45,35699
2010-01-27,19:45,20:00,35613
2010-01-27,20:00,20:15,34782
2010-01-27,20:15,20:30,34446
2010-01-27,20:30,20:45,33996
2010-01-27,20:45,21:00,33984
2010-01-27,21:00,21:15,32423
2010-01-27,21:15,21:30,32365
2010-01-27,21:30,21:45,32301
2010-01-27,21:45,22:00,32234
2010-01-27,22:00,22:15,29421
2010-01-27,22:15,22:30,29378
2010-01-27,22:30,22:45,29257
2010-01-27,22:45,23:00,29003
2010-01-27,23:00,23:15,27646
2010-01-27,23:15,23:30,27446
2010-01-27,23:30,23:45,27270
2010-01-27,23:45,00:00,27151
2010-01-28,00:00,00:15,26219
2010-01-28,00:15,00:30,26186
2010-01-28,00:30,00:45,26161
2010-01-28,00:45,01:00,26065
2010-01-28,01:00,01:15,25887
2010-01-28,01:15,01:30,25879
2010-01-28,01:30,01:45,25905
2010-01-28,01:45,02:00,25970
2010-01-28,02:00,02:15,25508
2010-01-28,02:15,02:30,25535
2010-01-28,02:30,02:45,25577
2010-01-28,02:45,03:00,25584
2010-01-28,03:00,03:15,25264
2010-01-28,03:15,03:30,25245
2010-01-28,03:30,03:45,25261
2010-01-28,03:45,04:00,25257
2010-01-28,04:00,04:15,25654
2010-01-28,04:15,04:30,25662
2010-01-28,04:30,04:45,25663
2010-01-28,04:45,05:00,25677
2010-01-28,05:00,05:15,26423
2010-01-28,05:15,05:30,26445
2010-01-28,05:30,05:45,26479
2010-01-28,05:45,06:00,26593
2010-01-28,06:00,06:15,28329
2010-01-28,06:15,06:30,28773
2010-01-28,06:30,06:45,29137
2010-01-28,06:45,07:00,29506
2010-01-28,07:00,07:15,32545
2010-01-28,07:15,07:30,32770
2010-01-28,07:30,07:45,32908
2010-01-28,07:45,08:00,33002
2010-01-28,08:00,08:15,34525
2010-01-28,08:15,08:30,34573
2010-01-28,08:30,08:45,34576
2010-01-28,08:45,09:00,34578
2010-01-28,09:00,09:15,34858
2010-01-28,09:15,09:30,34908
2010-01-28,09:30,09:45,34960
2010-01-28,09:45,10:00,35008
2010-01-28,10:00,10:15,35142
2010-01-28,10:15,10:30,35220
2010-01-28,10:30,10:45,35282
2010-01-28,10:45,11:00,35356
2010-01-28,11:00,11:15,35097
2010-01-28,11:15,11:30,35201
2010-01-28,11:30,11:45,35236
2010-01-28,11:45,12:00,35259
2010-01-28,12:00,12:15,35096
2010-01-28,12:15,12:30,35098
2010-01-28,12:30,12:45,35137
2010-01-28,12:45,13:00,35143
2010-01-28,13:00,13:15,34989
2010-01-28,13:15,13:30,34939
2010-01-28,13:30,13:45,34883
2010-01-28,13:45,14:00,34754
2010-01-28,14:00,14:15,34738
2010-01-28,14:15,14:30,34677
2010-01-28,14:30,14:45,34583
2010-01-28,14:45,15:00,34479
2010-01-28,15:00,15:15,34436
2010-01-28,15:15,15:30,34390
2010-01-28,15:30,15:45,34315
2010-01-28,15:45,16:00,34221
2010-01-28,16:00,16:15,34166
2010-01-28,16:15,16:30,34106
2010-01-28,16:30,16:45,34081
2010-01-28,16:45,17:00,34193
2010-01-28,17:00,17:15,34248
2010-01-28,17:15,17:30,34383
2010-01-28,17:30,17:45,34489
2010-01-28,17:45,18:00,34590
2010-01-28,18:00,18:15,34432
2010-01-28,18:15,18:30,34430
2010-01-28,18:30,18:45,34386
2010-01-28,18:45,19:00,34359
2010-01-28,19:00,19:15,34350
2010-01-28,19:15,19:30,34264
2010-01-28,19:30,19:45,34233
2010-01-28,19:45,20:00,34268
2010-01-28,20:00,20:15,33794
2010-01-28,20:15,20:30,33611
2010-01-28,20:30,20:45,33437
2010-01-28,20:45,21:00,33332
2010-01-28,21:00,21:15,32006
2010-01-28,21:15,21:30,31911
2010-01-28,21:30,21:45,31651
2010-01-28,21:45,22:00,31559
2010-01-28,22:00,22:15,30503
2010-01-28,22:15,22:30,30431
2010-01-28,22:30,22:45,30319
2010-01-28,22:45,23:00,30113
2010-01-28,23:00,23:15,28678
2010-01-28,23:15,23:30,28476
2010-01-28,23:30,23:45,28232
2010-01-28,23:45,00:00,28041
2010-01-29,00:00,00:15,25508
2010-01-29,00:15,00:30,25476
2010-01-29,00:30,00:45,25428
2010-01-29,00:45,01:00,25333
2010-01-29,01:00,01:15,25189
2010-01-29,01:15,01:30,25181
2010-01-29,01:30,01:45,25134
2010-01-29,01:45,02:00,25198
2010-01-29,02:00,02:15,24762
2010-01-29,02:15,02:30,24790
2010-01-29,02:30,02:45,24751
2010-01-29,02:45,03:00,24758
2010-01-29,03:00,03:15,24344
2010-01-29,03:15,03:30,24326
2010-01-29,03:30,03:45,24337
2010-01-29,03:45,04:00,24333
2010-01-29,04:00,04:15,24809
2010-01-29,04:15,04:30,24817
2010-01-29,04:30,04:45,24742
2010-01-29,04:45,05:00,24756
2010-01-29,05:00,05:15,25402
2010-01-29,05:15,05:30,25424
2010-01-29,05:30,05:45,25343
2010-01-29,05:45,06:00,25458
2010-01-29,06:00,06:15,27319
2010-01-29,06:15,06:30,27763
2010-01-29,06:30,06:45,28104
2010-01-29,06:45,07:00,28473
2010-01-29,07:00,07:15,31493
2010-01-29,07:15,07:30,31718
2010-01-29,07:30,07:45,31740
2010-01-29,07:45,08:00,31835
2010-01-29,08:00,08:15,33446
2010-01-29,08:15,08:30,33493
2010-01-29,08:30,08:45,33507
2010-01-29,08:45,09:00,33508
2010-01-29,09:00,09:15,33734
2010-01-29,09:15,09:30,33783
2010-01-29,09:30,09:45,33833
2010-01-29,09:45,10:00,33881
2010-01-29,10:00,10:15,34065
2010-01-29,10:15,10:30,34143
2010-01-29,10:30,10:45,34126
2010-01-29,10:45,11:00,34199
2010-01-29,11:00,11:15,34065
2010-01-29,11:15,11:30,34168
2010-01-29,11:30,11:45,34188
2010-01-29,11:45,12:00,34211
2010-01-29,12:00,12:15,34067
2010-01-29,12:15,12:30,34069
2010-01-29,12:30,12:45,35137
2010-01-29,12:45,13:00,35143
2010-01-29,13:00,13:15,34989
2010-01-29,13:15,13:30,34939
2010-01-29,13:30,13:45,34883
2010-01-29,13:45,14:00,34754
2010-01-29,14:00,14:15,34738
2010-01-29,14:15,14:30,34677
2010-01-29,14:30,14:45,34583
2010-01-29,14:45,15:00,34479
2010-01-29,15:00,15:15,34436
2010-01-29,15:15,15:30,34390
2010-01-29,15:30,15:45,34315
2010-01-29,15:45,16:00,34221
2010-01-29,16:00,16:15,34166
2010-01-29,16:15,16:30,34106
2010-01-29,16:30,16:45,34081
2010-01-29,16:45,17:00,34193
2010-01-29,17:00,17:15,34248
2010-01-29,17:15,17:30,34383
2010-01-29,17:30,17:45,34489
2010-01-29,17:45,18:00,34590
2010-01-29,18:00,18:15,34397
2010-01-29,18:15,18:30,34395
2010-01-29,18:30,18:45,34351
2010-01-29,18:45,19:00,34324
2010-01-29,19:00,19:15,34323
2010-01-29,19:15,19:30,34237
2010-01-29,19:30,19:45,34206
2010-01-29,19:45,20:00,34241
2010-01-29,20:00,20:15,33794
2010-01-29,20:15,20:30,33611
2010-01-29,20:30,20:45,33437
2010-01-29,20:45,21:00,33332
2010-01-29,21:00,21:15,32006
2010-01-29,21:15,21:30,31911
2010-01-29,21:30,21:45,31651
2010-01-29,21:45,22:00,31559
2010-01-29,22:00,22:15,30441
2010-01-29,22:15,22:30,30369
2010-01-29,22:30,22:45,30257
2010-01-29,22:45,23:00,30051
2010-01-29,23:00,23:15,28678
2010-01-29,23:15,23:30,28476
2010-01-29,23:30,23:45,28232
2010-01-29,23:45,00:00,28041
2010-01-30,00:00,00:15,20887
2010-01-30,00:15,00:30,20635
2010-01-30,00:30,00:45,20229
2010-01-30,00:45,01:00,19993
2010-01-30,01:00,01:15,19991
2010-01-30,01:15,01:30,19908
2010-01-30,01:30,01:45,19851
2010-01-30,01:45,02:00,19823
2010-01-30,02:00,02:15,19530
2010-01-30,02:15,02:30,19528
2010-01-30,02:30,02:45,19514
2010-01-30,02:45,03:00,19478
2010-01-30,03:00,03:15,18926
2010-01-30,03:15,03:30,18922
2010-01-30,03:30,03:45,18942
2010-01-30,03:45,04:00,18922
2010-01-30,04:00,04:15,18630
2010-01-30,04:15,04:30,18598
2010-01-30,04:30,04:45,18534
2010-01-30,04:45,05:00,18471
2010-01-30,05:00,05:15,18249
2010-01-30,05:15,05:30,18133
2010-01-30,05:30,05:45,17960
2010-01-30,05:45,06:00,17765
2010-01-30,06:00,06:15,18035
2010-01-30,06:15,06:30,17978
2010-01-30,06:30,06:45,17921
2010-01-30,06:45,07:00,17938
2010-01-30,07:00,07:15,19749
2010-01-30,07:15,07:30,19825
2010-01-30,07:30,07:45,20073
2010-01-30,07:45,08:00,20260
2010-01-30,08:00,08:15,21143
2010-01-30,08:15,08:30,21288
2010-01-30,08:30,08:45,21551
2010-01-30,08:45,09:00,21828
2010-01-30,09:00,09:15,23460
2010-01-30,09:15,09:30,23736
2010-01-30,09:30,09:45,23921
2010-01-30,09:45,10:00,24041
2010-01-30,10:00,10:15,24411
2010-01-30,10:15,10:30,24484
2010-01-30,10:30,10:45,24553
2010-01-30,10:45,11:00,24622
2010-01-30,11:00,11:15,24325
2010-01-30,11:15,11:30,24442
2010-01-30,11:30,11:45,24486
2010-01-30,11:45,12:00,24466
2010-01-30,12:00,12:15,24537
2010-01-30,12:15,12:30,24508
2010-01-30,12:30,12:45,24470
2010-01-30,12:45,13:00,24374
2010-01-30,13:00,13:15,24531
2010-01-30,13:15,13:30,24427
2010-01-30,13:30,13:45,24398
2010-01-30,13:45,14:00,24281
2010-01-30,14:00,14:15,23908
2010-01-30,14:15,14:30,23876
2010-01-30,14:30,14:45,23831
2010-01-30,14:45,15:00,23777
2010-01-30,15:00,15:15,23703
2010-01-30,15:15,15:30,23713
2010-01-30,15:30,15:45,23705
2010-01-30,15:45,16:00,23675
2010-01-30,16:00,16:15,23947
2010-01-30,16:15,16:30,23929
2010-01-30,16:30,16:45,23921
2010-01-30,16:45,17:00,24054
2010-01-30,17:00,17:15,24501
2010-01-30,17:15,17:30,24687
2010-01-30,17:30,17:45,24824
2010-01-30,17:45,18:00,24984
2010-01-30,18:00,18:15,25019
2010-01-30,18:15,18:30,25026
2010-01-30,18:30,18:45,25008
2010-01-30,18:45,19:00,24938
2010-01-30,19:00,19:15,25110
2010-01-30,19:15,19:30,24992
2010-01-30,19:30,19:45,24866
2010-01-30,19:45,20:00,24797
2010-01-30,20:00,20:15,25062
2010-01-30,20:15,20:30,24888
2010-01-30,20:30,20:45,24807
2010-01-30,20:45,21:00,24829
2010-01-30,21:00,21:15,23886
2010-01-30,21:15,21:30,23937
2010-01-30,21:30,21:45,23945
2010-01-30,21:45,22:00,24074
2010-01-30,22:00,22:15,24639
2010-01-30,22:15,22:30,24683
2010-01-30,22:30,22:45,24628
2010-01-30,22:45,23:00,24476
2010-01-30,23:00,23:15,23444
2010-01-30,23:15,23:30,23264
2010-01-30,23:30,23:45,22974
2010-01-30,23:45,00:00,22774
2010-01-31,00:00,00:15,24888
2010-01-31,00:15,00:30,24751
2010-01-31,00:30,00:45,24670
2010-01-31,00:45,01:00,24584
2010-01-31,01:00,01:15,24417
2010-01-31,01:15,01:30,24369
2010-01-31,01:30,01:45,24320
2010-01-31,01:45,02:00,24313
2010-01-31,02:00,02:15,24115
2010-01-31,02:15,02:30,24072
2010-01-31,02:30,02:45,24024
2010-01-31,02:45,03:00,23983
2010-01-31,03:00,03:15,23653
2010-01-31,03:15,03:30,23599
2010-01-31,03:30,03:45,23573
2010-01-31,03:45,04:00,23536
2010-01-31,04:00,04:15,23596
2010-01-31,04:15,04:30,23546
2010-01-31,04:30,04:45,23473
2010-01-31,04:45,05:00,23401
2010-01-31,05:00,05:15,23448
2010-01-31,05:15,05:30,23308
2010-01-31,05:30,05:45,23111
2010-01-31,05:45,06:00,22867
2010-01-31,06:00,06:15,22297
2010-01-31,06:15,06:30,22158
2010-01-31,06:30,06:45,22046
2010-01-31,06:45,07:00,22028
2010-01-31,07:00,07:15,22737
2010-01-31,07:15,07:30,22779
2010-01-31,07:30,07:45,22845
2010-01-31,07:45,08:00,22924
2010-01-31,08:00,08:15,23087
2010-01-31,08:15,08:30,23215
2010-01-31,08:30,08:45,23361
2010-01-31,08:45,09:00,23501
2010-01-31,09:00,09:15,24378
2010-01-31,09:15,09:30,24540
2010-01-31,09:30,09:45,24652
2010-01-31,09:45,10:00,24872
2010-01-31,10:00,10:15,26412
2010-01-31,10:15,10:30,26717
2010-01-31,10:30,10:45,26973
2010-01-31,10:45,11:00,27259
2010-01-31,11:00,11:15,27919
2010-01-31,11:15,11:30,28168
2010-01-31,11:30,11:45,28300
2010-01-31,11:45,12:00,28312
2010-01-31,12:00,12:15,28333
2010-01-31,12:15,12:30,28334
2010-01-31,12:30,12:45,28279
2010-01-31,12:45,13:00,28182
2010-01-31,13:00,13:15,27996
2010-01-31,13:15,13:30,27904
2010-01-31,13:30,13:45,27851
2010-01-31,13:45,14:00,27721
2010-01-31,14:00,14:15,27164
2010-01-31,14:15,14:30,27079
2010-01-31,14:30,14:45,27009
2010-01-31,14:45,15:00,26808
2010-01-31,15:00,15:15,25522
2010-01-31,15:15,15:30,25485
2010-01-31,15:30,15:45,25424
2010-01-31,15:45,16:00,25372
2010-01-31,16:00,16:15,25045
2010-01-31,16:15,16:30,25112
2010-01-31,16:30,16:45,25164
2010-01-31,16:45,17:00,25349
2010-01-31,17:00,17:15,26721
2010-01-31,17:15,17:30,26954
2010-01-31,17:30,17:45,27171
2010-01-31,17:45,18:00,27364
2010-01-31,18:00,18:15,27648
2010-01-31,18:15,18:30,27676
2010-01-31,18:30,18:45,27677
2010-01-31,18:45,19:00,27607
2010-01-31,19:00,19:15,27915
2010-01-31,19:15,19:30,27846
2010-01-31,19:30,19:45,27751
2010-01-31,19:45,20:00,27691
2010-01-31,20:00,20:15,28096
2010-01-31,20:15,20:30,27990
2010-01-31,20:30,20:45,27916
2010-01-31,20:45,21:00,27942
2010-01-31,21:00,21:15,27548
2010-01-31,21:15,21:30,27572
2010-01-31,21:30,21:45,27629
2010-01-31,21:45,22:00,27798
2010-01-31,22:00,22:15,27567
2010-01-31,22:15,22:30,27579
2010-01-31,22:30,22:45,27545
2010-01-31,22:45,23:00,27320
2010-01-31,23:00,23:15,26288
2010-01-31,23:15,23:30,25925
2010-01-31,23:30,23:45,25599
2010-01-31,23:45,00:00,25457
