track_id,segment_counter,point_counter,lon,lat,timestamp,course,speed
1693110,0,0,6.8954096,50.8203061,2014-04-23T18:02:12Z,,
1693110,0,1,6.8962331,50.8210916,2014-04-23T18:02:27Z,,
1693110,0,2,6.8969613,50.8217692,2014-04-23T18:02:40Z,,
1693110,0,3,6.8976734,50.8224446,2014-04-23T18:02:53Z,,
1693110,0,4,6.8977186,50.822497,2014-04-23T18:02:54Z,,
1693110,0,5,6.8977734,50.8225477,2014-04-23T18:02:55Z,,
1693110,0,6,6.898496,50.823212,2014-04-23T18:03:10Z,,
1693110,0,7,6.8985152,50.8232413,2014-04-23T18:03:11Z,,
1693110,0,8,6.8985083,50.8232699,2014-04-23T18:03:12Z,,
1693110,0,9,6.8984825,50.8232966,2014-04-23T18:03:13Z,,
1693110,0,10,6.8984468,50.8233237,2014-04-23T18:03:14Z,,
1693110,0,11,6.8984101,50.823347,2014-04-23T18:03:15Z,,
1693110,0,12,6.8983675,50.8233606,2014-04-23T18:03:16Z,,
1693110,0,13,6.8983255,50.8233682,2014-04-23T18:03:17Z,,
1693110,0,14,6.8982929,50.8233807,2014-04-23T18:03:18Z,,
1693110,0,15,6.8982808,50.8234004,2014-04-23T18:03:19Z,,
1693110,0,16,6.8982874,50.8234238,2014-04-23T18:03:20Z,,
1693110,0,17,6.8983042,50.8234507,2014-04-23T18:03:21Z,,
1693110,0,18,6.8983252,50.8234825,2014-04-23T18:03:22Z,,
1693110,0,19,6.8984094,50.8239283,2014-04-23T18:03:32Z,,
1693110,0,20,6.8984461,50.8241128,2014-04-23T18:03:36Z,,
1693110,0,21,6.8984472,50.8241612,2014-04-23T18:03:37Z,,
1693110,0,22,6.8984545,50.8242104,2014-04-23T18:03:38Z,,
1693110,0,23,6.8984643,50.8242622,2014-04-23T18:03:39Z,,
1693110,0,24,6.8984853,50.8243996,2014-04-23T18:03:42Z,,
1693110,0,25,6.8984794,50.824444,2014-04-23T18:03:43Z,,
1693110,0,26,6.8984695,50.8244862,2014-04-23T18:03:44Z,,
1693110,0,27,6.8984547,50.8245667,2014-04-23T18:03:47Z,,
1693110,0,28,6.8984726,50.8245824,2014-04-23T18:03:48Z,,
1693110,0,29,6.8985052,50.8245949,2014-04-23T18:03:49Z,,
1693110,0,30,6.8985473,50.8246033,2014-04-23T18:03:50Z,,
1693110,0,31,6.8987323,50.8246665,2014-04-23T18:03:54Z,,
1693110,0,32,6.8987725,50.8247407,2014-04-23T18:03:56Z,,
1693110,0,33,6.8987752,50.8247875,2014-04-23T18:03:57Z,,
1693110,0,34,6.8987425,50.8256289,2014-04-23T18:04:12Z,,
1693110,0,35,6.8987776,50.8259964,2014-04-23T18:04:19Z,,
1693110,0,36,6.8988343,50.8263974,2014-04-23T18:04:31Z,,
1693110,0,37,6.8989004,50.8267508,2014-04-23T18:04:40Z,,
1693110,0,38,6.8989528,50.8267659,2014-04-23T18:04:41Z,,
1693110,0,39,6.8990188,50.8267702,2014-04-23T18:04:42Z,,
1693110,0,40,6.8990916,50.8267684,2014-04-23T18:04:43Z,,
1693110,0,41,6.8991684,50.8267664,2014-04-23T18:04:44Z,,
1693110,0,42,6.9003492,50.8266214,2014-04-23T18:04:59Z,,
1693110,0,43,6.9004142,50.826604,2014-04-23T18:05:00Z,,
1693110,0,44,6.9004785,50.8265895,2014-04-23T18:05:01Z,,
1693110,0,45,6.901548,50.8264152,2014-04-23T18:05:17Z,,
1693110,0,46,6.9015962,50.8263882,2014-04-23T18:05:19Z,,
1693110,0,47,6.9015985,50.8263753,2014-04-23T18:05:20Z,,
1693110,0,48,6.9015954,50.8263603,2014-04-23T18:05:21Z,,
1693110,0,49,6.9015728,50.8263502,2014-04-23T18:05:34Z,,
,0,0,7.1096026,51.0512823,2014-04-20T08:52:25Z,,
,0,1,7.1096265,51.0512865,2014-04-20T08:52:26Z,,
,0,2,7.1096512,51.0512906,2014-04-20T08:52:27Z,,
,0,3,7.1096837,51.0512891,2014-04-20T08:52:28Z,,
,0,4,7.1097112,51.0512856,2014-04-20T08:52:29Z,,
,0,5,7.1097308,51.0512811,2014-04-20T08:52:30Z,,
,0,6,7.109753,51.0512765,2014-04-20T08:52:31Z,,
,0,7,7.1097813,51.0512734,2014-04-20T08:52:32Z,,
,0,8,7.1098172,51.0512704,2014-04-20T08:52:33Z,,
,0,9,7.1098539,51.0512715,2014-04-20T08:52:34Z,,
,0,10,7.1098928,51.0512807,2014-04-20T08:52:35Z,,
,0,11,7.1099375,51.0512965,2014-04-20T08:52:36Z,,
,0,12,7.1099824,51.0513179,2014-04-20T08:52:37Z,,
,0,13,7.1100293,51.0513425,2014-04-20T08:52:38Z,,
,0,14,7.1100793,51.0513659,2014-04-20T08:52:39Z,,
,0,15,7.1101324,51.0513883,2014-04-20T08:52:40Z,,
,0,16,7.1101819,51.0514107,2014-04-20T08:52:41Z,,
,0,17,7.1102323,51.0514315,2014-04-20T08:52:42Z,,
,0,18,7.1102838,51.0514548,2014-04-20T08:52:43Z,,
,0,19,7.1103368,51.051479,2014-04-20T08:52:44Z,,
,0,20,7.1103937,51.0515034,2014-04-20T08:52:45Z,,
,0,21,7.1104521,51.0515302,2014-04-20T08:52:46Z,,
,0,22,7.1105078,51.0515604,2014-04-20T08:52:47Z,,
,0,23,7.1105614,51.0515907,2014-04-20T08:52:48Z,,
,0,24,7.1106166,51.0516214,2014-04-20T08:52:49Z,,
,0,25,7.11067,51.0516494,2014-04-20T08:52:50Z,,
,0,26,7.1107234,51.0516787,2014-04-20T08:52:51Z,,
,0,27,7.1107698,51.0517046,2014-04-20T08:52:52Z,,
,0,28,7.1108152,51.0517292,2014-04-20T08:52:53Z,,
,0,29,7.1108605,51.051754,2014-04-20T08:52:54Z,,
,0,30,7.1109069,51.0517793,2014-04-20T08:52:55Z,,
,0,31,7.1109547,51.0518021,2014-04-20T08:52:56Z,,
,0,32,7.1110037,51.0518252,2014-04-20T08:52:57Z,,
,0,33,7.1110538,51.0518499,2014-04-20T08:52:58Z,,
,0,34,7.1110989,51.0518762,2014-04-20T08:52:59Z,,
,0,35,7.1111403,51.0519067,2014-04-20T08:53:00Z,,
,0,36,7.1111775,51.0519359,2014-04-20T08:53:01Z,,
,0,37,7.1112145,51.0519621,2014-04-20T08:53:02Z,,
,0,38,7.1112523,51.0519838,2014-04-20T08:53:03Z,,
,0,39,7.1112925,51.0520029,2014-04-20T08:53:04Z,,
,0,40,7.1113359,51.0520224,2014-04-20T08:53:05Z,,
,0,41,7.1113837,51.0520412,2014-04-20T08:53:06Z,,
,0,42,7.1114274,51.0520603,2014-04-20T08:53:07Z,,
,0,43,7.1114704,51.0520805,2014-04-20T08:53:08Z,,
,0,44,7.1115117,51.052095,2014-04-20T08:53:09Z,,
,0,45,7.111555,51.0521113,2014-04-20T08:53:10Z,,
,0,46,7.1115949,51.0521303,2014-04-20T08:53:11Z,,
,0,47,7.111632,51.0521479,2014-04-20T08:53:12Z,,
,0,48,7.1116743,51.0521687,2014-04-20T08:53:13Z,,
,0,49,7.1117166,51.0521874,2014-04-20T08:53:14Z,,
,0,50,7.1117601,51.052207,2014-04-20T08:53:15Z,,
,0,51,7.1118007,51.0522268,2014-04-20T08:53:16Z,,
,0,52,7.1118415,51.0522469,2014-04-20T08:53:17Z,,
,0,53,7.1118824,51.052267,2014-04-20T08:53:18Z,,
,0,54,7.111922,51.0522862,2014-04-20T08:53:19Z,,
,0,55,7.1119607,51.0523059,2014-04-20T08:53:20Z,,
,0,56,7.1119984,51.0523272,2014-04-20T08:53:21Z,,
,0,57,7.1120383,51.0523456,2014-04-20T08:53:22Z,,
,0,58,7.1120799,51.0523634,2014-04-20T08:53:23Z,,
,0,59,7.1121243,51.0523791,2014-04-20T08:53:24Z,,
,0,60,7.1121646,51.0523976,2014-04-20T08:53:25Z,,
,0,61,7.1122057,51.052416,2014-04-20T08:53:26Z,,
,0,62,7.1122414,51.0524337,2014-04-20T08:53:27Z,,
,0,63,7.112276,51.0524535,2014-04-20T08:53:28Z,,
,0,64,7.1123124,51.0524715,2014-04-20T08:53:29Z,,
,0,65,7.1123501,51.0524915,2014-04-20T08:53:30Z,,
,0,66,7.1123859,51.0525077,2014-04-20T08:53:31Z,,
,0,67,7.1124187,51.0525271,2014-04-20T08:53:32Z,,
,0,68,7.1124542,51.0525456,2014-04-20T08:53:33Z,,
,0,69,7.1124891,51.0525634,2014-04-20T08:53:34Z,,
,0,70,7.1125241,51.0525819,2014-04-20T08:53:35Z,,
,0,71,7.1125537,51.0526007,2014-04-20T08:53:36Z,,
,0,72,7.1125853,51.0526187,2014-04-20T08:53:37Z,,
,0,73,7.1126193,51.0526353,2014-04-20T08:53:38Z,,
,0,74,7.1126537,51.0526494,2014-04-20T08:53:39Z,,
,0,75,7.1126894,51.0526682,2014-04-20T08:53:40Z,,
,0,76,7.1127241,51.052688,2014-04-20T08:53:41Z,,
,0,77,7.1127574,51.052709,2014-04-20T08:53:42Z,,
,0,78,7.1127928,51.0527321,2014-04-20T08:53:43Z,,
,0,79,7.1128324,51.0527549,2014-04-20T08:53:44Z,,
,0,80,7.1128771,51.0527807,2014-04-20T08:53:45Z,,
,0,81,7.1129236,51.0528067,2014-04-20T08:53:46Z,,
,0,82,7.1129733,51.0528306,2014-04-20T08:53:47Z,,
,0,83,7.1130252,51.0528541,2014-04-20T08:53:48Z,,
,0,84,7.1130774,51.0528779,2014-04-20T08:53:49Z,,
,0,85,7.1131292,51.0529026,2014-04-20T08:53:50Z,,
,0,86,7.1131821,51.0529291,2014-04-20T08:53:51Z,,
,0,87,7.1132302,51.0529568,2014-04-20T08:53:52Z,,
,0,88,7.1132682,51.0529853,2014-04-20T08:53:53Z,,
,0,89,7.1133069,51.053012,2014-04-20T08:53:54Z,,
,0,90,7.1133524,51.0530322,2014-04-20T08:53:55Z,,
,0,91,7.1133983,51.053053,2014-04-20T08:53:56Z,,
,0,92,7.1134411,51.0530786,2014-04-20T08:53:57Z,,
,0,93,7.1134851,51.0531033,2014-04-20T08:53:58Z,,
,0,94,7.113526,51.0531264,2014-04-20T08:53:59Z,,
,0,95,7.1136486,51.0531948,2014-04-20T08:54:00Z,,
,0,96,7.1136486,51.0531948,2014-04-20T08:54:02Z,,
,0,97,7.1136864,51.0532192,2014-04-20T08:54:03Z,,
,0,98,7.1137228,51.0532441,2014-04-20T08:54:04Z,,
,0,99,7.1137622,51.0532692,2014-04-20T08:54:05Z,,
,0,100,7.1137976,51.0532929,2014-04-20T08:54:06Z,,
,0,101,7.1138352,51.0533177,2014-04-20T08:54:07Z,,
,0,102,7.113872,51.0533455,2014-04-20T08:54:08Z,,
,0,103,7.1139092,51.0533714,2014-04-20T08:54:09Z,,
,0,104,7.1139458,51.0533966,2014-04-20T08:54:10Z,,
,0,105,7.1139817,51.0534209,2014-04-20T08:54:11Z,,
,0,106,7.1140203,51.0534487,2014-04-20T08:54:12Z,,
,0,107,7.114058,51.0534714,2014-04-20T08:54:13Z,,
,0,108,7.1140899,51.0534974,2014-04-20T08:54:14Z,,
,0,109,7.1141228,51.0535249,2014-04-20T08:54:15Z,,
,0,110,7.1141553,51.0535501,2014-04-20T08:54:16Z,,
,0,111,7.114192,51.0535752,2014-04-20T08:54:17Z,,
,0,112,7.1142283,51.0536023,2014-04-20T08:54:18Z,,
,0,113,7.1142639,51.0536304,2014-04-20T08:54:19Z,,
,0,114,7.1143015,51.0536589,2014-04-20T08:54:20Z,,
,0,115,7.114335,51.0536868,2014-04-20T08:54:21Z,,
,0,116,7.1143698,51.0537139,2014-04-20T08:54:22Z,,
,0,117,7.1144053,51.0537403,2014-04-20T08:54:23Z,,
,0,118,7.1144392,51.0537686,2014-04-20T08:54:24Z,,
,0,119,7.1144698,51.0537962,2014-04-20T08:54:25Z,,
,0,120,7.1144997,51.0538242,2014-04-20T08:54:26Z,,
,0,121,7.1145317,51.0538507,2014-04-20T08:54:27Z,,
,0,122,7.1145628,51.0538742,2014-04-20T08:54:28Z,,
,0,123,7.1145929,51.0538977,2014-04-20T08:54:29Z,,
,0,124,7.1146235,51.0539207,2014-04-20T08:54:30Z,,
,0,125,7.1146518,51.0539452,2014-04-20T08:54:31Z,,
,0,126,7.1146783,51.0539702,2014-04-20T08:54:32Z,,
,0,127,7.1147048,51.0539927,2014-04-20T08:54:33Z,,
,0,128,7.1147313,51.0540145,2014-04-20T08:54:34Z,,
,0,129,7.1147589,51.0540383,2014-04-20T08:54:35Z,,
,0,130,7.1147846,51.0540637,2014-04-20T08:54:36Z,,
,0,131,7.1148084,51.0540889,2014-04-20T08:54:37Z,,
,0,132,7.1148335,51.0541139,2014-04-20T08:54:38Z,,
,0,133,7.1148604,51.0541393,2014-04-20T08:54:39Z,,
,0,134,7.1148863,51.0541625,2014-04-20T08:54:40Z,,
,0,135,7.1149096,51.0541848,2014-04-20T08:54:41Z,,
,0,136,7.1149312,51.0542075,2014-04-20T08:54:42Z,,
,0,137,7.1149562,51.0542319,2014-04-20T08:54:43Z,,
,0,138,7.114983,51.0542537,2014-04-20T08:54:44Z,,
,0,139,7.1150124,51.0542753,2014-04-20T08:54:45Z,,
,0,140,7.1150426,51.0542961,2014-04-20T08:54:46Z,,
,0,141,7.1150738,51.0543152,2014-04-20T08:54:47Z,,
,0,142,7.115101,51.0543352,2014-04-20T08:54:48Z,,
,0,143,7.1151193,51.0543563,2014-04-20T08:54:49Z,,
,0,144,7.1151294,51.0543792,2014-04-20T08:54:50Z,,
,0,145,7.1151329,51.0544001,2014-04-20T08:54:51Z,,
,0,146,7.1151197,51.0544214,2014-04-20T08:54:52Z,,
,0,147,7.1150966,51.0544387,2014-04-20T08:54:53Z,,
,0,148,7.1150661,51.0544514,2014-04-20T08:54:54Z,,
,0,149,7.1150255,51.0544676,2014-04-20T08:54:55Z,,
,0,150,7.1149744,51.0544872,2014-04-20T08:54:56Z,,
,0,151,7.1149196,51.0545089,2014-04-20T08:54:57Z,,
,0,152,7.1148643,51.0545316,2014-04-20T08:54:58Z,,
,0,153,7.1148144,51.0545533,2014-04-20T08:54:59Z,,
,0,154,7.1147666,51.0545763,2014-04-20T08:55:00Z,,
,0,155,7.1147196,51.0546001,2014-04-20T08:55:01Z,,
,0,156,7.1146703,51.0546269,2014-04-20T08:55:02Z,,
,0,157,7.1146262,51.0546562,2014-04-20T08:55:03Z,,
,0,158,7.1145834,51.0546851,2014-04-20T08:55:04Z,,
,0,159,7.1145335,51.0547141,2014-04-20T08:55:05Z,,
,0,160,7.1144926,51.0547483,2014-04-20T08:55:06Z,,
,0,161,7.1144802,51.0547877,2014-04-20T08:55:07Z,,
,0,162,7.1144875,51.0548283,2014-04-20T08:55:08Z,,
,0,163,7.1145,51.0548658,2014-04-20T08:55:09Z,,
,0,164,7.1145138,51.0548986,2014-04-20T08:55:10Z,,
,0,165,7.1145301,51.05493,2014-04-20T08:55:11Z,,
,0,166,7.1145529,51.0549618,2014-04-20T08:55:12Z,,
,0,167,7.1145729,51.0549913,2014-04-20T08:55:13Z,,
,0,168,7.1145879,51.0550183,2014-04-20T08:55:14Z,,
,0,169,7.1145959,51.0550436,2014-04-20T08:55:15Z,,
,0,170,7.114595,51.0550711,2014-04-20T08:55:16Z,,
,0,171,7.1145924,51.0551017,2014-04-20T08:55:17Z,,
,0,172,7.1145881,51.0551334,2014-04-20T08:55:18Z,,
,0,173,7.1145825,51.0551585,2014-04-20T08:55:19Z,,
,0,174,7.1145698,51.0551793,2014-04-20T08:55:20Z,,
,0,175,7.1145481,51.0551974,2014-04-20T08:55:21Z,,
,0,176,7.1145159,51.055213,2014-04-20T08:55:22Z,,
,0,177,7.1144777,51.0552303,2014-04-20T08:55:23Z,,
,0,178,7.1144341,51.0552476,2014-04-20T08:55:24Z,,
,0,179,7.1143859,51.0552644,2014-04-20T08:55:25Z,,
,0,180,7.1143319,51.0552808,2014-04-20T08:55:26Z,,
,0,181,7.1142765,51.0552979,2014-04-20T08:55:27Z,,
,0,182,7.1142145,51.0553158,2014-04-20T08:55:28Z,,
,0,183,7.1141536,51.0553365,2014-04-20T08:55:29Z,,
,0,184,7.1140915,51.0553589,2014-04-20T08:55:30Z,,
,0,185,7.114028,51.0553813,2014-04-20T08:55:31Z,,
,0,186,7.1139735,51.0554003,2014-04-20T08:55:32Z,,
,0,187,7.1139341,51.0554217,2014-04-20T08:55:33Z,,
,0,188,7.1139145,51.0554424,2014-04-20T08:55:34Z,,
,0,189,7.1139015,51.0554586,2014-04-20T08:55:35Z,,
,0,190,7.1139137,51.0554714,2014-04-20T08:55:36Z,,
,0,191,7.1139383,51.0554754,2014-04-20T08:55:37Z,,
,0,192,7.1139531,51.0554653,2014-04-20T08:55:38Z,,
,0,193,7.1139591,51.0554498,2014-04-20T08:55:39Z,,
,0,194,7.1139621,51.055434,2014-04-20T08:55:40Z,,
,0,195,7.1139736,51.0554167,2014-04-20T08:55:41Z,,
,0,196,7.1139958,51.0554035,2014-04-20T08:55:42Z,,
,0,197,7.11402,51.0553902,2014-04-20T08:55:43Z,,
,0,198,7.1140492,51.0553801,2014-04-20T08:55:44Z,,
,0,199,7.1140781,51.0553693,2014-04-20T08:55:45Z,,
,0,200,7.1141109,51.0553572,2014-04-20T08:55:46Z,,
,0,201,7.114142,51.0553475,2014-04-20T08:55:47Z,,
,0,202,7.1141729,51.0553383,2014-04-20T08:55:48Z,,
,0,203,7.1142041,51.0553295,2014-04-20T08:55:49Z,,
,0,204,7.1142395,51.0553214,2014-04-20T08:55:50Z,,
,0,205,7.1142758,51.0553078,2014-04-20T08:55:51Z,,
,0,206,7.1143118,51.0552922,2014-04-20T08:55:52Z,,
,0,207,7.1143463,51.0552794,2014-04-20T08:55:53Z,,
,0,208,7.1143832,51.0552684,2014-04-20T08:55:54Z,,
,0,209,7.1144201,51.0552566,2014-04-20T08:55:55Z,,
,0,210,7.1144549,51.0552412,2014-04-20T08:55:56Z,,
,0,211,7.1144869,51.0552269,2014-04-20T08:55:57Z,,
,0,212,7.1145229,51.0552109,2014-04-20T08:55:58Z,,
,0,213,7.1145555,51.0551953,2014-04-20T08:55:59Z,,
,0,214,7.1145827,51.0551757,2014-04-20T08:56:00Z,,
,0,215,7.114602,51.0551521,2014-04-20T08:56:01Z,,
,0,216,7.1146159,51.0551272,2014-04-20T08:56:02Z,,
,0,217,7.114622,51.0550995,2014-04-20T08:56:03Z,,
,0,218,7.1146193,51.0550681,2014-04-20T08:56:04Z,,
,0,219,7.1146071,51.0550368,2014-04-20T08:56:05Z,,
,0,220,7.1145895,51.0550034,2014-04-20T08:56:06Z,,
,0,221,7.1145641,51.0549675,2014-04-20T08:56:07Z,,
,0,222,7.1145393,51.05493,2014-04-20T08:56:08Z,,
,0,223,7.114517,51.0548883,2014-04-20T08:56:09Z,,
,0,224,7.1144934,51.0548442,2014-04-20T08:56:10Z,,
,0,225,7.1144807,51.054798,2014-04-20T08:56:11Z,,
,0,226,7.1144923,51.0547572,2014-04-20T08:56:12Z,,
,0,227,7.1145251,51.0547212,2014-04-20T08:56:13Z,,
,0,228,7.1145669,51.0546892,2014-04-20T08:56:14Z,,
,0,229,7.1146022,51.0546655,2014-04-20T08:56:15Z,,
,0,230,7.1146397,51.0546437,2014-04-20T08:56:16Z,,
,0,231,7.1146823,51.0546219,2014-04-20T08:56:17Z,,
,0,232,7.1147258,51.0546001,2014-04-20T08:56:18Z,,
,0,233,7.1147706,51.0545775,2014-04-20T08:56:19Z,,
,0,234,7.1148187,51.0545565,2014-04-20T08:56:20Z,,
,0,235,7.1148666,51.0545385,2014-04-20T08:56:21Z,,
,0,236,7.1149136,51.0545233,2014-04-20T08:56:22Z,,
,0,237,7.1149582,51.054507,2014-04-20T08:56:23Z,,
,0,238,7.1149912,51.0544908,2014-04-20T08:56:24Z,,
,0,239,7.1150177,51.0544785,2014-04-20T08:56:25Z,,
,0,240,7.1150428,51.0544691,2014-04-20T08:56:26Z,,
,0,241,7.1150691,51.0544586,2014-04-20T08:56:27Z,,
,0,242,7.1150969,51.0544473,2014-04-20T08:56:28Z,,
,0,243,7.1151295,51.0544419,2014-04-20T08:56:29Z,,
,0,244,7.1151618,51.0544499,2014-04-20T08:56:30Z,,
,0,245,7.1151882,51.0544686,2014-04-20T08:56:31Z,,
,0,246,7.1152047,51.0544927,2014-04-20T08:56:32Z,,
,0,247,7.1152215,51.0545156,2014-04-20T08:56:33Z,,
,0,248,7.1152406,51.0545392,2014-04-20T08:56:34Z,,
,0,249,7.1152621,51.0545653,2014-04-20T08:56:35Z,,
,0,250,7.1152794,51.0545901,2014-04-20T08:56:36Z,,
,0,251,7.1152949,51.0546167,2014-04-20T08:56:37Z,,
,0,252,7.1153129,51.0546437,2014-04-20T08:56:38Z,,
,0,253,7.1153356,51.0546716,2014-04-20T08:56:39Z,,
,0,254,7.1153575,51.0546992,2014-04-20T08:56:40Z,,
,0,255,7.1153779,51.0547248,2014-04-20T08:56:41Z,,
,0,256,7.115404,51.05475,2014-04-20T08:56:42Z,,
,0,257,7.1154291,51.0547725,2014-04-20T08:56:43Z,,
,0,258,7.1154481,51.0547958,2014-04-20T08:56:44Z,,
,0,259,7.1154681,51.0548184,2014-04-20T08:56:45Z,,
,0,260,7.115489,51.054842,2014-04-20T08:56:46Z,,
,0,261,7.1155095,51.0548664,2014-04-20T08:56:47Z,,
,0,262,7.1155251,51.0548909,2014-04-20T08:56:48Z,,
,0,263,7.1155441,51.0549151,2014-04-20T08:56:49Z,,
,0,264,7.1155634,51.0549369,2014-04-20T08:56:50Z,,
,0,265,7.1155829,51.0549591,2014-04-20T08:56:51Z,,
,0,266,7.115604,51.0549831,2014-04-20T08:56:52Z,,
,0,267,7.1156262,51.0550064,2014-04-20T08:56:53Z,,
,0,268,7.1156459,51.0550303,2014-04-20T08:56:54Z,,
,0,269,7.1156644,51.0550545,2014-04-20T08:56:55Z,,
,0,270,7.1156812,51.0550803,2014-04-20T08:56:56Z,,
,0,271,7.1156982,51.0551078,2014-04-20T08:56:57Z,,
,0,272,7.1157172,51.0551338,2014-04-20T08:56:58Z,,
,0,273,7.1157356,51.0551602,2014-04-20T08:56:59Z,,
,0,274,7.1157556,51.0551861,2014-04-20T08:57:00Z,,
,0,275,7.1157814,51.0552093,2014-04-20T08:57:01Z,,
,0,276,7.1158038,51.0552316,2014-04-20T08:57:02Z,,
,0,277,7.1158265,51.0552554,2014-04-20T08:57:03Z,,
,0,278,7.1158508,51.0552797,2014-04-20T08:57:04Z,,
,0,279,7.1158701,51.0553026,2014-04-20T08:57:05Z,,
,0,280,7.1158864,51.0553269,2014-04-20T08:57:06Z,,
,0,281,7.1159072,51.0553513,2014-04-20T08:57:07Z,,
,0,282,7.1159248,51.0553761,2014-04-20T08:57:08Z,,
,0,283,7.1159461,51.0554008,2014-04-20T08:57:09Z,,
,0,0,7.1159711,51.0554258,2014-04-20T08:57:10Z,,
,0,1,7.1159975,51.0554498,2014-04-20T08:57:11Z,,
,0,2,7.1160271,51.0554713,2014-04-20T08:57:12Z,,
,0,3,7.1160572,51.0554891,2014-04-20T08:57:13Z,,
,0,4,7.1160863,51.0555076,2014-04-20T08:57:14Z,,
,0,5,7.1161108,51.0555268,2014-04-20T08:57:15Z,,
,0,6,7.1161325,51.0555463,2014-04-20T08:57:16Z,,
,0,7,7.1161535,51.0555659,2014-04-20T08:57:17Z,,
,0,8,7.116182,51.0555853,2014-04-20T08:57:18Z,,
,0,9,7.1162086,51.0556057,2014-04-20T08:57:19Z,,
,0,10,7.1162375,51.055626,2014-04-20T08:57:20Z,,
,0,11,7.1162658,51.0556476,2014-04-20T08:57:21Z,,
,0,12,7.1162942,51.0556669,2014-04-20T08:57:22Z,,
,0,13,7.1163189,51.0556861,2014-04-20T08:57:23Z,,
,0,14,7.1163476,51.0557025,2014-04-20T08:57:24Z,,
,0,15,7.1163813,51.0557176,2014-04-20T08:57:25Z,,
,0,16,7.1164145,51.0557303,2014-04-20T08:57:26Z,,
,0,17,7.1164489,51.0557434,2014-04-20T08:57:27Z,,
,0,18,7.1164786,51.055761,2014-04-20T08:57:28Z,,
,0,19,7.1165006,51.0557783,2014-04-20T08:57:29Z,,
,0,20,7.1165227,51.0557938,2014-04-20T08:57:30Z,,
,0,21,7.1165417,51.0558082,2014-04-20T08:57:31Z,,
,0,22,7.1165536,51.0558272,2014-04-20T08:57:32Z,,
,0,23,7.1165595,51.0558457,2014-04-20T08:57:33Z,,
,0,24,7.1165574,51.0558651,2014-04-20T08:57:34Z,,
,0,25,7.1165533,51.0558855,2014-04-20T08:57:35Z,,
,0,26,7.1165416,51.0559091,2014-04-20T08:57:36Z,,
,0,27,7.1165227,51.0559402,2014-04-20T08:57:37Z,,
,0,28,7.1164981,51.0559721,2014-04-20T08:57:38Z,,
,0,29,7.1164738,51.0560087,2014-04-20T08:57:39Z,,
,0,30,7.1164695,51.0560434,2014-04-20T08:57:40Z,,
,0,31,7.1164818,51.0560753,2014-04-20T08:57:41Z,,
,0,32,7.1165062,51.0561072,2014-04-20T08:57:42Z,,
,0,33,7.1165421,51.0561357,2014-04-20T08:57:43Z,,
,0,34,7.1165793,51.0561645,2014-04-20T08:57:44Z,,
,0,35,7.1166091,51.0561936,2014-04-20T08:57:45Z,,
,0,36,7.116642,51.056221,2014-04-20T08:57:46Z,,
,0,37,7.1166735,51.0562479,2014-04-20T08:57:47Z,,
,0,38,7.1166977,51.0562764,2014-04-20T08:57:48Z,,
,0,39,7.1167261,51.0563095,2014-04-20T08:57:49Z,,
,0,40,7.1167566,51.0563396,2014-04-20T08:57:50Z,,
,0,41,7.1167892,51.0563661,2014-04-20T08:57:51Z,,
,0,42,7.1168202,51.0563955,2014-04-20T08:57:52Z,,
,0,43,7.1168467,51.0564277,2014-04-20T08:57:53Z,,
,0,44,7.1168778,51.0564597,2014-04-20T08:57:54Z,,
,0,45,7.1169062,51.0564914,2014-04-20T08:57:55Z,,
,0,46,7.1169379,51.0565237,2014-04-20T08:57:56Z,,
,0,47,7.1169675,51.0565563,2014-04-20T08:57:57Z,,
,0,48,7.1169999,51.0565881,2014-04-20T08:57:58Z,,
,0,49,7.1170328,51.0566159,2014-04-20T08:57:59Z,,
,0,50,7.1170629,51.0566461,2014-04-20T08:58:00Z,,
,0,51,7.1170911,51.0566764,2014-04-20T08:58:01Z,,
,0,52,7.1171227,51.0567087,2014-04-20T08:58:02Z,,
,0,53,7.1171557,51.0567405,2014-04-20T08:58:03Z,,
,0,54,7.117195,51.0567704,2014-04-20T08:58:04Z,,
,0,55,7.1172254,51.0567995,2014-04-20T08:58:05Z,,
,0,56,7.1172546,51.0568287,2014-04-20T08:58:06Z,,
,0,57,7.1172894,51.056857,2014-04-20T08:58:07Z,,
,0,58,7.1173202,51.0568856,2014-04-20T08:58:08Z,,
,0,59,7.1173505,51.0569167,2014-04-20T08:58:09Z,,
,0,60,7.1173871,51.0569493,2014-04-20T08:58:10Z,,
,0,61,7.1174193,51.0569794,2014-04-20T08:58:11Z,,
,0,62,7.1174469,51.0570097,2014-04-20T08:58:12Z,,
,0,63,7.1174774,51.0570398,2014-04-20T08:58:13Z,,
,0,64,7.1175144,51.0570682,2014-04-20T08:58:14Z,,
,0,65,7.1175521,51.0570918,2014-04-20T08:58:15Z,,
,0,66,7.1175893,51.0571153,2014-04-20T08:58:16Z,,
,0,67,7.117627,51.0571384,2014-04-20T08:58:17Z,,
,0,68,7.1176644,51.057162,2014-04-20T08:58:18Z,,
,0,69,7.1177076,51.0571862,2014-04-20T08:58:19Z,,
,0,70,7.1177476,51.0572114,2014-04-20T08:58:20Z,,
,0,71,7.1177868,51.0572373,2014-04-20T08:58:21Z,,
,0,72,7.1178265,51.0572629,2014-04-20T08:58:22Z,,
,0,73,7.1178709,51.0572871,2014-04-20T08:58:23Z,,
,0,74,7.117912,51.0573167,2014-04-20T08:58:24Z,,
,0,75,7.1179554,51.0573458,2014-04-20T08:58:25Z,,
,0,76,7.118003,51.0573725,2014-04-20T08:58:26Z,,
,0,77,7.1180542,51.0573965,2014-04-20T08:58:27Z,,
,0,78,7.1180942,51.0574227,2014-04-20T08:58:28Z,,
,0,79,7.1181314,51.0574503,2014-04-20T08:58:29Z,,
,0,80,7.1181721,51.0574761,2014-04-20T08:58:30Z,,
,0,81,7.1182177,51.0574988,2014-04-20T08:58:31Z,,
,0,82,7.1182626,51.0575213,2014-04-20T08:58:32Z,,
,0,83,7.1183033,51.057548,2014-04-20T08:58:33Z,,
,0,84,7.1183496,51.0575765,2014-04-20T08:58:34Z,,
,0,85,7.1183963,51.0576024,2014-04-20T08:58:35Z,,
,0,86,7.1184405,51.0576279,2014-04-20T08:58:36Z,,
,0,87,7.1184866,51.0576504,2014-04-20T08:58:37Z,,
,0,88,7.1185322,51.0576722,2014-04-20T08:58:38Z,,
,0,89,7.1185704,51.0576974,2014-04-20T08:58:39Z,,
,0,90,7.1186117,51.0577206,2014-04-20T08:58:40Z,,
,0,91,7.1186537,51.0577425,2014-04-20T08:58:41Z,,
,0,92,7.1186953,51.0577669,2014-04-20T08:58:42Z,,
,0,93,7.1187372,51.0577898,2014-04-20T08:58:43Z,,
,0,94,7.1187795,51.0578097,2014-04-20T08:58:44Z,,
,0,95,7.118825,51.0578325,2014-04-20T08:58:45Z,,
,0,96,7.1188746,51.0578519,2014-04-20T08:58:46Z,,
,0,97,7.1189247,51.0578684,2014-04-20T08:58:47Z,,
,0,98,7.1189753,51.0578846,2014-04-20T08:58:48Z,,
,0,99,7.1190263,51.0579062,2014-04-20T08:58:49Z,,
,0,100,7.1190744,51.0579268,2014-04-20T08:58:50Z,,
,0,101,7.1191235,51.0579447,2014-04-20T08:58:51Z,,
,0,102,7.1191737,51.0579633,2014-04-20T08:58:52Z,,
,0,103,7.1192231,51.057982,2014-04-20T08:58:53Z,,
,0,104,7.1192706,51.0580009,2014-04-20T08:58:54Z,,
,0,105,7.1193122,51.0580218,2014-04-20T08:58:55Z,,
,0,106,7.1193519,51.0580441,2014-04-20T08:58:56Z,,
,0,107,7.119397,51.0580659,2014-04-20T08:58:57Z,,
,0,108,7.1194418,51.0580869,2014-04-20T08:58:58Z,,
,0,109,7.1194843,51.0581084,2014-04-20T08:58:59Z,,
,0,110,7.1195287,51.0581317,2014-04-20T08:59:00Z,,
,0,111,7.1195718,51.0581563,2014-04-20T08:59:01Z,,
,0,112,7.119609,51.0581838,2014-04-20T08:59:02Z,,
,0,113,7.1196487,51.0582117,2014-04-20T08:59:03Z,,
,0,114,7.1196919,51.0582404,2014-04-20T08:59:04Z,,
,0,115,7.1197338,51.0582649,2014-04-20T08:59:05Z,,
,0,116,7.1197757,51.0582925,2014-04-20T08:59:06Z,,
,0,117,7.1198154,51.0583207,2014-04-20T08:59:07Z,,
,0,118,7.1198512,51.0583515,2014-04-20T08:59:08Z,,
,0,119,7.1198901,51.058383,2014-04-20T08:59:09Z,,
,0,120,7.1199354,51.0584139,2014-04-20T08:59:10Z,,
,0,121,7.1199757,51.0584465,2014-04-20T08:59:11Z,,
,0,122,7.120017,51.0584837,2014-04-20T08:59:12Z,,
,0,123,7.1200575,51.0585205,2014-04-20T08:59:13Z,,
,0,124,7.1201057,51.0585558,2014-04-20T08:59:14Z,,
,0,125,7.120155,51.0585909,2014-04-20T08:59:15Z,,
,0,126,7.1202031,51.0586271,2014-04-20T08:59:16Z,,
,0,127,7.1202519,51.0586675,2014-04-20T08:59:17Z,,
,0,128,7.1203021,51.0587044,2014-04-20T08:59:18Z,,
,0,129,7.1203462,51.0587459,2014-04-20T08:59:19Z,,
,0,130,7.1203838,51.0587867,2014-04-20T08:59:20Z,,
,0,131,7.120423,51.058826,2014-04-20T08:59:21Z,,
,0,132,7.1204623,51.0588677,2014-04-20T08:59:22Z,,
,0,133,7.1204996,51.0589103,2014-04-20T08:59:23Z,,
,0,134,7.1205276,51.0589556,2014-04-20T08:59:24Z,,
,0,135,7.1205507,51.0590016,2014-04-20T08:59:25Z,,
,0,136,7.1205745,51.0590465,2014-04-20T08:59:26Z,,
,0,137,7.1205977,51.0590932,2014-04-20T08:59:27Z,,
,0,138,7.1206226,51.0591375,2014-04-20T08:59:28Z,,
,0,139,7.1206496,51.0591804,2014-04-20T08:59:29Z,,
,0,140,7.1206733,51.0592201,2014-04-20T08:59:30Z,,
,0,141,7.1206906,51.0592615,2014-04-20T08:59:31Z,,
,0,142,7.1207123,51.0593021,2014-04-20T08:59:32Z,,
,0,143,7.1207362,51.0593417,2014-04-20T08:59:33Z,,
,0,144,7.1207558,51.059381,2014-04-20T08:59:34Z,,
,0,145,7.1207772,51.0594179,2014-04-20T08:59:35Z,,
,0,146,7.1207989,51.0594551,2014-04-20T08:59:36Z,,
,0,147,7.1208201,51.059496,2014-04-20T08:59:37Z,,
,0,148,7.1208396,51.0595389,2014-04-20T08:59:38Z,,
,0,149,7.120858,51.0595834,2014-04-20T08:59:39Z,,
,0,150,7.1208834,51.059629,2014-04-20T08:59:40Z,,
,0,151,7.1209127,51.0596755,2014-04-20T08:59:41Z,,
,0,152,7.120939,51.059719,2014-04-20T08:59:42Z,,
,0,153,7.1209632,51.0597618,2014-04-20T08:59:43Z,,
,0,154,7.1209859,51.0598032,2014-04-20T08:59:44Z,,
,0,155,7.1210083,51.059844,2014-04-20T08:59:45Z,,
,0,156,7.1210286,51.0598823,2014-04-20T08:59:46Z,,
,0,157,7.1210471,51.0599206,2014-04-20T08:59:47Z,,
,0,158,7.1210661,51.0599576,2014-04-20T08:59:48Z,,
,0,159,7.1210846,51.0599985,2014-04-20T08:59:49Z,,
,0,160,7.1211025,51.0600359,2014-04-20T08:59:50Z,,
,0,161,7.12111,51.0600729,2014-04-20T08:59:51Z,,
,0,162,7.1211137,51.0601095,2014-04-20T08:59:52Z,,
,0,163,7.1211166,51.060148,2014-04-20T08:59:53Z,,
,0,164,7.121108,51.0601852,2014-04-20T08:59:54Z,,
,0,165,7.1210909,51.0602204,2014-04-20T08:59:55Z,,
,0,166,7.1210657,51.0602549,2014-04-20T08:59:56Z,,
,0,167,7.1210326,51.0602907,2014-04-20T08:59:57Z,,
,0,168,7.1210009,51.0603221,2014-04-20T08:59:58Z,,
,0,169,7.1209719,51.0603561,2014-04-20T08:59:59Z,,
,0,170,7.1209443,51.0603896,2014-04-20T09:00:00Z,,
,0,171,7.1209159,51.0604252,2014-04-20T09:00:01Z,,
,0,172,7.1208906,51.060462,2014-04-20T09:00:02Z,,
,0,173,7.1208621,51.0604944,2014-04-20T09:00:03Z,,
,0,174,7.120836,51.060527,2014-04-20T09:00:04Z,,
,0,175,7.1208091,51.0605635,2014-04-20T09:00:05Z,,
,0,176,7.1207776,51.0605965,2014-04-20T09:00:06Z,,
,0,177,7.1207465,51.0606267,2014-04-20T09:00:07Z,,
,0,178,7.1207274,51.0606602,2014-04-20T09:00:08Z,,
,0,179,7.1207047,51.0606909,2014-04-20T09:00:09Z,,
,0,180,7.1206836,51.0607205,2014-04-20T09:00:10Z,,
,0,181,7.120673,51.0607482,2014-04-20T09:00:11Z,,
,0,182,7.120659,51.0607774,2014-04-20T09:00:12Z,,
,0,183,7.1206413,51.0608022,2014-04-20T09:00:13Z,,
,0,184,7.1206219,51.0608246,2014-04-20T09:00:14Z,,
,0,185,7.1206094,51.0608447,2014-04-20T09:00:15Z,,
,0,186,7.1205988,51.0608655,2014-04-20T09:00:16Z,,
,0,187,7.1205895,51.0608908,2014-04-20T09:00:17Z,,
,0,188,7.1205808,51.0609173,2014-04-20T09:00:18Z,,
,0,189,7.12057,51.0609471,2014-04-20T09:00:19Z,,
,0,190,7.1205556,51.060969,2014-04-20T09:00:20Z,,
,0,191,7.1205494,51.0609942,2014-04-20T09:00:21Z,,
,0,192,7.1205457,51.0610187,2014-04-20T09:00:22Z,,
,0,193,7.1205367,51.0610416,2014-04-20T09:00:23Z,,
,0,194,7.120525,51.0610636,2014-04-20T09:00:24Z,,
,0,195,7.1205134,51.0610862,2014-04-20T09:00:25Z,,
,0,196,7.1205076,51.0611094,2014-04-20T09:00:26Z,,
,0,197,7.1205041,51.0611344,2014-04-20T09:00:27Z,,
,0,198,7.120498,51.061155,2014-04-20T09:00:28Z,,
,0,199,7.1205047,51.0611764,2014-04-20T09:00:29Z,,
,0,200,7.1205238,51.0611946,2014-04-20T09:00:30Z,,
,0,201,7.1205474,51.0612099,2014-04-20T09:00:31Z,,
,0,202,7.1205674,51.0612245,2014-04-20T09:00:32Z,,
,0,203,7.1205868,51.0612387,2014-04-20T09:00:33Z,,
,0,204,7.1206022,51.0612572,2014-04-20T09:00:34Z,,
,0,205,7.1206172,51.0612819,2014-04-20T09:00:35Z,,
,0,206,7.1206267,51.0613078,2014-04-20T09:00:36Z,,
,0,207,7.1206475,51.0613308,2014-04-20T09:00:37Z,,
,0,208,7.1206605,51.0613541,2014-04-20T09:00:38Z,,
,0,209,7.1206757,51.0613811,2014-04-20T09:00:39Z,,
,0,210,7.1206923,51.0614114,2014-04-20T09:00:40Z,,
,0,211,7.1207148,51.0614426,2014-04-20T09:00:41Z,,
,0,212,7.1207406,51.0614717,2014-04-20T09:00:42Z,,
,0,213,7.1207697,51.061498,2014-04-20T09:00:43Z,,
,0,214,7.1207943,51.0615249,2014-04-20T09:00:44Z,,
,0,215,7.1208216,51.0615516,2014-04-20T09:00:45Z,,
,0,216,7.1208513,51.0615784,2014-04-20T09:00:46Z,,
,0,217,7.1208816,51.0616033,2014-04-20T09:00:47Z,,
,0,218,7.1209071,51.0616312,2014-04-20T09:00:48Z,,
,0,219,7.120936,51.0616583,2014-04-20T09:00:49Z,,
,0,220,7.1209662,51.061686,2014-04-20T09:00:50Z,,
,0,221,7.1209941,51.0617121,2014-04-20T09:00:51Z,,
,0,222,7.1210234,51.0617385,2014-04-20T09:00:52Z,,
,0,223,7.1210501,51.0617624,2014-04-20T09:00:53Z,,
,0,224,7.1210767,51.0617887,2014-04-20T09:00:54Z,,
,0,225,7.121104,51.0618165,2014-04-20T09:00:55Z,,
,0,226,7.1211312,51.0618442,2014-04-20T09:00:56Z,,
,0,227,7.12116,51.0618735,2014-04-20T09:00:57Z,,
,0,228,7.1211884,51.0619012,2014-04-20T09:00:58Z,,
,0,229,7.1212167,51.0619307,2014-04-20T09:00:59Z,,
,0,230,7.1212415,51.0619594,2014-04-20T09:01:00Z,,
,0,231,7.1212675,51.0619843,2014-04-20T09:01:01Z,,
,0,232,7.1212952,51.0620093,2014-04-20T09:01:02Z,,
,0,233,7.121316,51.0620379,2014-04-20T09:01:03Z,,
,0,234,7.1213396,51.0620649,2014-04-20T09:01:04Z,,
,0,235,7.121364,51.0620942,2014-04-20T09:01:05Z,,
,0,236,7.1213925,51.0621216,2014-04-20T09:01:06Z,,
,0,237,7.1214146,51.0621496,2014-04-20T09:01:07Z,,
,0,238,7.121438,51.0621763,2014-04-20T09:01:08Z,,
,0,239,7.1214625,51.0622061,2014-04-20T09:01:09Z,,
,0,240,7.1214857,51.0622342,2014-04-20T09:01:10Z,,
,0,241,7.1215115,51.0622601,2014-04-20T09:01:11Z,,
,0,242,7.1215364,51.0622879,2014-04-20T09:01:12Z,,
,0,243,7.1215593,51.0623148,2014-04-20T09:01:13Z,,
,0,244,7.1215844,51.0623404,2014-04-20T09:01:14Z,,
,0,245,7.1216075,51.0623668,2014-04-20T09:01:15Z,,
,0,246,7.1216311,51.0623931,2014-04-20T09:01:16Z,,
,0,247,7.1216555,51.0624203,2014-04-20T09:01:17Z,,
,0,248,7.1216805,51.0624469,2014-04-20T09:01:18Z,,
,0,249,7.1217052,51.0624729,2014-04-20T09:01:19Z,,
,0,250,7.1217324,51.0625017,2014-04-20T09:01:20Z,,
,0,251,7.1217567,51.0625306,2014-04-20T09:01:21Z,,
,0,252,7.1217789,51.0625607,2014-04-20T09:01:22Z,,
,0,253,7.1218081,51.0625874,2014-04-20T09:01:23Z,,
,0,254,7.121833,51.0626151,2014-04-20T09:01:24Z,,
,0,255,7.1218571,51.0626425,2014-04-20T09:01:25Z,,
,0,256,7.1218841,51.0626687,2014-04-20T09:01:26Z,,
,0,257,7.1219108,51.0626948,2014-04-20T09:01:27Z,,
,0,258,7.1219365,51.0627208,2014-04-20T09:01:28Z,,
,0,259,7.1219625,51.0627474,2014-04-20T09:01:29Z,,
,0,260,7.1219853,51.0627748,2014-04-20T09:01:30Z,,
,0,261,7.1220031,51.0628015,2014-04-20T09:01:31Z,,
,0,262,7.1220246,51.0628292,2014-04-20T09:01:32Z,,
,0,263,7.1220501,51.0628538,2014-04-20T09:01:33Z,,
,0,264,7.122078,51.0628798,2014-04-20T09:01:34Z,,
,0,265,7.1221011,51.0629078,2014-04-20T09:01:35Z,,
,0,266,7.122124,51.0629375,2014-04-20T09:01:36Z,,
,0,267,7.1221489,51.0629678,2014-04-20T09:01:37Z,,
,0,268,7.1221704,51.0629959,2014-04-20T09:01:38Z,,
,0,269,7.1221869,51.0630173,2014-04-20T09:01:39Z,,
,0,270,7.1222032,51.0630352,2014-04-20T09:01:40Z,,
,0,271,7.1222274,51.0630549,2014-04-20T09:01:41Z,,
,0,272,7.1222502,51.0630799,2014-04-20T09:01:42Z,,
,0,273,7.1222672,51.0631042,2014-04-20T09:01:43Z,,
,0,274,7.1222767,51.0631316,2014-04-20T09:01:44Z,,
,0,275,7.1222817,51.063162,2014-04-20T09:01:45Z,,
,0,276,7.1222866,51.0631968,2014-04-20T09:01:46Z,,
,0,277,7.1222949,51.0632342,2014-04-20T09:01:47Z,,
,0,278,7.1223019,51.0632736,2014-04-20T09:01:48Z,,
,0,279,7.1223102,51.0633108,2014-04-20T09:01:49Z,,
,0,280,7.1223244,51.0633465,2014-04-20T09:01:50Z,,
,0,281,7.1223309,51.0633789,2014-04-20T09:01:51Z,,
,0,282,7.1223402,51.0634116,2014-04-20T09:01:52Z,,
,0,283,7.1223533,51.0634428,2014-04-20T09:01:53Z,,
,0,284,7.1223721,51.0634763,2014-04-20T09:01:54Z,,
,0,285,7.1223878,51.0635129,2014-04-20T09:01:55Z,,
,0,286,7.1223994,51.0635462,2014-04-20T09:01:56Z,,
,0,287,7.1224119,51.0635793,2014-04-20T09:01:57Z,,
,0,288,7.1224187,51.0636094,2014-04-20T09:01:58Z,,
,0,289,7.1224197,51.0636416,2014-04-20T09:01:59Z,,
,0,290,7.122419,51.0636759,2014-04-20T09:02:00Z,,
,0,291,7.1224172,51.0637111,2014-04-20T09:02:01Z,,
,0,292,7.1224147,51.0637471,2014-04-20T09:02:02Z,,
,0,293,7.1224104,51.0637832,2014-04-20T09:02:03Z,,
,0,294,7.1223988,51.0638202,2014-04-20T09:02:04Z,,
,0,295,7.1223917,51.0638556,2014-04-20T09:02:05Z,,
,0,296,7.1223866,51.0638925,2014-04-20T09:02:06Z,,
,0,297,7.1223793,51.0639321,2014-04-20T09:02:07Z,,
,0,298,7.1223689,51.0639668,2014-04-20T09:02:08Z,,
,0,299,7.1223642,51.0639977,2014-04-20T09:02:09Z,,
,0,300,7.1223555,51.0640295,2014-04-20T09:02:10Z,,
,0,301,7.1223414,51.0640642,2014-04-20T09:02:11Z,,
,0,302,7.1223177,51.0641049,2014-04-20T09:02:12Z,,
,0,303,7.1222871,51.0641473,2014-04-20T09:02:13Z,,
,0,304,7.1222568,51.0641885,2014-04-20T09:02:14Z,,
,0,305,7.1222212,51.0642331,2014-04-20T09:02:15Z,,
,0,306,7.122182,51.0642788,2014-04-20T09:02:16Z,,
,0,307,7.1221384,51.0643276,2014-04-20T09:02:17Z,,
,0,308,7.1220904,51.0643822,2014-04-20T09:02:18Z,,
,0,309,7.1220424,51.0644357,2014-04-20T09:02:19Z,,
,0,310,7.1220007,51.0644843,2014-04-20T09:02:20Z,,
,0,311,7.1219602,51.0645262,2014-04-20T09:02:21Z,,
,0,312,7.1219238,51.0645592,2014-04-20T09:02:22Z,,
,0,313,7.1218801,51.0645837,2014-04-20T09:02:23Z,,
,0,314,7.1218472,51.0646168,2014-04-20T09:02:24Z,,
,0,315,7.1218234,51.0646561,2014-04-20T09:02:25Z,,
,0,316,7.1217986,51.0646955,2014-04-20T09:02:26Z,,
,0,317,7.1217622,51.0647351,2014-04-20T09:02:27Z,,
,0,318,7.1217278,51.0647735,2014-04-20T09:02:28Z,,
,0,319,7.1216868,51.0648117,2014-04-20T09:02:29Z,,
,0,320,7.121646,51.0648477,2014-04-20T09:02:30Z,,
,0,321,7.1216192,51.0648888,2014-04-20T09:02:31Z,,
,0,322,7.1215874,51.0649334,2014-04-20T09:02:32Z,,
,0,323,7.121552,51.0649858,2014-04-20T09:02:33Z,,
,0,324,7.1215171,51.0650458,2014-04-20T09:02:34Z,,
,0,325,7.121491,51.0651066,2014-04-20T09:02:35Z,,
,0,326,7.1214674,51.0651663,2014-04-20T09:02:36Z,,
,0,327,7.1214454,51.0652241,2014-04-20T09:02:37Z,,
,0,328,7.1214275,51.0652823,2014-04-20T09:02:38Z,,
,0,329,7.1214157,51.0653391,2014-04-20T09:02:39Z,,
,0,330,7.1214067,51.0653944,2014-04-20T09:02:40Z,,
,0,331,7.1214002,51.0654459,2014-04-20T09:02:41Z,,
,0,332,7.1214036,51.0654966,2014-04-20T09:02:42Z,,
,0,333,7.1214057,51.0655423,2014-04-20T09:02:43Z,,
,0,334,7.1214098,51.0655879,2014-04-20T09:02:44Z,,
,0,335,7.1214137,51.0656332,2014-04-20T09:02:45Z,,
,0,336,7.1214242,51.0656688,2014-04-20T09:02:46Z,,
,0,337,7.1214371,51.0657059,2014-04-20T09:02:47Z,,
,0,338,7.1214501,51.0657421,2014-04-20T09:02:48Z,,
,0,339,7.1214643,51.065779,2014-04-20T09:02:49Z,,
,0,340,7.121475,51.0658152,2014-04-20T09:02:50Z,,
,0,341,7.1214909,51.0658516,2014-04-20T09:02:51Z,,
,0,342,7.1215057,51.0658876,2014-04-20T09:02:52Z,,
,0,343,7.1215182,51.065927,2014-04-20T09:02:53Z,,
,0,344,7.1215309,51.065964,2014-04-20T09:02:54Z,,
,0,345,7.1215438,51.0659995,2014-04-20T09:02:55Z,,
,0,346,7.1215567,51.066031,2014-04-20T09:02:56Z,,
,0,347,7.121571,51.0660625,2014-04-20T09:02:57Z,,
,0,348,7.121604,51.0660893,2014-04-20T09:02:58Z,,
,0,349,7.1216515,51.0661138,2014-04-20T09:02:59Z,,
,0,350,7.1217056,51.0661471,2014-04-20T09:03:00Z,,
,0,351,7.1217354,51.0661949,2014-04-20T09:03:01Z,,
,0,352,7.121764,51.0662485,2014-04-20T09:03:02Z,,
,0,353,7.1218024,51.0663033,2014-04-20T09:03:03Z,,
,0,354,7.1218331,51.0663565,2014-04-20T09:03:04Z,,
,0,355,7.1218606,51.0664074,2014-04-20T09:03:05Z,,
,0,356,7.1218825,51.0664553,2014-04-20T09:03:06Z,,
,0,357,7.1219027,51.0664959,2014-04-20T09:03:07Z,,
,0,358,7.1219252,51.0665335,2014-04-20T09:03:08Z,,
,0,359,7.1219461,51.0665706,2014-04-20T09:03:09Z,,
,0,360,7.1219618,51.0666102,2014-04-20T09:03:10Z,,
,0,361,7.1219803,51.0666504,2014-04-20T09:03:11Z,,
,0,362,7.1220006,51.0666952,2014-04-20T09:03:12Z,,
,0,363,7.1220183,51.0667391,2014-04-20T09:03:13Z,,
,0,364,7.1220345,51.0667796,2014-04-20T09:03:14Z,,
,0,365,7.1220494,51.066821,2014-04-20T09:03:15Z,,
,0,366,7.1220638,51.0668611,2014-04-20T09:03:16Z,,
,0,367,7.1220735,51.0668972,2014-04-20T09:03:17Z,,
,0,368,7.1220866,51.0669334,2014-04-20T09:03:18Z,,
,0,369,7.1221027,51.0669744,2014-04-20T09:03:19Z,,
,0,370,7.1221109,51.067015,2014-04-20T09:03:20Z,,
,0,371,7.1221099,51.0670567,2014-04-20T09:03:21Z,,
,0,372,7.1221128,51.0671014,2014-04-20T09:03:22Z,,
,0,373,7.1221227,51.0671453,2014-04-20T09:03:23Z,,
,0,374,7.1221296,51.0671882,2014-04-20T09:03:24Z,,
,0,375,7.1221334,51.0672292,2014-04-20T09:03:25Z,,
,0,376,7.1221248,51.0672692,2014-04-20T09:03:26Z,,
,0,377,7.1221119,51.0673104,2014-04-20T09:03:27Z,,
,0,378,7.1220903,51.0673502,2014-04-20T09:03:28Z,,
,0,379,7.1220545,51.0673857,2014-04-20T09:03:29Z,,
,0,380,7.1220236,51.0674242,2014-04-20T09:03:30Z,,
,0,381,7.1219918,51.0674635,2014-04-20T09:03:31Z,,
,0,382,7.1219571,51.0675032,2014-04-20T09:03:32Z,,
,0,383,7.1219203,51.0675431,2014-04-20T09:03:33Z,,
,0,384,7.1218799,51.0675833,2014-04-20T09:03:34Z,,
,0,385,7.1218421,51.0676232,2014-04-20T09:03:35Z,,
,0,386,7.1218084,51.0676671,2014-04-20T09:03:36Z,,
,0,387,7.121793,51.0677168,2014-04-20T09:03:37Z,,
,0,388,7.1218018,51.067768,2014-04-20T09:03:38Z,,
,0,389,7.1218235,51.0678193,2014-04-20T09:03:39Z,,
,0,390,7.1218501,51.0678715,2014-04-20T09:03:40Z,,
,0,391,7.1218837,51.0679253,2014-04-20T09:03:41Z,,
,0,392,7.1219268,51.0679803,2014-04-20T09:03:42Z,,
,0,393,7.1219659,51.0680308,2014-04-20T09:03:43Z,,
,0,394,7.1220053,51.0680794,2014-04-20T09:03:44Z,,
,0,395,7.1220429,51.0681253,2014-04-20T09:03:45Z,,
,0,396,7.1220733,51.0681686,2014-04-20T09:03:46Z,,
,0,397,7.1221037,51.0682087,2014-04-20T09:03:47Z,,
,0,398,7.1221272,51.0682468,2014-04-20T09:03:48Z,,
,0,399,7.1221567,51.068287,2014-04-20T09:03:49Z,,
,0,400,7.1221789,51.0683277,2014-04-20T09:03:50Z,,
,0,401,7.1222037,51.0683698,2014-04-20T09:03:51Z,,
,0,402,7.1222312,51.0684112,2014-04-20T09:03:52Z,,
,0,403,7.12226,51.0684519,2014-04-20T09:03:53Z,,
,0,404,7.1222916,51.0684908,2014-04-20T09:03:54Z,,
,0,405,7.122323,51.0685293,2014-04-20T09:03:55Z,,
,0,406,7.1223565,51.0685685,2014-04-20T09:03:56Z,,
,0,407,7.122385,51.0686118,2014-04-20T09:03:57Z,,
,0,408,7.1224176,51.0686517,2014-04-20T09:03:58Z,,
,0,409,7.1224529,51.0686905,2014-04-20T09:03:59Z,,
,0,410,7.1224884,51.0687268,2014-04-20T09:04:00Z,,
,0,411,7.1225229,51.068763,2014-04-20T09:04:01Z,,
,0,412,7.1225544,51.0688005,2014-04-20T09:04:02Z,,
,0,413,7.1225833,51.0688398,2014-04-20T09:04:03Z,,
,0,414,7.1226207,51.0688822,2014-04-20T09:04:04Z,,
,0,415,7.1226554,51.0689224,2014-04-20T09:04:05Z,,
,0,416,7.122687,51.0689653,2014-04-20T09:04:06Z,,
,0,417,7.1227223,51.069009,2014-04-20T09:04:07Z,,
,0,418,7.1227575,51.0690542,2014-04-20T09:04:08Z,,
,0,419,7.1227915,51.0690964,2014-04-20T09:04:09Z,,
,0,420,7.1228278,51.0691418,2014-04-20T09:04:10Z,,
,0,421,7.1228619,51.0691841,2014-04-20T09:04:11Z,,
,0,422,7.122897,51.0692228,2014-04-20T09:04:12Z,,
,0,423,7.1229328,51.0692627,2014-04-20T09:04:13Z,,
,0,424,7.1229674,51.0693042,2014-04-20T09:04:14Z,,
,0,425,7.1230051,51.0693479,2014-04-20T09:04:15Z,,
,0,426,7.1230412,51.0693898,2014-04-20T09:04:16Z,,
,0,427,7.1230796,51.0694317,2014-04-20T09:04:17Z,,
,0,428,7.1231197,51.0694651,2014-04-20T09:04:18Z,,
,0,429,7.1231585,51.0694953,2014-04-20T09:04:19Z,,
,0,430,7.1232002,51.0695275,2014-04-20T09:04:20Z,,
,0,431,7.1232432,51.0695603,2014-04-20T09:04:21Z,,
,0,432,7.1232821,51.0695954,2014-04-20T09:04:22Z,,
,0,433,7.1233195,51.0696275,2014-04-20T09:04:23Z,,
,0,434,7.1233579,51.0696569,2014-04-20T09:04:24Z,,
,0,435,7.1233968,51.0696846,2014-04-20T09:04:25Z,,
,0,436,7.1234353,51.06971,2014-04-20T09:04:26Z,,
,0,437,7.1234821,51.0697366,2014-04-20T09:04:27Z,,
,0,438,7.1235242,51.0697654,2014-04-20T09:04:28Z,,
,0,439,7.1235606,51.0697973,2014-04-20T09:04:29Z,,
,0,440,7.1235965,51.0698296,2014-04-20T09:04:30Z,,
,0,441,7.1236428,51.0698613,2014-04-20T09:04:31Z,,
,0,442,7.1236858,51.0698899,2014-04-20T09:04:32Z,,
,0,443,7.1237261,51.0699192,2014-04-20T09:04:33Z,,
,0,444,7.1237559,51.0699536,2014-04-20T09:04:34Z,,
,0,445,7.1237849,51.069988,2014-04-20T09:04:35Z,,
,0,446,7.123823,51.0700166,2014-04-20T09:04:36Z,,
,0,447,7.1238598,51.0700468,2014-04-20T09:04:37Z,,
,0,448,7.1239012,51.0700752,2014-04-20T09:04:38Z,,
,0,449,7.1239412,51.0701039,2014-04-20T09:04:39Z,,
,0,450,7.1239784,51.0701359,2014-04-20T09:04:40Z,,
,0,451,7.1240222,51.070165,2014-04-20T09:04:41Z,,
,0,452,7.1240657,51.0701967,2014-04-20T09:04:42Z,,
,0,453,7.1241043,51.0702257,2014-04-20T09:04:43Z,,
,0,454,7.124142,51.0702517,2014-04-20T09:04:44Z,,
,0,455,7.1241755,51.0702793,2014-04-20T09:04:45Z,,
,0,456,7.1242152,51.0703044,2014-04-20T09:04:46Z,,
,0,457,7.1242533,51.0703304,2014-04-20T09:04:47Z,,
,0,458,7.1242882,51.0703575,2014-04-20T09:04:48Z,,
,0,459,7.1243228,51.0703842,2014-04-20T09:04:49Z,,
,0,460,7.1243591,51.0704123,2014-04-20T09:04:50Z,,
,0,461,7.1243975,51.0704376,2014-04-20T09:04:51Z,,
,0,462,7.1244345,51.0704644,2014-04-20T09:04:52Z,,
,0,463,7.1244708,51.0704922,2014-04-20T09:04:53Z,,
,0,464,7.1245043,51.0705196,2014-04-20T09:04:54Z,,
,0,465,7.12454,51.0705471,2014-04-20T09:04:55Z,,
,0,466,7.1245748,51.070574,2014-04-20T09:04:56Z,,
,0,467,7.1246117,51.0706043,2014-04-20T09:04:57Z,,
,0,468,7.12465,51.0706316,2014-04-20T09:04:58Z,,
,0,469,7.1246908,51.070659,2014-04-20T09:04:59Z,,
,0,470,7.1247277,51.0706859,2014-04-20T09:05:00Z,,
,0,471,7.1247572,51.0707136,2014-04-20T09:05:01Z,,
,0,472,7.1247934,51.0707387,2014-04-20T09:05:02Z,,
,0,473,7.1248305,51.0707633,2014-04-20T09:05:03Z,,
,0,474,7.1248692,51.0707883,2014-04-20T09:05:04Z,,
,0,475,7.1249075,51.0708159,2014-04-20T09:05:05Z,,
,0,476,7.1249436,51.0708432,2014-04-20T09:05:06Z,,
,0,477,7.1249839,51.0708684,2014-04-20T09:05:07Z,,
,0,478,7.1250248,51.0708948,2014-04-20T09:05:08Z,,
,0,479,7.1250645,51.0709231,2014-04-20T09:05:09Z,,
,0,480,7.1251052,51.0709541,2014-04-20T09:05:10Z,,
,0,481,7.1251493,51.0709853,2014-04-20T09:05:11Z,,
,0,482,7.1251958,51.0710148,2014-04-20T09:05:12Z,,
,0,483,7.1252409,51.0710468,2014-04-20T09:05:13Z,,
,0,484,7.1252844,51.0710763,2014-04-20T09:05:14Z,,
,0,485,7.1253252,51.0711066,2014-04-20T09:05:15Z,,
,0,486,7.1253682,51.0711383,2014-04-20T09:05:16Z,,
,0,487,7.1254117,51.0711682,2014-04-20T09:05:17Z,,
,0,488,7.1254527,51.0711998,2014-04-20T09:05:18Z,,
,0,489,7.1254946,51.0712336,2014-04-20T09:05:19Z,,
,0,490,7.1255417,51.0712692,2014-04-20T09:05:20Z,,
,0,491,7.1255873,51.0713013,2014-04-20T09:05:21Z,,
,0,492,7.1256355,51.0713314,2014-04-20T09:05:22Z,,
,0,493,7.1256849,51.0713647,2014-04-20T09:05:23Z,,
,0,494,7.1257334,51.0714014,2014-04-20T09:05:24Z,,
,0,495,7.1257823,51.0714368,2014-04-20T09:05:25Z,,
,0,496,7.1258329,51.0714722,2014-04-20T09:05:26Z,,
,0,497,7.1258842,51.0715057,2014-04-20T09:05:27Z,,
,0,498,7.1259366,51.0715398,2014-04-20T09:05:28Z,,
,0,499,7.1259851,51.0715715,2014-04-20T09:05:29Z,,
,0,500,7.1260276,51.0716049,2014-04-20T09:05:30Z,,
,0,501,7.1260695,51.0716362,2014-04-20T09:05:31Z,,
,0,502,7.1261116,51.071667,2014-04-20T09:05:32Z,,
,0,503,7.1261607,51.0716934,2014-04-20T09:05:33Z,,
,0,504,7.1262036,51.0717186,2014-04-20T09:05:34Z,,
,0,505,7.1262511,51.0717466,2014-04-20T09:05:35Z,,
,0,506,7.126302,51.0717738,2014-04-20T09:05:36Z,,
,0,507,7.1263561,51.0718027,2014-04-20T09:05:37Z,,
,0,508,7.1264055,51.0718322,2014-04-20T09:05:38Z,,
,0,509,7.1264548,51.0718597,2014-04-20T09:05:39Z,,
,0,510,7.1264978,51.0718885,2014-04-20T09:05:40Z,,
,0,511,7.1265345,51.0719165,2014-04-20T09:05:41Z,,
,0,512,7.126573,51.0719473,2014-04-20T09:05:42Z,,
,0,513,7.1266146,51.0719817,2014-04-20T09:05:43Z,,
,0,514,7.1266532,51.0720133,2014-04-20T09:05:44Z,,
,0,515,7.1266915,51.0720508,2014-04-20T09:05:45Z,,
,0,516,7.1267348,51.0720851,2014-04-20T09:05:46Z,,
,0,517,7.1267825,51.0721203,2014-04-20T09:05:47Z,,
,0,518,7.1268248,51.0721559,2014-04-20T09:05:48Z,,
,0,519,7.1268699,51.07219,2014-04-20T09:05:49Z,,
,0,520,7.1269154,51.0722244,2014-04-20T09:05:50Z,,
,0,521,7.1269513,51.0722606,2014-04-20T09:05:51Z,,
,0,522,7.126983,51.0722949,2014-04-20T09:05:52Z,,
,0,523,7.127013,51.072329,2014-04-20T09:05:53Z,,
,0,524,7.1270375,51.0723615,2014-04-20T09:05:54Z,,
,0,525,7.1270614,51.0723948,2014-04-20T09:05:55Z,,
,0,526,7.1270817,51.0724233,2014-04-20T09:05:56Z,,
,0,527,7.1271055,51.0724502,2014-04-20T09:05:57Z,,
,0,528,7.1271267,51.0724739,2014-04-20T09:05:58Z,,
,0,529,7.1271414,51.0724968,2014-04-20T09:05:59Z,,
,0,530,7.1271563,51.0725182,2014-04-20T09:06:00Z,,
,0,531,7.1271931,51.0725281,2014-04-20T09:06:01Z,,
,0,532,7.1272239,51.0725159,2014-04-20T09:06:02Z,,
,0,533,7.1272629,51.0725023,2014-04-20T09:06:03Z,,
,0,534,7.1273029,51.0724881,2014-04-20T09:06:04Z,,
,0,535,7.1273483,51.0724697,2014-04-20T09:06:05Z,,
,0,536,7.1273963,51.0724529,2014-04-20T09:06:06Z,,
,0,537,7.1274373,51.0724337,2014-04-20T09:06:07Z,,
,0,538,7.1274788,51.072415,2014-04-20T09:06:08Z,,
,0,539,7.1275112,51.0723972,2014-04-20T09:06:09Z,,
,0,540,7.1275392,51.0723904,2014-04-20T09:06:10Z,,
,0,541,7.1275713,51.0723746,2014-04-20T09:06:11Z,,
,0,542,7.1276019,51.0723622,2014-04-20T09:06:12Z,,
,0,543,7.1276258,51.0723502,2014-04-20T09:06:13Z,,
,0,544,7.1276471,51.0723367,2014-04-20T09:06:14Z,,
,0,545,7.1276753,51.0723226,2014-04-20T09:06:15Z,,
,0,546,7.127706,51.0723138,2014-04-20T09:06:16Z,,
,0,547,7.1277371,51.0723057,2014-04-20T09:06:17Z,,
,0,548,7.1277745,51.0722912,2014-04-20T09:06:18Z,,
,0,549,7.127827,51.07227,2014-04-20T09:06:19Z,,
,0,550,7.1278695,51.0722425,2014-04-20T09:06:20Z,,
,0,551,7.1278975,51.0722151,2014-04-20T09:06:21Z,,
,0,552,7.1279267,51.0721919,2014-04-20T09:06:22Z,,
,0,553,7.1279573,51.0721748,2014-04-20T09:06:23Z,,
,0,554,7.1279862,51.0721588,2014-04-20T09:06:24Z,,
,0,555,7.1280155,51.0721398,2014-04-20T09:06:25Z,,
,0,556,7.1280447,51.072118,2014-04-20T09:06:26Z,,
,0,557,7.1280695,51.0721021,2014-04-20T09:06:27Z,,
,0,558,7.1280883,51.0720901,2014-04-20T09:06:28Z,,
,0,559,7.1281051,51.0720819,2014-04-20T09:06:29Z,,
,0,560,7.1281258,51.0720771,2014-04-20T09:06:30Z,,
,0,561,7.1281344,51.0720739,2014-04-20T09:06:31Z,,
,0,562,7.1281513,51.0720701,2014-04-20T09:06:32Z,,
,0,563,7.1281513,51.0720701,2014-04-20T09:06:33Z,,
,0,564,7.1281901,51.0720582,2014-04-20T09:07:00Z,,
,0,565,7.1282396,51.0720394,2014-04-20T09:07:01Z,,
,0,566,7.1283033,51.0720151,2014-04-20T09:07:02Z,,
,0,567,7.1283649,51.071984,2014-04-20T09:07:03Z,,
,0,568,7.1284306,51.071954,2014-04-20T09:07:04Z,,
,0,569,7.1284941,51.0719287,2014-04-20T09:07:05Z,,
,0,570,7.1285518,51.0719011,2014-04-20T09:07:06Z,,
,0,571,7.1286045,51.0718708,2014-04-20T09:07:07Z,,
,0,572,7.1286482,51.0718437,2014-04-20T09:07:08Z,,
,0,573,7.1286842,51.0718224,2014-04-20T09:07:09Z,,
,0,574,7.1287241,51.0717997,2014-04-20T09:07:10Z,,
,0,575,7.1287539,51.0717815,2014-04-20T09:07:11Z,,
,0,576,7.1287877,51.0717649,2014-04-20T09:07:12Z,,
,0,577,7.1288407,51.0717507,2014-04-20T09:07:13Z,,
,0,578,7.1289026,51.0717372,2014-04-20T09:07:14Z,,
,0,579,7.12896,51.0717184,2014-04-20T09:07:15Z,,
,0,580,7.1290251,51.071703,2014-04-20T09:07:16Z,,
,0,581,7.1290816,51.0716857,2014-04-20T09:07:17Z,,
,0,582,7.1291302,51.0716554,2014-04-20T09:07:18Z,,
,0,583,7.1291717,51.0716225,2014-04-20T09:07:19Z,,
,0,584,7.129199,51.0715914,2014-04-20T09:07:20Z,,
,0,585,7.12923,51.0715616,2014-04-20T09:07:21Z,,
,0,586,7.1292838,51.0715204,2014-04-20T09:07:22Z,,
,0,587,7.1293528,51.0714731,2014-04-20T09:07:23Z,,
,0,588,7.1294222,51.071434,2014-04-20T09:07:24Z,,
,0,589,7.1294883,51.0713966,2014-04-20T09:07:25Z,,
,0,590,7.1295753,51.0713385,2014-04-20T09:07:26Z,,
,0,591,7.129643,51.0712725,2014-04-20T09:07:27Z,,
,0,592,7.1296997,51.0712115,2014-04-20T09:07:28Z,,
,0,593,7.1297302,51.0711448,2014-04-20T09:07:29Z,,
,0,594,7.1297541,51.0710675,2014-04-20T09:07:30Z,,
,0,595,7.1297778,51.0709915,2014-04-20T09:07:31Z,,
,0,596,7.1298542,51.0709013,2014-04-20T09:07:32Z,,
,0,597,7.1299306,51.0708156,2014-04-20T09:07:33Z,,
,0,598,7.1299946,51.0707317,2014-04-20T09:07:34Z,,
,0,599,7.1300527,51.0706414,2014-04-20T09:07:35Z,,
,0,600,7.1301087,51.0705554,2014-04-20T09:07:36Z,,
,0,601,7.130158,51.0704632,2014-04-20T09:07:37Z,,
,0,602,7.1302042,51.0703642,2014-04-20T09:07:38Z,,
,0,603,7.1302553,51.0702747,2014-04-20T09:07:39Z,,
,0,604,7.1303176,51.0702036,2014-04-20T09:07:40Z,,
,0,605,7.1303679,51.0701503,2014-04-20T09:07:41Z,,
,0,606,7.1304243,51.0701045,2014-04-20T09:07:42Z,,
,0,607,7.1304968,51.0700565,2014-04-20T09:07:43Z,,
,0,608,7.1305524,51.0700298,2014-04-20T09:07:44Z,,
,0,609,7.1306073,51.0700063,2014-04-20T09:07:45Z,,
,0,610,7.1306777,51.0699821,2014-04-20T09:07:46Z,,
,0,611,7.1307676,51.0699542,2014-04-20T09:07:47Z,,
,0,612,7.1308479,51.0699277,2014-04-20T09:07:48Z,,
,0,613,7.130908,51.069912,2014-04-20T09:07:49Z,,
,0,614,7.1309721,51.069896,2014-04-20T09:07:50Z,,
,0,615,7.1310373,51.0698845,2014-04-20T09:07:51Z,,
,0,616,7.1311295,51.0698557,2014-04-20T09:07:52Z,,
,0,617,7.1312154,51.0698281,2014-04-20T09:07:53Z,,
,0,618,7.1313002,51.0697949,2014-04-20T09:07:54Z,,
,0,619,7.1313756,51.0697667,2014-04-20T09:07:55Z,,
,0,620,7.1314376,51.069739,2014-04-20T09:07:56Z,,
,0,621,7.1315089,51.0697079,2014-04-20T09:07:57Z,,
,0,622,7.1315894,51.0696738,2014-04-20T09:07:58Z,,
,0,623,7.1316703,51.0696504,2014-04-20T09:07:59Z,,
,0,624,7.1317625,51.0696061,2014-04-20T09:08:00Z,,
,0,625,7.1318528,51.0695761,2014-04-20T09:08:01Z,,
,0,626,7.1319306,51.069553,2014-04-20T09:08:02Z,,
,0,627,7.1320132,51.0695344,2014-04-20T09:08:03Z,,
,0,628,7.1320813,51.0695229,2014-04-20T09:08:04Z,,
,0,629,7.1321598,51.0695085,2014-04-20T09:08:05Z,,
,0,630,7.132249,51.0694905,2014-04-20T09:08:06Z,,
,0,631,7.1323479,51.0694636,2014-04-20T09:08:07Z,,
,0,632,7.1324393,51.0694356,2014-04-20T09:08:08Z,,
,0,633,7.1325121,51.0693892,2014-04-20T09:08:09Z,,
,0,634,7.1325525,51.0693533,2014-04-20T09:08:10Z,,
,0,635,7.1326182,51.0693149,2014-04-20T09:08:11Z,,
,0,636,7.1326789,51.0692833,2014-04-20T09:08:12Z,,
,0,637,7.1327368,51.0692567,2014-04-20T09:08:13Z,,
,0,638,7.1327903,51.0692317,2014-04-20T09:08:14Z,,
,0,639,7.1328405,51.0692054,2014-04-20T09:08:15Z,,
,0,640,7.1329202,51.0691789,2014-04-20T09:08:16Z,,
,0,641,7.1330132,51.0691521,2014-04-20T09:08:17Z,,
,0,642,7.1330867,51.0691474,2014-04-20T09:08:18Z,,
,0,643,7.1331534,51.0691459,2014-04-20T09:08:19Z,,
,0,644,7.1332289,51.0691516,2014-04-20T09:08:20Z,,
,0,645,7.1333356,51.0691377,2014-04-20T09:08:21Z,,
,0,646,7.1334248,51.0691234,2014-04-20T09:08:22Z,,
,0,647,7.1335129,51.0691274,2014-04-20T09:08:23Z,,
,0,648,7.1335996,51.069133,2014-04-20T09:08:24Z,,
,0,649,7.1336698,51.0691369,2014-04-20T09:08:25Z,,
,0,650,7.1337375,51.0691226,2014-04-20T09:08:26Z,,
,0,651,7.1338293,51.0690884,2014-04-20T09:08:27Z,,
,0,652,7.1339131,51.0690653,2014-04-20T09:08:28Z,,
,0,653,7.1339702,51.069059,2014-04-20T09:08:29Z,,
,0,654,7.1340639,51.0690296,2014-04-20T09:08:30Z,,
,0,655,7.134143,51.0690011,2014-04-20T09:08:31Z,,
,0,656,7.1342195,51.0689723,2014-04-20T09:08:32Z,,
,0,657,7.1343086,51.0689283,2014-04-20T09:08:33Z,,
,0,658,7.1343443,51.0689016,2014-04-20T09:08:34Z,,
,0,659,7.1351895,51.0683975,2014-04-20T09:08:35Z,,
,0,660,7.1352618,51.06836,2014-04-20T09:08:36Z,,
,0,661,7.1353365,51.0683277,2014-04-20T09:08:37Z,,
,0,662,7.135427,51.0683034,2014-04-20T09:08:38Z,,
,0,663,7.1355019,51.068297,2014-04-20T09:08:39Z,,
,0,664,7.1355627,51.0682663,2014-04-20T09:08:40Z,,
