Nr;Name;MaxSchnellmeldungen;AnzSchnellmeldungen;Wahlberechtigte;abgegeben;gültigeStimmzettel;gültig;ungültigeStimmzettel;ungültig;gültig2;ungültig2;SPD;Z_SPD;CDU;Z_CDU;GRÜNE;Z_GRÜNE;FDP;Z_FDP;DIE LINKE;Z_DIE LINKE;PIRATEN;Z_PIRATEN;
10101;10101;1;1;1457;502;;494;;8;473;29;140;119;188;177;138;130;28;45;0;2;0;0;
10102;10102;1;1;752;302;;300;;2;289;13;98;79;119;102;73;83;10;25;0;0;0;0;
10103;10103;1;1;740;351;;346;;5;329;22;85;79;124;112;126;118;11;20;0;0;0;0;
10104;10104;1;1;1144;421;;420;;1;400;21;107;84;149;132;142;138;22;45;0;1;0;0;
10105;10105;1;1;680;288;;286;;2;270;18;70;56;128;95;79;97;9;22;0;0;0;0;
10106;10106;1;1;665;278;;275;;3;256;22;61;50;102;86;103;101;9;19;0;0;0;0;
10107;10107;1;1;1423;518;;513;;5;489;29;117;104;188;170;192;181;16;32;0;2;0;0;
10108;10108;1;1;1114;365;;360;;5;341;24;81;71;153;127;121;120;5;20;0;3;0;0;
10109;10109;1;1;1425;497;;489;;8;455;42;113;94;184;166;165;151;27;43;0;1;0;0;
10110;10110;1;1;1122;422;;416;;6;392;30;68;58;157;138;182;178;9;16;0;2;0;0;
10111;10111;1;1;1368;506;;491;;15;468;38;111;95;155;166;206;164;19;43;0;0;0;0;
10112;10112;1;1;609;199;;193;;6;185;14;39;33;60;68;90;74;4;10;0;0;0;0;
10113;10113;1;1;664;225;;218;;7;206;19;40;34;118;114;57;51;3;7;0;0;0;0;
10114;10114;1;1;1023;389;;386;;3;368;21;108;100;134;123;122;115;22;30;0;0;0;0;
10115;10115;1;1;757;240;;236;;4;223;17;44;38;104;93;75;70;13;21;0;1;0;0;
10116;10116;1;1;890;344;;341;;3;326;18;83;70;141;114;99;115;18;26;0;1;0;0;
10117;10117;1;1;832;270;;270;;0;267;3;82;78;95;94;77;73;16;22;0;0;0;0;
10118;10118;1;1;848;357;;355;;2;350;7;92;80;150;130;103;117;10;22;0;1;0;0;
10119;10119;1;1;828;311;;310;;1;299;12;90;79;108;103;97;88;15;29;0;0;0;0;
10120;10120;1;1;1588;506;;500;;6;479;27;164;154;179;145;129;136;28;44;0;0;0;0;
10201;10201;1;1;766;343;;338;;5;320;23;56;58;109;97;166;148;7;17;0;0;0;0;
10202;10202;1;1;888;428;;424;;4;389;39;92;79;118;112;193;160;21;38;0;0;0;0;
10203;10203;1;1;697;343;;338;;5;325;18;48;41;98;131;188;133;4;20;0;0;0;0;
10204;10204;1;1;611;292;;291;;1;277;15;48;37;78;95;160;130;5;15;0;0;0;0;
10205;10205;1;1;643;268;;268;;0;251;17;45;40;85;77;130;115;8;19;0;0;0;0;
10206;10206;1;1;626;309;;305;;4;294;15;74;70;92;103;131;109;8;12;0;0;0;0;
10207;10207;1;1;698;277;;273;;4;264;13;55;46;97;102;115;95;6;18;0;3;0;0;
10208;10208;1;1;604;316;;311;;5;299;17;60;49;91;86;149;140;11;24;0;0;0;0;
10209;10209;1;1;782;312;;309;;3;283;29;44;34;109;105;151;134;5;10;0;0;0;0;
10210;10210;1;1;781;293;;290;;3;277;16;43;33;124;119;114;111;9;12;0;2;0;0;
10211;10211;1;1;741;290;;287;;3;276;14;61;55;93;78;130;127;3;15;0;1;0;0;
10212;10212;1;1;786;343;;341;;2;329;14;65;56;108;115;154;130;14;27;0;1;0;0;
10213;10213;1;1;699;286;;284;;2;263;23;59;43;93;97;127;109;5;14;0;0;0;0;
10214;10214;1;1;755;273;;269;;4;267;6;48;41;84;81;126;124;11;21;0;0;0;0;
10215;10215;1;1;650;285;;283;;2;273;12;40;40;86;92;151;130;6;11;0;0;0;0;
10216;10216;1;1;748;332;;331;;1;318;14;79;69;111;110;133;123;8;16;0;0;0;0;
10217;10217;1;1;972;392;;389;;3;372;20;88;78;132;131;153;130;16;33;0;0;0;0;
10218;10218;1;1;786;302;;297;;5;297;5;93;71;72;78;123;124;9;24;0;0;0;0;
10219;10219;1;1;895;377;;372;;5;358;19;81;73;134;112;139;153;18;17;0;3;0;0;
10220;10220;1;1;817;346;;343;;3;327;19;78;71;122;108;134;133;9;15;0;0;0;0;
10221;10221;1;1;820;308;;304;;4;288;20;64;52;116;99;117;120;7;16;0;1;0;0;
10222;10222;1;1;1079;375;;369;;6;354;21;91;73;125;106;137;144;16;30;0;1;0;0;
10223;10223;1;1;872;343;;341;;2;317;26;73;58;135;98;129;142;4;18;0;1;0;0;
10224;10224;1;1;800;278;;277;;1;265;13;64;49;85;80;121;120;7;16;0;0;0;0;
10225;10225;1;1;836;355;;354;;1;326;29;76;58;136;114;131;129;11;25;0;0;0;0;
10226;10226;1;1;879;403;;402;;1;382;21;85;64;138;136;167;151;12;31;0;0;0;0;
10227;10227;1;1;745;352;;351;;1;336;16;78;66;101;76;164;173;8;20;0;1;0;0;
10228;10228;1;1;624;253;;246;;7;236;17;50;37;98;76;95;115;3;8;0;0;0;0;
10229;10229;1;1;855;339;;338;;1;325;14;74;57;119;107;133;134;12;27;0;0;0;0;
10230;10230;1;1;853;290;;288;;2;274;16;86;65;99;79;90;98;13;31;0;1;0;0;
10231;10231;1;1;876;356;;353;;3;356;0;113;93;100;97;118;125;22;41;0;0;0;0;
10232;10232;1;1;854;354;;351;;3;334;20;95;84;94;93;151;137;11;20;0;0;0;0;
10233;10233;1;1;734;277;;273;;4;265;12;64;61;86;76;115;115;8;12;0;1;0;0;
10234;10234;1;1;723;306;;303;;3;293;13;84;72;89;72;114;120;16;29;0;0;0;0;
10235;10235;1;1;1570;568;;561;;7;540;28;143;110;199;165;200;220;19;44;0;1;0;0;
10301;10301;1;1;1434;508;;503;;5;486;22;139;114;163;137;161;183;40;51;0;1;0;0;
10302;10302;1;1;766;232;;227;;5;227;5;86;67;80;67;43;58;18;35;0;0;0;0;
10303;10303;1;1;644;290;;286;;4;275;15;117;102;91;75;52;61;26;37;0;0;0;0;
10304;10304;1;1;831;281;;277;;4;267;14;101;95;98;70;56;74;22;27;0;1;0;0;
10305;10305;1;1;683;218;;213;;5;207;11;84;58;71;66;41;46;17;36;0;1;0;0;
10306;10306;1;1;649;274;;271;;3;262;12;81;74;99;89;76;82;15;16;0;1;0;0;
10307;10307;1;1;543;201;;196;;5;191;10;53;45;73;70;60;55;10;21;0;0;0;0;
10308;10308;1;1;798;343;;338;;5;332;11;66;58;143;106;110;156;19;11;0;1;0;0;
10309;10309;1;1;824;285;;280;;5;278;7;103;100;94;83;63;77;20;17;0;1;0;0;
10310;10310;1;1;1252;449;;446;;3;426;23;61;46;189;151;178;193;18;34;0;2;0;0;
10311;10311;1;1;717;269;;268;;1;260;9;46;42;120;104;90;98;12;15;0;1;0;0;
10312;10312;1;1;846;309;;303;;6;297;12;81;74;112;94;81;98;29;30;0;1;0;0;
10313;10313;1;1;1066;430;;420;;10;409;21;187;178;129;109;72;81;32;41;0;0;0;0;
10314;10314;1;1;1469;490;;482;;8;462;28;155;134;160;134;112;128;55;66;0;0;0;0;
10401;10401;1;1;874;309;;309;;0;304;5;94;79;89;69;96;114;30;42;0;0;0;0;
10402;10402;1;1;675;302;;299;;3;287;15;69;67;88;73;123;128;19;19;0;0;0;0;
10403;10403;1;1;652;249;;246;;3;227;22;42;45;93;77;101;95;10;10;0;0;0;0;
10404;10404;1;1;773;319;;316;;3;303;16;73;58;126;102;107;119;10;22;0;2;0;0;
10405;10405;1;1;880;283;;280;;3;258;25;67;54;111;76;87;101;15;27;0;0;0;0;
10406;10406;1;1;685;215;;212;;3;198;17;42;38;78;60;82;86;10;14;0;0;0;0;
10407;10407;1;1;858;313;;313;;0;304;9;87;78;105;86;100;113;21;27;0;0;0;0;
10408;10408;1;1;773;356;;352;;4;335;21;72;68;117;101;137;132;26;34;0;0;0;0;
10409;10409;1;1;781;346;;346;;0;331;15;78;68;123;102;119;126;26;35;0;0;0;0;
10410;10410;1;1;634;275;;274;;1;271;4;72;71;70;62;112;117;20;21;0;0;0;0;
10411;10411;1;1;1451;544;;537;;7;516;28;112;107;203;168;184;191;38;49;0;1;0;0;
10412;10412;1;1;1255;445;;434;;11;414;31;97;81;188;162;130;141;19;30;0;0;0;0;
10413;10413;1;1;1428;540;;533;;7;540;0;67;63;227;185;217;231;22;29;0;32;0;0;
10414;10414;1;1;682;261;;255;;6;240;21;44;41;110;90;92;98;9;11;0;0;0;0;
10415;10415;1;1;679;285;;278;;7;269;16;56;45;128;117;85;94;9;13;0;0;0;0;
10416;10416;1;1;728;318;;316;;2;300;18;43;37;136;98;116;141;21;24;0;0;0;0;
10417;10417;1;1;683;296;;291;;5;277;19;65;44;109;106;99;97;18;29;0;1;0;0;
10418;10418;1;1;671;305;;303;;2;287;18;79;68;119;98;95;105;10;15;0;1;0;0;
10419;10419;1;1;643;326;;323;;3;310;16;70;72;120;91;119;133;14;14;0;0;0;0;
10420;10420;1;1;733;330;;324;;6;312;18;70;70;119;90;119;131;16;21;0;0;0;0;
10421;10421;1;1;634;293;;291;;2;281;12;64;61;114;96;103;106;10;18;0;0;0;0;
10422;10422;1;1;1313;574;;567;;7;553;21;122;117;217;188;187;211;41;37;0;0;0;0;
10423;10423;1;1;1082;466;;460;;6;450;16;145;121;153;121;125;150;37;58;0;0;0;0;
10424;10424;1;1;705;322;;319;;3;322;0;117;109;101;89;74;93;27;31;0;0;0;0;
10425;10425;1;1;851;413;;409;;4;387;26;80;81;170;121;136;165;23;19;0;1;0;0;
10501;10501;1;1;884;406;;403;;3;390;16;92;77;166;126;126;151;19;35;0;1;0;0;
10502;10502;1;1;1270;510;;504;;6;501;9;127;128;212;185;131;155;34;33;0;0;0;0;
10503;10503;1;1;730;266;;264;;2;261;5;87;82;85;68;74;89;18;20;0;2;0;0;
10504;10504;1;1;704;269;;263;;6;261;8;68;65;109;76;73;103;13;17;0;0;0;0;
10505;10505;1;1;815;376;;371;;5;367;9;106;100;147;120;103;125;15;22;0;0;0;0;
10506;10506;1;1;686;293;;290;;3;283;10;64;71;116;86;91;108;19;18;0;0;0;0;
10507;10507;1;1;1331;390;;385;;5;372;18;78;74;191;166;94;108;22;23;0;1;0;0;
10508;10508;1;1;643;299;;294;;5;280;19;89;89;132;93;58;81;15;17;0;0;0;0;
10509;10509;1;1;651;234;;234;;0;229;5;60;54;119;105;45;56;10;13;0;1;0;0;
10510;10510;1;1;1103;433;;428;;5;412;21;104;96;186;163;108;122;30;30;0;1;0;0;
10511;10511;1;1;1242;421;;415;;6;406;15;109;99;160;138;124;145;22;22;0;2;0;0;
10512;10512;1;1;654;243;;242;;1;224;19;48;50;128;111;48;49;18;13;0;1;0;0;
10513;10513;1;1;800;250;;247;;3;250;0;73;60;119;107;51;72;4;9;0;2;0;0;
20101;20101;1;1;591;194;;193;;1;183;11;60;46;59;54;60;56;14;27;0;0;0;0;
20102;20102;1;1;727;239;;237;;2;225;14;62;51;88;84;73;64;14;23;0;3;0;0;
20103;20103;1;1;845;307;;300;;7;293;14;81;76;95;84;115;112;9;21;0;0;0;0;
20104;20104;1;1;880;350;;348;;2;338;12;111;97;126;104;91;105;20;30;0;2;0;0;
20105;20105;1;1;918;363;;359;;4;351;12;149;121;109;89;85;95;16;46;0;0;0;0;
20106;20106;1;1;708;305;;297;;8;288;17;123;98;78;71;73;66;23;53;0;0;0;0;
20107;20107;1;1;749;363;;358;;5;342;21;153;124;98;81;87;97;20;40;0;0;0;0;
20108;20108;1;1;593;239;;235;;4;228;11;75;63;75;71;75;79;10;15;0;0;0;0;
20201;20201;1;1;666;308;;307;;1;305;3;161;128;61;57;62;67;23;52;0;1;0;0;
20202;20202;1;1;804;261;;257;;4;244;17;131;98;87;81;25;33;14;32;0;0;0;0;
20203;20203;1;1;1074;488;;488;;0;480;8;337;257;58;62;47;39;46;122;0;0;0;0;
20204;20204;1;1;1306;521;;511;;10;494;27;260;183;115;108;97;100;39;101;0;2;0;0;
20301;20301;1;1;1347;419;;413;;6;388;31;121;99;184;165;94;95;14;26;0;3;0;0;
20302;20302;1;1;1426;425;;420;;5;404;21;116;97;178;175;109;109;17;19;0;4;0;0;
20303;20303;1;1;1060;379;;376;;3;353;26;102;76;158;133;108;112;8;31;0;1;0;0;
20401;20401;1;1;927;369;;369;;0;357;12;175;143;106;94;75;76;13;44;0;0;0;0;
20402;20402;1;1;1047;324;;315;;9;301;23;113;91;135;103;60;88;7;17;0;2;0;0;
20403;20403;1;1;847;332;;324;;8;313;19;88;80;160;145;66;70;10;17;0;1;0;0;
20404;20404;1;1;738;301;;295;;6;276;25;96;84;116;97;73;77;10;14;0;4;0;0;
20501;20501;1;1;1159;402;;399;;3;381;21;129;116;176;154;82;85;12;25;0;1;0;0;
20502;20502;1;1;893;332;;318;;14;306;26;87;82;157;140;58;57;16;23;0;4;0;0;
20503;20503;1;1;844;322;;322;;0;315;7;87;81;119;100;99;105;17;29;0;0;0;0;
20504;20504;1;1;726;277;;274;;3;264;13;68;64;108;87;91;96;7;17;0;0;0;0;
20505;20505;1;1;695;273;;271;;2;254;19;94;88;117;98;50;54;10;13;0;1;0;0;
20506;20506;1;1;777;286;;284;;2;273;13;78;71;153;131;47;54;6;17;0;0;0;0;
20507;20507;1;1;794;307;;299;;8;291;16;104;98;135;118;43;52;17;19;0;4;0;0;
20508;20508;1;1;841;306;;304;;2;302;4;96;76;119;104;78;94;11;27;0;1;0;0;
20509;20509;1;1;1387;438;;431;;7;391;47;94;66;189;142;131;144;17;37;0;2;0;0;
20510;20510;1;1;1222;446;;439;;7;421;25;126;113;181;149;113;125;19;34;0;0;0;0;
20511;20511;1;1;695;247;;244;;3;234;13;55;47;138;128;46;49;5;10;0;0;0;0;
20512;20512;1;1;728;237;;235;;2;223;14;50;42;109;93;73;77;3;11;0;0;0;0;
20513;20513;1;1;729;231;;224;;7;208;23;69;54;105;100;44;46;6;7;0;1;0;0;
20514;20514;1;1;709;258;;255;;3;248;10;88;80;110;91;52;62;5;14;0;1;0;0;
20515;20515;1;1;692;264;;261;;3;255;9;57;53;137;129;62;66;5;6;0;1;0;0;
20516;20516;1;1;684;240;;235;;5;227;13;72;67;99;95;60;55;4;9;0;1;0;0;
20517;20517;1;1;612;225;;221;;4;215;10;43;40;115;102;56;64;7;9;0;0;0;0;
20518;20518;1;1;1381;413;;408;;5;400;13;112;114;201;187;79;80;16;18;0;1;0;0;
20601;20601;1;1;695;244;;243;;1;234;10;121;107;79;72;33;30;10;24;0;1;0;0;
20602;20602;1;1;677;253;;247;;6;238;15;110;86;89;75;40;48;8;29;0;0;0;0;
20603;20603;1;1;677;215;;214;;1;215;0;79;67;98;102;28;28;9;18;0;0;0;0;
20604;20604;1;1;698;253;;252;;1;244;9;127;111;77;76;32;33;16;21;0;3;0;0;
20605;20605;1;1;687;343;;337;;6;335;8;140;117;122;104;58;75;17;36;0;3;0;0;
20606;20606;1;1;574;296;;289;;7;287;9;103;80;119;106;51;60;16;40;0;1;0;0;
20607;20607;1;1;775;341;;340;;1;332;9;147;134;121;110;51;51;21;36;0;1;0;0;
20608;20608;1;1;744;295;;291;;4;277;18;99;72;124;97;55;74;13;31;0;3;0;0;
20609;20609;1;1;776;315;;313;;2;308;7;160;134;92;83;48;52;13;38;0;1;0;0;
20610;20610;1;1;755;308;;301;;7;293;15;138;118;99;94;48;50;16;30;0;1;0;0;
20701;20701;1;1;808;359;;355;;4;352;7;258;190;27;32;42;38;28;92;0;0;0;0;
20702;20702;1;1;616;284;;283;;1;277;7;212;156;15;17;15;15;41;89;0;0;0;0;
20801;20801;1;1;603;242;;239;;3;236;6;79;69;97;87;52;60;11;20;0;0;0;0;
20802;20802;1;1;604;259;;257;;2;242;17;127;112;65;54;55;54;10;22;0;0;0;0;
20803;20803;1;1;1080;398;;388;;10;384;14;175;145;116;119;81;73;16;45;0;2;0;0;
20804;20804;1;1;1204;452;;447;;5;439;13;181;146;151;131;94;105;21;57;0;0;0;0;
20805;20805;1;1;1190;431;;428;;3;422;9;214;169;106;103;90;83;18;66;0;1;0;0;
20806;20806;1;1;674;312;;309;;3;307;5;170;150;67;51;52;63;20;42;0;1;0;0;
20807;20807;1;1;666;317;;314;;3;305;12;153;135;76;71;62;55;23;42;0;2;0;0;
20808;20808;1;1;764;332;;328;;4;325;7;131;120;115;104;72;70;10;29;0;2;0;0;
20809;20809;1;1;803;272;;268;;4;264;8;116;98;91;76;41;53;20;37;0;0;0;0;
20810;20810;1;1;991;434;;432;;2;410;24;178;159;140;113;91;95;23;42;0;1;0;0;
20811;20811;1;1;873;347;;343;;4;329;18;138;114;130;117;59;63;16;34;0;1;0;0;
20812;20812;1;1;725;293;;290;;3;284;9;156;118;69;64;48;53;17;48;0;1;0;0;
20813;20813;1;1;748;314;;313;;1;314;0;167;139;63;55;64;66;19;51;0;3;0;0;
20814;20814;1;1;1052;244;;241;;3;232;12;117;89;59;55;51;48;14;39;0;1;0;0;
20901;20901;1;1;787;363;;362;;1;349;14;143;123;117;105;88;79;14;42;0;0;0;0;
20902;20902;1;1;719;304;;300;;4;291;13;120;101;111;92;59;73;10;25;0;0;0;0;
20903;20903;1;1;777;310;;303;;7;300;10;124;108;96;81;72;79;11;31;0;1;0;0;
20904;20904;1;1;708;274;;269;;5;257;17;89;82;86;76;83;80;11;19;0;0;0;0;
20905;20905;1;1;729;371;;367;;4;358;13;149;129;107;102;101;96;10;31;0;0;0;0;
20906;20906;1;1;621;264;;259;;5;255;9;122;103;53;55;77;79;7;18;0;0;0;0;
21001;21001;1;1;756;325;;322;;3;312;13;105;92;124;120;85;78;8;22;0;0;0;0;
21002;21002;1;1;675;259;;258;;1;249;10;108;95;85;69;54;61;11;23;0;1;0;0;
21003;21003;1;1;688;314;;311;;3;301;13;120;91;87;78;86;83;18;48;0;1;0;0;
21004;21004;1;1;877;366;;359;;7;332;34;97;93;140;121;116;105;6;13;0;0;0;0;
21005;21005;1;1;847;357;;350;;7;342;15;125;97;109;101;93;91;23;51;0;2;0;0;
21006;21006;1;1;773;313;;306;;7;293;20;100;87;98;95;89;77;19;32;0;2;0;0;
21007;21007;1;1;893;407;;406;;1;401;6;156;139;134;131;95;87;21;42;0;2;0;0;
21008;21008;1;1;637;288;;284;;4;277;11;93;80;78;85;100;78;13;34;0;0;0;0;
21009;21009;1;1;1248;562;;554;;8;544;18;194;178;117;122;213;173;30;71;0;0;0;0;
21101;21101;1;1;785;200;;195;;5;186;14;76;74;78;72;27;21;14;19;0;0;0;0;
21102;21102;1;1;821;261;;253;;8;241;20;111;93;105;95;26;32;11;20;0;1;0;0;
21201;21201;1;1;727;257;;252;;5;248;9;111;102;109;100;29;35;3;8;0;3;0;0;
21202;21202;1;1;750;255;;252;;3;247;8;90;77;102;101;47;43;13;25;0;1;0;0;
21301;21301;1;1;621;226;;223;;3;212;14;85;67;108;96;27;33;3;16;0;0;0;0;
21302;21302;1;1;588;232;;231;;1;225;7;83;77;112;92;26;39;10;16;0;1;0;0;
21303;21303;1;1;1286;446;;441;;5;419;27;166;146;218;178;42;61;15;30;0;4;0;0;
21304;21304;1;1;1104;174;;164;;10;144;30;49;45;87;70;25;22;3;6;0;1;0;0;
30101;30101;1;1;1372;505;;499;;6;485;20;187;173;187;141;107;129;18;42;0;0;0;0;
30102;30102;1;1;666;338;;336;;2;323;15;129;103;120;86;75;93;12;41;0;0;0;0;
30103;30103;1;1;834;412;;406;;6;396;16;149;127;178;124;74;123;5;22;0;0;0;0;
30104;30104;1;1;731;389;;384;;5;370;19;86;76;177;120;115;155;6;19;0;0;0;0;
30105;30105;1;1;712;303;;300;;3;285;18;77;69;164;110;49;84;10;22;0;0;0;0;
30106;30106;1;1;610;260;;259;;1;249;11;64;50;126;90;65;93;4;16;0;0;0;0;
30107;30107;1;1;526;282;;282;;0;272;10;46;37;153;100;70;117;13;18;0;0;0;0;
30108;30108;1;1;698;290;;289;;1;282;8;61;51;131;102;88;110;9;18;0;1;0;0;
30109;30109;1;1;642;319;;314;;5;306;13;82;62;124;102;99;119;9;23;0;0;0;0;
30110;30110;1;1;1267;630;;626;;4;593;37;160;141;281;192;165;220;20;40;0;0;0;0;
30201;30201;1;1;718;347;;347;;0;334;13;99;84;149;99;85;124;14;25;0;2;0;0;
30202;30202;1;1;698;313;;310;;3;304;9;78;73;120;93;97;114;15;22;0;2;0;0;
30203;30203;1;1;813;246;;246;;0;231;15;66;51;94;68;66;78;20;34;0;0;0;0;
30204;30204;1;1;893;343;;337;;6;317;26;102;97;137;102;82;95;16;22;0;1;0;0;
30205;30205;1;1;816;347;;342;;5;329;18;111;98;128;98;84;107;19;25;0;1;0;0;
30206;30206;1;1;616;167;;164;;3;154;13;41;35;76;53;36;48;11;18;0;0;0;0;
30207;30207;1;1;828;408;;403;;5;383;25;109;89;174;129;103;131;17;34;0;0;0;0;
30208;30208;1;1;871;414;;408;;6;391;23;117;103;155;117;127;146;9;25;0;0;0;0;
30209;30209;1;1;698;329;;325;;4;309;20;97;82;147;86;72;121;9;20;0;0;0;0;
30210;30210;1;1;702;329;;325;;4;316;13;65;58;145;95;106;141;9;22;0;0;0;0;
30211;30211;1;1;791;378;;375;;3;361;17;99;83;149;107;118;144;9;27;0;0;0;0;
30212;30212;1;1;827;383;;381;;2;375;8;128;115;137;91;90;116;26;53;0;0;0;0;
30213;30213;1;1;784;326;;324;;2;309;17;101;88;135;104;82;102;6;15;0;0;0;0;
30214;30214;1;1;714;295;;292;;3;277;18;73;65;145;112;60;83;14;17;0;0;0;0;
30215;30215;1;1;699;331;;331;;0;323;8;139;120;114;77;68;96;10;29;0;1;0;0;
30216;30216;1;1;631;316;;316;;0;306;10;110;85;122;76;66;105;18;40;0;0;0;0;
30217;30217;1;1;746;292;;289;;3;270;22;71;60;145;118;68;81;5;11;0;0;0;0;
30218;30218;1;1;668;295;;291;;4;281;14;76;69;140;110;63;81;12;19;0;2;0;0;
30219;30219;1;1;1271;578;;575;;3;551;27;126;107;253;192;178;211;18;40;0;1;0;0;
30220;30220;1;1;852;373;;369;;4;361;12;96;89;157;118;103;128;13;24;0;2;0;0;
30221;30221;1;1;878;401;;398;;3;391;10;118;98;159;120;101;134;20;37;0;2;0;0;
30222;30222;1;1;1203;510;;508;;2;482;28;153;131;184;145;152;171;19;35;0;0;0;0;
30223;30223;1;1;1097;456;;454;;2;438;18;107;81;174;131;157;186;16;38;0;2;0;0;
30224;30224;1;1;1237;539;;537;;2;520;19;119;94;237;182;167;206;14;38;0;0;0;0;
30225;30225;1;1;729;328;;323;;5;309;19;92;75;124;90;100;125;7;19;0;0;0;0;
30226;30226;1;1;652;280;;280;;0;261;19;65;55;114;88;87;100;14;17;0;1;0;0;
30227;30227;1;1;767;373;;371;;2;352;21;84;72;181;141;91;112;15;26;0;1;0;0;
30228;30228;1;1;758;319;;316;;3;304;15;69;56;137;101;100;127;10;20;0;0;0;0;
30229;30229;1;1;628;256;;251;;5;242;14;76;65;93;72;64;78;18;27;0;0;0;0;
30230;30230;1;1;609;272;;265;;7;264;8;82;74;123;97;53;80;7;13;0;0;0;0;
30231;30231;1;1;543;275;;271;;4;268;7;76;71;129;97;56;84;10;16;0;0;0;0;
30232;30232;1;1;592;251;;251;;0;240;11;95;73;88;68;59;71;9;28;0;0;0;0;
30233;30233;1;1;1144;491;;488;;3;480;11;190;151;156;113;118;154;24;61;0;1;0;0;
30234;30234;1;1;1193;470;;462;;8;455;15;165;136;188;170;82;104;27;45;0;0;0;0;
30301;30301;1;1;1305;557;;546;;11;532;25;209;161;195;150;122;169;20;51;0;1;0;0;
30302;30302;1;1;997;433;;432;;1;413;20;130;120;164;110;120;147;18;36;0;0;0;0;
30303;30303;1;1;960;418;;413;;5;401;17;117;87;162;109;117;165;17;40;0;0;0;0;
30304;30304;1;1;714;336;;335;;1;322;14;121;95;112;78;88;112;14;36;0;1;0;0;
30305;30305;1;1;678;307;;306;;1;298;9;103;84;113;87;77;101;13;26;0;0;0;0;
30306;30306;1;1;769;309;;307;;2;295;14;91;73;116;84;85;107;15;31;0;0;0;0;
30307;30307;1;1;812;366;;365;;1;350;16;157;116;123;88;72;100;13;46;0;0;0;0;
30308;30308;1;1;715;332;;330;;2;330;2;157;125;92;65;65;95;16;44;0;1;0;0;
30309;30309;1;1;679;209;;208;;1;200;9;94;77;76;57;32;48;6;18;0;0;0;0;
30310;30310;1;1;911;349;;344;;5;335;14;111;96;133;90;87;114;13;35;0;0;0;0;
30311;30311;1;1;826;350;;349;;1;339;11;144;118;122;87;71;101;12;33;0;0;0;0;
30312;30312;1;1;697;285;;278;;7;268;17;80;69;100;87;87;86;11;26;0;0;0;0;
30313;30313;1;1;737;279;;278;;1;261;18;102;80;95;76;72;85;9;20;0;0;0;0;
30314;30314;1;1;721;323;;316;;7;319;4;133;109;97;85;67;85;19;40;0;0;0;0;
30315;30315;1;1;710;310;;302;;8;296;14;128;106;89;70;64;81;21;39;0;0;0;0;
30316;30316;1;1;763;363;;360;;3;354;9;162;140;106;74;68;87;24;53;0;0;0;0;
30317;30317;1;1;844;413;;407;;6;397;16;159;123;148;102;77;119;23;53;0;0;0;0;
30318;30318;1;1;1051;431;;425;;6;421;10;279;211;68;51;46;72;32;87;0;0;0;0;
30319;30319;1;1;652;264;;264;;0;258;6;150;131;59;45;34;44;21;38;0;0;0;0;
30320;30320;1;1;726;302;;300;;2;297;5;136;108;98;72;56;86;10;29;0;2;0;0;
30321;30321;1;1;728;286;;285;;1;276;10;161;124;61;43;47;61;16;48;0;0;0;0;
30322;30322;1;1;684;276;;276;;0;275;1;115;98;90;67;61;86;10;24;0;0;0;0;
30323;30323;1;1;1446;584;;579;;5;567;17;248;199;191;164;110;141;30;62;0;1;0;0;
30324;30324;1;1;1313;563;;560;;3;542;21;294;245;144;94;105;142;17;60;0;1;0;0;
30325;30325;1;1;1393;626;;620;;6;618;8;221;182;203;169;165;196;31;71;0;0;0;0;
30326;30326;1;1;1130;451;;450;;1;440;11;164;140;175;127;91;128;20;41;0;4;0;0;
30401;30401;1;1;1232;490;;485;;5;464;26;153;133;219;158;104;140;9;32;0;1;0;0;
30402;30402;1;1;752;379;;372;;7;365;14;141;127;119;88;93;115;19;35;0;0;0;0;
30403;30403;1;1;778;282;;274;;8;265;17;78;68;121;108;62;70;13;19;0;0;0;0;
30404;30404;1;1;1203;459;;445;;14;439;20;229;179;144;111;44;77;28;72;0;0;0;0;
30405;30405;1;1;1369;562;;552;;10;540;22;189;158;212;168;122;156;29;58;0;0;0;0;
30406;30406;1;1;707;289;;289;;0;289;0;135;123;88;71;49;65;17;29;0;1;0;0;
30407;30407;1;1;734;307;;303;;4;299;8;126;88;101;81;61;83;15;47;0;0;0;0;
30408;30408;1;1;718;248;;240;;8;245;3;58;59;111;92;62;78;9;15;0;1;0;0;
30409;30409;1;1;670;296;;296;;0;296;0;150;126;72;55;51;63;23;47;0;5;0;0;
30501;30501;1;1;1071;267;;263;;4;261;6;101;86;121;106;32;49;9;18;0;2;0;0;
30502;30502;1;1;720;326;;323;;3;324;2;149;128;88;79;67;71;19;44;0;2;0;0;
30503;30503;1;1;740;293;;288;;5;278;15;111;86;122;88;46;79;9;25;0;0;0;0;
30504;30504;1;1;830;318;;317;;1;310;8;166;131;76;62;45;57;30;60;0;0;0;0;
30505;30505;1;1;697;238;;237;;1;235;3;124;109;58;56;34;35;21;35;0;0;0;0;
30506;30506;1;1;774;353;;347;;6;346;7;226;182;55;44;24;31;42;88;0;1;0;0;
30507;30507;1;1;781;377;;374;;3;371;6;246;178;58;48;27;38;43;106;0;1;0;0;
30601;30601;1;1;606;273;;272;;1;268;5;152;119;61;51;40;51;19;47;0;0;0;0;
30602;30602;1;1;629;275;;272;;3;271;4;164;127;59;51;34;44;15;47;0;2;0;0;
30603;30603;1;1;746;331;;329;;2;324;7;155;121;91;70;65;89;18;44;0;0;0;0;
30604;30604;1;1;703;288;;286;;2;280;8;123;86;86;70;55;72;22;52;0;0;0;0;
30605;30605;1;1;1325;595;;593;;2;586;9;358;286;104;77;94;130;37;93;0;0;0;0;
30606;30606;1;1;1039;488;;486;;2;479;9;234;166;116;77;97;145;39;91;0;0;0;0;
30607;30607;1;1;930;276;;273;;3;268;8;109;80;101;83;51;71;12;33;0;1;0;0;
30608;30608;1;1;1678;735;;733;;2;713;22;384;303;169;134;125;155;55;121;0;0;0;0;
30609;30609;1;1;714;227;;225;;2;209;18;70;55;103;73;34;58;18;21;0;2;0;0;
30610;30610;1;1;785;336;;334;;2;329;7;174;143;98;77;46;61;16;48;0;0;0;0;
30701;30701;1;1;680;266;;265;;1;250;16;112;98;107;89;33;37;13;26;0;0;0;0;
30702;30702;1;1;767;330;;324;;6;312;18;115;109;138;109;52;62;19;31;0;1;0;0;
30703;30703;1;1;1067;391;;387;;4;376;15;159;141;162;135;48;66;18;34;0;0;0;0;
30704;30704;1;1;1134;449;;442;;7;423;26;196;168;159;131;60;67;27;57;0;0;0;0;
30705;30705;1;1;1162;524;;519;;5;502;22;235;203;164;131;95;109;25;57;0;2;0;0;
30706;30706;1;1;1163;503;;497;;6;503;0;201;187;186;147;72;110;38;56;0;3;0;0;
30707;30707;1;1;684;247;;243;;4;242;5;110;108;93;70;20;36;20;26;0;2;0;0;
30708;30708;1;1;628;253;;249;;4;242;11;96;84;95;82;40;49;18;27;0;0;0;0;
30709;30709;1;1;1053;414;;407;;7;398;16;186;165;139;100;58;82;24;51;0;0;0;0;
30710;30710;1;1;1109;379;;375;;4;366;13;139;118;187;157;35;61;14;30;0;0;0;0;
30711;30711;1;1;1189;393;;391;;2;378;15;176;139;151;124;46;69;18;44;0;2;0;0;
30712;30712;1;1;701;250;;249;;1;244;6;122;106;91;76;25;39;11;23;0;0;0;0;
30713;30713;1;1;868;204;;203;;1;197;7;66;61;92;83;35;39;10;14;0;0;0;0;
30801;30801;1;1;605;269;;263;;6;252;17;99;81;108;90;44;57;12;23;0;1;0;0;
30802;30802;1;1;607;263;;260;;3;256;7;111;98;95;78;42;52;12;27;0;1;0;0;
30803;30803;1;1;658;294;;291;;3;275;19;117;111;121;93;40;52;13;19;0;0;0;0;
30804;30804;1;1;638;291;;290;;1;281;10;92;76;131;108;46;69;21;28;0;0;0;0;
30805;30805;1;1;704;322;;319;;3;310;12;158;131;105;81;44;62;12;35;0;1;0;0;
30806;30806;1;1;590;241;;240;;1;236;5;114;98;79;63;34;44;13;31;0;0;0;0;
30807;30807;1;1;1101;509;;504;;5;488;21;250;204;158;126;65;94;31;64;0;0;0;0;
30808;30808;1;1;932;510;;504;;6;493;17;253;224;149;124;78;93;24;52;0;0;0;0;
30809;30809;1;1;685;370;;368;;2;364;6;192;151;110;87;50;76;16;49;0;1;0;0;
30901;30901;1;1;1219;571;;569;;2;546;25;246;221;189;139;101;123;33;62;0;1;0;0;
30902;30902;1;1;761;336;;333;;3;336;0;137;119;131;108;45;71;20;38;0;0;0;0;
30903;30903;1;1;815;378;;373;;5;369;9;175;150;139;113;49;78;10;28;0;0;0;0;
30904;30904;1;1;747;310;;305;;5;303;7;150;128;115;85;28;61;12;28;0;1;0;0;
30905;30905;1;1;920;339;;335;;4;318;21;167;136;112;85;44;64;12;33;0;0;0;0;
30906;30906;1;1;818;370;;366;;4;357;13;184;166;126;92;29;62;27;37;0;0;0;0;
40101;40101;1;1;1616;507;;500;;7;468;39;103;83;250;211;135;150;12;24;0;0;0;0;
40102;40102;1;1;1502;518;;518;;0;507;11;121;105;224;193;149;166;24;42;0;1;0;0;
40103;40103;1;1;726;278;;276;;2;265;13;59;49;118;112;93;90;6;13;0;1;0;0;
40104;40104;1;1;825;352;;348;;4;334;18;77;73;144;132;108;103;19;23;0;3;0;0;
40105;40105;1;1;1321;481;;476;;5;449;32;85;75;215;174;163;178;13;20;0;2;0;0;
40106;40106;1;1;768;327;;324;;3;306;21;56;50;126;101;133;139;9;15;0;1;0;0;
40107;40107;1;1;718;301;;299;;2;286;15;40;37;108;96;144;138;7;14;0;1;0;0;
40108;40108;1;1;837;364;;362;;2;347;17;96;75;132;103;119;131;15;37;0;1;0;0;
40109;40109;1;1;979;445;;441;;4;429;16;125;103;179;136;119;155;18;35;0;0;0;0;
40110;40110;1;1;911;322;;320;;2;305;17;74;73;114;87;122;132;10;13;0;0;0;0;
40111;40111;1;1;896;340;;336;;4;329;11;76;68;139;117;111;123;10;21;0;0;0;0;
40112;40112;1;1;820;342;;335;;7;322;20;57;50;139;119;132;136;7;17;0;0;0;0;
40113;40113;1;1;775;334;;330;;4;320;14;56;51;139;115;127;141;8;13;0;0;0;0;
40114;40114;1;1;660;318;;318;;0;314;4;67;54;119;105;126;140;6;14;0;1;0;0;
40115;40115;1;1;785;323;;318;;5;300;23;59;49;124;100;129;137;6;14;0;0;0;0;
40116;40116;1;1;1237;425;;423;;2;390;35;57;52;167;155;191;163;8;17;0;3;0;0;
40117;40117;1;1;1081;404;;388;;16;378;26;61;65;154;118;165;177;8;18;0;0;0;0;
40118;40118;1;1;948;341;;335;;6;325;16;51;49;133;120;142;144;9;11;0;1;0;0;
40119;40119;1;1;826;264;;264;;0;246;18;28;24;123;106;105;107;8;8;0;1;0;0;
40120;40120;1;1;824;338;;336;;2;315;23;40;34;131;100;158;164;7;17;0;0;0;0;
40121;40121;1;1;1496;469;;463;;6;451;18;65;63;202;187;177;179;19;21;0;1;0;0;
40122;40122;1;1;1541;632;;620;;12;601;31;100;81;226;207;280;280;14;32;0;1;0;0;
40123;40123;1;1;1276;359;;353;;6;331;28;69;48;147;129;126;136;11;17;0;1;0;0;
40124;40124;1;1;879;246;;243;;3;241;5;46;47;107;88;76;85;14;18;0;3;0;0;
40201;40201;1;1;893;351;;349;;2;344;7;103;91;157;150;83;81;6;20;0;2;0;0;
40202;40202;1;1;572;159;;157;;2;153;6;31;20;85;79;39;42;2;12;0;0;0;0;
40203;40203;1;1;1600;582;;578;;4;538;44;140;119;251;197;167;188;20;33;0;1;0;0;
40204;40204;1;1;775;198;;198;;0;191;7;26;24;104;83;64;71;4;12;0;1;0;0;
40205;40205;1;1;973;468;;463;;5;451;17;107;92;183;138;163;203;10;16;0;2;0;0;
40206;40206;1;1;764;364;;361;;3;349;15;80;68;135;105;132;154;14;22;0;0;0;0;
40207;40207;1;1;744;260;;259;;1;250;10;61;49;120;110;72;74;6;17;0;0;0;0;
40208;40208;1;1;717;333;;329;;4;316;17;76;60;112;105;130;129;11;22;0;0;0;0;
40209;40209;1;1;748;315;;309;;6;308;7;48;46;118;108;129;136;14;17;0;1;0;0;
40210;40210;1;1;675;329;;327;;2;317;12;71;68;146;124;102;107;8;15;0;3;0;0;
40211;40211;1;1;666;270;;269;;1;259;11;51;51;108;87;107;113;3;8;0;0;0;0;
40212;40212;1;1;595;238;;235;;3;229;9;37;41;99;88;90;91;9;9;0;0;0;0;
40213;40213;1;1;646;289;;286;;3;264;25;63;61;104;78;113;114;6;11;0;0;0;0;
40214;40214;1;1;737;335;;332;;3;324;11;104;96;109;95;111;117;8;14;0;2;0;0;
40215;40215;1;1;747;382;;379;;3;357;25;106;89;151;125;114;121;8;21;0;1;0;0;
40216;40216;1;1;912;395;;390;;5;379;16;110;108;207;171;62;84;11;16;0;0;0;0;
40217;40217;1;1;1328;431;;423;;8;411;20;94;82;197;170;121;133;11;24;0;2;0;0;
40218;40218;1;1;664;304;;299;;5;294;10;87;82;134;121;71;75;7;13;0;3;0;0;
40219;40219;1;1;705;321;;317;;4;310;11;97;87;125;92;85;108;10;23;0;0;0;0;
40220;40220;1;1;1261;454;;451;;3;439;15;134;119;204;185;108;113;5;22;0;0;0;0;
40301;40301;1;1;1207;194;;188;;6;172;22;43;37;103;86;37;40;5;7;0;2;0;0;
40302;40302;1;1;1097;249;;244;;5;234;15;67;57;150;131;18;31;9;15;0;0;0;0;
40303;40303;1;1;775;268;;264;;4;246;22;73;69;137;112;46;54;8;9;0;2;0;0;
40304;40304;1;1;691;147;;143;;4;142;5;30;25;86;70;23;38;4;6;0;3;0;0;
40305;40305;1;1;603;268;;267;;1;254;14;61;57;159;146;43;47;4;4;0;0;0;0;
40306;40306;1;1;593;203;;199;;4;191;12;62;54;100;87;34;38;3;10;0;2;0;0;
40307;40307;1;1;1137;428;;415;;13;416;12;96;92;213;185;92;118;14;13;0;8;0;0;
40308;40308;1;1;539;204;;200;;4;186;18;56;56;92;71;46;49;6;9;0;1;0;0;
40309;40309;1;1;750;279;;274;;5;254;25;71;72;120;98;73;74;10;10;0;0;0;0;
40310;40310;1;1;600;213;;212;;1;195;18;62;55;104;72;41;59;5;9;0;0;0;0;
40311;40311;1;1;657;262;;260;;2;254;8;50;44;126;107;75;91;9;8;0;4;0;0;
40312;40312;1;1;1414;303;;293;;10;287;16;67;60;161;132;49;58;16;34;0;3;0;0;
40401;40401;1;1;1043;399;;390;;9;377;22;125;113;178;141;70;90;17;33;0;0;0;0;
40402;40402;1;1;695;287;;283;;4;280;7;104;93;125;111;45;52;9;24;0;0;0;0;
40403;40403;1;1;542;225;;223;;2;215;10;61;56;128;110;28;35;6;13;0;1;0;0;
40404;40404;1;1;1150;441;;435;;6;414;27;144;131;210;177;59;72;22;31;0;3;0;0;
40405;40405;1;1;891;231;;229;;2;215;16;66;62;137;113;22;29;4;8;0;3;0;0;
40406;40406;1;1;1494;545;;540;;5;517;28;170;145;258;213;96;123;16;35;0;1;0;0;
40501;40501;1;1;786;282;;279;;3;273;9;120;110;109;89;42;56;8;17;0;1;0;0;
40502;40502;1;1;755;282;;272;;10;259;23;103;94;129;93;32;54;8;18;0;0;0;0;
40503;40503;1;1;1418;443;;441;;2;421;22;195;162;190;148;36;65;20;44;0;2;0;0;
40504;40504;1;1;1243;371;;365;;6;349;22;94;78;242;209;24;48;5;12;0;2;0;0;
40505;40505;1;1;754;213;;203;;10;199;14;60;56;126;118;12;18;5;7;0;0;0;0;
40506;40506;1;1;606;188;;185;;3;181;7;41;41;121;110;14;19;9;10;0;1;0;0;
40507;40507;1;1;1350;391;;382;;9;370;21;96;89;244;231;31;35;11;15;0;0;0;0;
40601;40601;1;1;1530;445;;433;;12;416;29;116;105;236;213;66;75;15;20;0;3;0;0;
40602;40602;1;1;1243;336;;332;;4;326;10;126;118;142;120;54;71;10;13;0;4;0;0;
40603;40603;1;1;1527;562;;556;;6;546;16;235;223;204;174;96;107;21;38;0;4;0;0;
40604;40604;1;1;807;258;;249;;9;237;21;63;56;120;93;56;73;10;14;0;1;0;0;
40605;40605;1;1;867;220;;213;;7;213;7;49;45;111;81;47;79;6;8;0;0;0;0;
50101;50101;1;1;836;335;;331;;4;307;28;67;65;140;119;115;112;9;11;0;0;0;0;
50102;50102;1;1;798;274;;274;;0;261;13;81;69;111;88;75;92;7;12;0;0;0;0;
50103;50103;1;1;1225;430;;421;;9;399;31;85;67;177;147;153;168;6;17;0;0;0;0;
50104;50104;1;1;793;335;;327;;8;307;28;72;68;119;86;131;134;5;17;0;2;0;0;
50105;50105;1;1;724;328;;326;;2;302;26;71;66;135;102;114;119;6;14;0;1;0;0;
50106;50106;1;1;1532;727;;721;;6;689;38;149;130;314;226;241;285;17;48;0;0;0;0;
50107;50107;1;1;607;280;;276;;4;259;21;29;25;130;113;112;113;5;8;0;0;0;0;
50108;50108;1;1;1197;513;;507;;6;491;22;89;86;205;175;206;213;7;16;0;1;0;0;
50109;50109;1;1;718;271;;267;;4;263;8;52;48;111;109;99;93;5;11;0;2;0;0;
50110;50110;1;1;711;303;;299;;4;289;14;62;53;108;99;125;128;4;8;0;1;0;0;
50111;50111;1;1;1285;450;;444;;6;422;28;67;71;178;152;188;185;11;14;0;0;0;0;
50112;50112;1;1;1284;460;;457;;3;438;22;84;74;193;162;167;178;13;23;0;1;0;0;
50113;50113;1;1;890;348;;346;;2;332;16;78;61;123;110;136;139;9;22;0;0;0;0;
50114;50114;1;1;809;309;;301;;8;282;27;59;57;119;86;115;120;8;19;0;0;0;0;
50115;50115;1;1;1534;639;;627;;12;593;46;131;127;268;222;212;215;16;28;0;1;0;0;
50116;50116;1;1;1193;526;;524;;2;506;20;112;110;190;168;204;198;18;29;0;1;0;0;
50117;50117;1;1;704;359;;355;;4;342;17;41;40;138;109;165;173;11;19;0;1;0;0;
50118;50118;1;1;559;201;;200;;1;189;12;33;32;81;81;84;72;2;4;0;0;0;0;
50119;50119;1;1;954;340;;338;;2;319;21;62;55;135;124;133;121;8;18;0;1;0;0;
50120;50120;1;1;1034;477;;477;;0;464;13;88;73;187;160;193;200;9;30;0;1;0;0;
50121;50121;1;1;577;266;;261;;5;249;17;47;49;110;88;103;105;1;7;0;0;0;0;
50122;50122;1;1;660;305;;303;;2;294;11;65;52;107;84;119;139;12;19;0;0;0;0;
50123;50123;1;1;938;384;;379;;5;362;22;106;87;150;134;114;115;9;26;0;0;0;0;
50124;50124;1;1;973;356;;351;;5;340;16;95;82;145;119;103;115;8;22;0;2;0;0;
50125;50125;1;1;673;253;;251;;2;253;0;42;33;132;117;75;87;2;13;0;3;0;0;
50126;50126;1;1;536;200;;198;;2;192;8;50;42;94;98;50;43;4;9;0;0;0;0;
50201;50201;1;1;661;284;;277;;7;270;14;84;72;111;111;72;71;10;16;0;0;0;0;
50202;50202;1;1;680;255;;247;;8;234;21;71;63;121;101;51;65;4;5;0;0;0;0;
50203;50203;1;1;1162;426;;423;;3;399;27;117;92;183;173;108;105;15;25;0;4;0;0;
50204;50204;1;1;1408;433;;425;;8;404;29;115;92;199;183;93;101;18;24;0;4;0;0;
50301;50301;1;1;721;260;;254;;6;255;5;81;67;89;94;75;77;9;16;0;1;0;0;
50302;50302;1;1;653;270;;264;;6;252;18;60;57;110;82;89;100;5;13;0;0;0;0;
50303;50303;1;1;765;331;;324;;7;314;17;133;112;107;89;67;86;17;26;0;1;0;0;
50304;50304;1;1;713;349;;345;;4;327;22;101;89;118;94;108;121;18;23;0;0;0;0;
50305;50305;1;1;745;347;;341;;6;328;19;114;97;139;131;76;74;12;24;0;2;0;0;
50306;50306;1;1;553;142;;137;;5;142;0;31;31;69;79;35;30;2;1;0;1;0;0;
50307;50307;1;1;742;239;;231;;8;223;16;53;44;118;114;56;59;4;6;0;0;0;0;
50308;50308;1;1;626;310;;307;;3;301;9;97;75;119;99;80;93;11;34;0;0;0;0;
50309;50309;1;1;1104;292;;282;;10;268;24;105;96;144;126;23;35;10;10;0;1;0;0;
50310;50310;1;1;777;263;;256;;7;247;16;90;74;110;93;47;62;9;17;0;1;0;0;
50311;50311;1;1;956;248;;247;;1;247;1;92;78;121;132;27;24;7;11;0;2;0;0;
50401;50401;1;1;767;282;;275;;7;262;20;90;84;111;102;59;59;15;13;0;4;0;0;
50402;50402;1;1;735;255;;251;;4;245;10;88;77;94;95;58;58;11;14;0;1;0;0;
50403;50403;1;1;1014;352;;348;;4;334;18;118;93;140;143;72;73;18;24;0;1;0;0;
50404;50404;1;1;823;272;;267;;5;269;3;114;103;102;104;40;44;11;16;0;2;0;0;
50405;50405;1;1;863;205;;198;;7;181;24;60;54;93;86;34;30;11;9;0;2;0;0;
50406;50406;1;1;1541;417;;408;;9;387;30;94;82;209;185;93;96;12;20;0;4;0;0;
50407;50407;1;1;621;226;;225;;1;216;10;59;51;96;81;58;62;12;22;0;0;0;0;
50408;50408;1;1;604;200;;198;;2;185;15;74;51;75;77;40;39;9;17;0;1;0;0;
50409;50409;1;1;714;236;;232;;4;224;12;74;64;104;91;46;52;8;14;0;3;0;0;
50410;50410;1;1;610;166;;162;;4;156;10;47;43;87;91;23;15;5;6;0;1;0;0;
50411;50411;1;1;601;180;;175;;5;166;14;48;38;93;82;28;35;6;11;0;0;0;0;
50412;50412;1;1;613;248;;246;;2;234;14;83;73;105;88;49;57;9;14;0;2;0;0;
50413;50413;1;1;1065;423;;417;;6;404;19;128;118;183;165;86;92;20;26;0;3;0;0;
50414;50414;1;1;1230;395;;385;;10;381;14;131;103;153;146;85;87;16;40;0;5;0;0;
50501;50501;1;1;1293;345;;344;;1;316;29;80;65;186;150;72;86;6;13;0;2;0;0;
50502;50502;1;1;1244;400;;397;;3;376;24;112;86;190;178;75;87;20;24;0;1;0;0;
50503;50503;1;1;583;222;;218;;4;217;5;65;59;92;79;51;63;10;15;0;1;0;0;
50504;50504;1;1;749;232;;229;;3;225;7;71;64;110;111;38;39;10;10;0;1;0;0;
50505;50505;1;1;1314;410;;406;;4;383;27;125;108;173;157;89;84;19;32;0;2;0;0;
50506;50506;1;1;746;225;;223;;2;216;9;82;75;90;75;46;54;5;11;0;1;0;0;
50507;50507;1;1;653;235;;227;;8;220;15;81;55;83;94;50;50;13;20;0;1;0;0;
50508;50508;1;1;1400;388;;371;;17;354;34;104;85;165;157;83;86;19;24;0;2;0;0;
50509;50509;1;1;1229;419;;413;;6;399;20;148;125;163;161;86;86;16;24;0;3;0;0;
50601;50601;1;1;643;192;;192;;0;189;3;86;72;71;72;23;24;12;20;0;1;0;0;
50602;50602;1;1;782;250;;243;;7;237;13;100;79;107;98;31;41;5;18;0;1;0;0;
50603;50603;1;1;691;282;;279;;3;269;13;124;107;112;95;34;44;9;22;0;1;0;0;
50604;50604;1;1;698;298;;294;;4;284;14;136;117;98;89;49;55;11;23;0;0;0;0;
50605;50605;1;1;607;215;;213;;2;206;9;94;83;73;65;34;44;12;13;0;1;0;0;
50606;50606;1;1;642;312;;304;;8;290;22;123;105;113;106;58;66;10;13;0;0;0;0;
50607;50607;1;1;630;312;;305;;7;306;6;149;142;100;84;47;68;9;12;0;0;0;0;
50608;50608;1;1;744;378;;372;;6;366;12;183;162;129;114;52;70;8;20;0;0;0;0;
50609;50609;1;1;534;223;;221;;2;211;12;111;94;66;62;40;47;4;8;0;0;0;0;
50610;50610;1;1;659;167;;163;;4;164;3;59;50;83;84;17;22;4;6;0;2;0;0;
50611;50611;1;1;597;217;;217;;0;211;6;99;74;86;82;23;32;9;22;0;1;0;0;
50612;50612;1;1;611;184;;179;;5;180;4;79;70;73;68;16;25;11;14;0;3;0;0;
50613;50613;1;1;1163;445;;438;;7;429;16;191;154;164;173;65;64;18;36;0;2;0;0;
50614;50614;1;1;1209;410;;400;;10;397;13;181;156;144;143;55;58;20;34;0;6;0;0;
50701;50701;1;1;1114;281;;276;;5;269;12;78;68;149;129;40;54;9;17;0;1;0;0;
50702;50702;1;1;1298;389;;380;;9;363;26;131;124;196;174;42;51;11;13;0;1;0;0;
50703;50703;1;1;599;245;;239;;6;223;22;78;70;117;87;40;55;4;10;0;1;0;0;
50704;50704;1;1;584;211;;209;;2;203;8;70;63;83;81;48;47;8;12;0;0;0;0;
50705;50705;1;1;1154;353;;345;;8;329;24;90;72;195;159;49;73;11;21;0;4;0;0;
50706;50706;1;1;716;287;;277;;10;254;33;58;50;146;121;68;69;5;13;0;1;0;0;
50707;50707;1;1;750;273;;270;;3;254;19;80;69;146;126;36;43;8;16;0;0;0;0;
50708;50708;1;1;1152;279;;273;;6;260;19;64;55;155;127;47;62;7;15;0;1;0;0;
50709;50709;1;1;1239;400;;393;;7;381;19;102;86;208;188;69;82;14;22;0;3;0;0;
60101;60101;1;1;1058;426;;424;;2;418;8;206;176;129;136;75;67;14;37;0;2;0;0;
60102;60102;1;1;766;329;;326;;3;323;6;150;135;122;129;37;35;17;22;0;2;0;0;
60103;60103;1;1;703;307;;305;;2;289;18;129;105;125;113;34;39;17;31;0;1;0;0;
60104;60104;1;1;600;200;;197;;3;187;13;88;77;71;74;28;21;10;15;0;0;0;0;
60105;60105;1;1;887;260;;254;;6;242;18;82;74;130;128;34;25;8;15;0;0;0;0;
60201;60201;1;1;823;346;;345;;1;330;16;176;149;104;92;49;57;16;32;0;0;0;0;
60202;60202;1;1;780;370;;366;;4;357;13;164;121;98;97;88;111;16;27;0;1;0;0;
60301;60301;1;1;776;292;;292;;0;288;4;129;107;101;112;46;49;16;17;0;3;0;0;
60302;60302;1;1;735;246;;243;;3;223;23;110;89;82;70;38;38;13;25;0;1;0;0;
60303;60303;1;1;1254;311;;302;;9;277;34;100;87;161;139;31;39;10;9;0;3;0;0;
60304;60304;1;1;949;209;;200;;9;195;14;81;69;94;88;20;26;5;6;0;6;0;0;
60305;60305;1;1;1295;309;;293;;16;288;21;132;123;148;132;11;24;2;8;0;1;0;0;
60306;60306;1;1;1029;268;;263;;5;268;0;113;102;114;108;26;33;10;14;0;11;0;0;
60401;60401;1;1;817;322;;316;;6;309;13;165;142;97;95;42;43;12;26;0;3;0;0;
60402;60402;1;1;608;263;;257;;6;255;8;122;96;88;93;37;37;10;27;0;2;0;0;
60403;60403;1;1;996;342;;335;;7;326;16;154;125;131;121;34;50;16;28;0;2;0;0;
60404;60404;1;1;968;343;;335;;8;316;27;134;117;153;145;42;44;6;9;0;1;0;0;
60405;60405;1;1;1233;437;;431;;6;434;3;202;170;154;155;61;77;14;29;0;3;0;0;
60501;60501;1;1;1252;345;;343;;2;328;17;158;132;136;136;34;33;15;23;0;4;0;0;
60502;60502;1;1;1103;344;;338;;6;331;13;153;136;125;133;39;37;21;24;0;1;0;0;
60601;60601;1;1;611;194;;189;;5;186;8;75;62;90;87;20;29;4;7;0;1;0;0;
60602;60602;1;1;697;221;;217;;4;221;0;114;96;72;81;19;21;12;21;0;2;0;0;
60603;60603;1;1;1012;329;;324;;5;311;18;151;123;112;118;46;47;15;22;0;1;0;0;
60604;60604;1;1;656;272;;270;;2;258;14;134;116;106;105;23;21;7;16;0;0;0;0;
60605;60605;1;1;610;254;;249;;5;244;10;143;123;74;83;18;18;14;20;0;0;0;0;
60606;60606;1;1;1210;494;;489;;5;483;11;197;171;201;192;71;82;20;37;0;1;0;0;
60607;60607;1;1;632;283;;281;;2;282;1;110;99;118;117;43;50;10;13;0;3;0;0;
60608;60608;1;1;617;249;;245;;4;232;17;131;110;83;76;25;30;6;15;0;1;0;0;
60701;60701;1;1;698;331;;328;;3;324;7;161;137;94;101;51;49;22;33;0;4;0;0;
60702;60702;1;1;551;278;;274;;4;271;7;143;110;85;88;33;51;13;21;0;1;0;0;
60703;60703;1;1;661;288;;286;;2;276;12;130;103;94;85;45;46;17;40;0;2;0;0;
60704;60704;1;1;559;204;;204;;0;201;3;88;82;72;68;39;40;5;10;0;1;0;0;
60705;60705;1;1;1094;481;;477;;4;464;17;232;201;151;148;64;69;30;44;0;2;0;0;
60706;60706;1;1;770;284;;276;;8;267;17;121;98;91;90;41;41;23;35;0;3;0;0;
60707;60707;1;1;561;190;;188;;2;181;9;83;63;66;80;30;20;9;17;0;1;0;0;
60801;60801;1;1;891;308;;302;;6;289;19;133;119;101;105;56;52;12;12;0;1;0;0;
60802;60802;1;1;1283;330;;325;;5;311;19;112;88;147;158;49;42;17;21;0;2;0;0;
60803;60803;1;1;1405;383;;372;;11;352;31;139;127;163;140;55;65;15;19;0;1;0;0;
60901;60901;1;1;1009;208;;199;;9;184;24;72;60;96;95;23;17;8;10;0;2;0;0;
60902;60902;1;1;1173;212;;205;;7;198;14;53;55;127;104;19;35;6;3;0;1;0;0;
60903;60903;1;1;1102;188;;188;;0;183;5;86;80;79;77;17;15;6;10;0;1;0;0;
60904;60904;1;1;1330;235;;224;;11;218;17;83;67;108;113;25;21;8;14;0;3;0;0;
60905;60905;1;1;1441;288;;277;;11;271;17;88;76;138;147;39;35;12;10;0;3;0;0;
61001;61001;1;1;824;266;;265;;1;242;24;78;62;114;110;65;58;8;10;0;2;0;0;
61002;61002;1;1;787;216;;214;;2;198;18;65;52;112;99;29;32;8;14;0;1;0;0;
61003;61003;1;1;774;320;;315;;5;303;17;102;94;139;140;64;53;10;16;0;0;0;0;
61004;61004;1;1;1036;253;;250;;3;237;16;87;74;115;106;31;36;17;19;0;2;0;0;
61101;61101;1;1;1249;387;;379;;8;367;20;168;147;160;153;41;43;10;22;0;2;0;0;
61102;61102;1;1;1412;443;;437;;6;415;28;200;174;167;153;50;61;20;25;0;2;0;0;
61201;61201;1;1;1237;436;;429;;7;424;12;189;158;183;175;48;59;9;28;0;4;0;0;
61202;61202;1;1;970;373;;371;;2;360;13;151;124;167;159;44;50;9;26;0;1;0;0;
61203;61203;1;1;1028;316;;309;;7;305;11;112;92;142;152;43;40;12;21;0;0;0;0;
61204;61204;1;1;1144;398;;392;;6;383;15;177;152;150;147;51;50;14;32;0;2;0;0;
61205;61205;1;1;1013;297;;292;;5;289;8;116;104;140;127;27;36;9;16;0;6;0;0;
61206;61206;1;1;754;239;;233;;6;229;10;110;90;73;79;36;36;14;20;0;4;0;0;
61207;61207;1;1;643;226;;220;;6;213;13;87;75;101;96;23;24;9;18;0;0;0;0;
70101;70101;1;1;686;256;;254;;2;241;15;98;88;108;83;36;55;12;14;0;1;0;0;
70102;70102;1;1;630;242;;240;;2;234;8;77;71;114;102;40;49;9;12;0;0;0;0;
70103;70103;1;1;948;372;;366;;6;354;18;107;90;187;166;57;75;15;23;0;0;0;0;
70104;70104;1;1;683;261;;258;;3;245;16;85;74;113;88;50;64;10;18;0;1;0;0;
70105;70105;1;1;615;176;;176;;0;164;12;67;51;83;70;21;32;5;10;0;1;0;0;
70106;70106;1;1;688;278;;274;;4;261;17;90;88;124;93;42;57;18;22;0;1;0;0;
70107;70107;1;1;1181;386;;381;;5;356;30;109;103;186;163;65;65;21;25;0;0;0;0;
70108;70108;1;1;692;217;;215;;2;208;9;74;70;106;96;25;27;10;15;0;0;0;0;
70109;70109;1;1;686;248;;248;;0;233;15;95;82;116;90;26;45;11;15;0;1;0;0;
70110;70110;1;1;682;276;;263;;13;255;21;85;78;122;90;41;66;15;18;0;3;0;0;
70111;70111;1;1;695;321;;315;;6;307;14;132;124;115;86;53;73;15;24;0;0;0;0;
70201;70201;1;1;632;285;;280;;5;267;18;114;106;118;91;39;54;9;15;0;1;0;0;
70202;70202;1;1;550;210;;206;;4;188;22;66;60;89;73;37;37;14;17;0;1;0;0;
70203;70203;1;1;671;219;;215;;4;195;24;66;50;105;76;33;49;11;20;0;0;0;0;
70204;70204;1;1;557;242;;239;;3;227;15;101;92;97;75;29;37;12;23;0;0;0;0;
70205;70205;1;1;1116;409;;402;;7;378;31;145;126;187;151;56;75;14;25;0;1;0;0;
70301;70301;1;1;1268;457;;449;;8;427;30;147;130;221;182;52;71;29;39;0;5;0;0;
70302;70302;1;1;668;307;;305;;2;289;18;127;105;123;101;39;56;16;25;0;2;0;0;
70303;70303;1;1;600;259;;251;;8;238;21;94;82;103;83;41;49;13;22;0;2;0;0;
70304;70304;1;1;640;222;;217;;5;197;25;77;62;99;78;30;42;11;14;0;1;0;0;
70305;70305;1;1;571;194;;190;;4;170;24;57;49;102;78;17;25;14;15;0;3;0;0;
70306;70306;1;1;1306;404;;388;;16;374;30;132;111;179;151;60;73;17;35;0;4;0;0;
70401;70401;1;1;710;205;;200;;5;184;21;53;50;122;111;19;16;6;6;0;1;0;0;
70402;70402;1;1;666;208;;204;;4;183;25;68;55;111;101;21;17;4;7;0;3;0;0;
70501;70501;1;1;619;250;;245;;5;233;17;111;100;101;89;20;29;13;15;0;0;0;0;
70502;70502;1;1;665;208;;206;;2;201;7;95;86;85;83;20;25;6;7;0;0;0;0;
70503;70503;1;1;720;252;;242;;10;231;21;91;76;107;94;32;40;12;20;0;1;0;0;
70504;70504;1;1;697;270;;265;;5;249;21;140;123;86;76;28;31;11;18;0;1;0;0;
70505;70505;1;1;678;232;;226;;6;215;17;87;74;94;86;33;35;12;17;0;3;0;0;
70506;70506;1;1;788;324;;318;;6;298;26;142;123;131;105;28;38;17;31;0;1;0;0;
70507;70507;1;1;1333;432;;424;;8;410;22;152;128;218;184;41;75;13;23;0;0;0;0;
70508;70508;1;1;945;279;;275;;4;259;20;101;84;130;118;29;33;15;24;0;0;0;0;
70601;70601;1;1;1470;458;;446;;12;413;45;139;121;216;184;70;82;21;23;0;3;0;0;
70602;70602;1;1;684;293;;290;;3;275;18;138;117;111;91;33;47;8;19;0;1;0;0;
70603;70603;1;1;859;279;;271;;8;249;30;87;73;143;120;29;39;12;17;0;0;0;0;
70604;70604;1;1;1300;383;;373;;10;356;27;150;133;164;136;39;52;20;31;0;4;0;0;
70605;70605;1;1;1341;376;;366;;10;353;23;155;133;151;143;34;40;26;33;0;4;0;0;
70606;70606;1;1;1135;220;;214;;6;194;26;83;69;103;77;21;36;7;10;0;2;0;0;
70607;70607;1;1;1007;313;;308;;5;289;24;106;89;149;125;40;54;13;21;0;0;0;0;
70608;70608;1;1;1224;421;;415;;6;393;28;112;100;224;180;57;80;22;32;0;1;0;0;
70701;70701;1;1;727;235;;233;;2;219;16;76;62;131;109;17;30;9;16;0;2;0;0;
70702;70702;1;1;736;222;;213;;9;201;21;68;59;110;101;25;28;10;12;0;1;0;0;
70703;70703;1;1;1319;379;;372;;7;350;29;153;136;170;145;32;41;17;24;0;4;0;0;
70704;70704;1;1;1043;430;;420;;10;380;50;169;139;185;162;49;49;17;30;0;0;0;0;
70705;70705;1;1;659;227;;225;;2;218;9;80;75;122;104;12;23;11;15;0;1;0;0;
70706;70706;1;1;711;141;;136;;5;135;6;50;42;68;66;14;22;4;5;0;0;0;0;
70707;70707;1;1;1131;399;;391;;8;374;25;162;148;175;150;39;52;15;21;0;3;0;0;
70708;70708;1;1;1109;368;;357;;11;343;25;121;102;194;173;31;44;11;20;0;4;0;0;
70709;70709;1;1;1305;354;;345;;9;317;37;105;89;190;163;35;46;15;16;0;3;0;0;
70801;70801;1;1;1100;426;;416;;10;393;33;204;178;160;141;41;53;11;19;0;2;0;0;
70901;70901;1;1;1227;379;;366;;13;352;27;143;115;173;162;35;48;15;25;0;2;0;0;
70902;70902;1;1;1384;398;;391;;7;378;20;147;118;187;154;39;62;18;38;0;6;0;0;
70903;70903;1;1;1213;407;;396;;11;389;18;131;112;203;189;42;52;20;31;0;5;0;0;
71001;71001;1;1;967;294;;288;;6;275;19;94;81;142;132;40;41;12;18;0;3;0;0;
71002;71002;1;1;656;294;;293;;1;269;25;119;94;120;111;33;32;21;31;0;1;0;0;
71003;71003;1;1;691;205;;202;;3;190;15;87;79;77;60;25;31;13;16;0;4;0;0;
71004;71004;1;1;634;216;;212;;4;202;14;83;81;97;73;22;29;10;18;0;1;0;0;
71005;71005;1;1;682;262;;258;;4;255;7;111;103;106;98;27;33;14;20;0;1;0;0;
71006;71006;1;1;1022;300;;292;;8;280;20;93;83;151;132;31;42;17;20;0;3;0;0;
71007;71007;1;1;1017;373;;369;;4;350;23;154;128;164;145;37;44;14;29;0;4;0;0;
71101;71101;1;1;756;229;;225;;4;219;10;91;86;102;87;19;24;13;20;0;2;0;0;
71102;71102;1;1;677;239;;235;;4;223;16;89;81;108;92;23;38;15;10;0;2;0;0;
71103;71103;1;1;743;280;;271;;9;256;24;91;82;132;105;37;50;11;17;0;2;0;0;
71104;71104;1;1;747;289;;282;;7;270;19;87;73;137;123;50;53;8;19;0;2;0;0;
71105;71105;1;1;756;336;;333;;3;321;15;166;145;122;115;30;34;15;27;0;0;0;0;
71106;71106;1;1;616;233;;230;;3;228;5;106;89;103;90;13;26;8;21;0;2;0;0;
71201;71201;1;1;574;185;;180;;5;167;18;67;54;78;69;21;25;14;16;0;3;0;0;
71202;71202;1;1;686;242;;241;;1;232;10;82;77;121;102;26;34;12;16;0;3;0;0;
71203;71203;1;1;678;273;;269;;4;256;17;119;105;117;96;22;33;11;22;0;0;0;0;
71204;71204;1;1;617;231;;225;;6;215;16;81;72;103;94;29;35;12;12;0;2;0;0;
71301;71301;1;1;805;416;;411;;5;393;23;206;174;134;101;41;61;30;55;0;2;0;0;
71401;71401;1;1;866;360;;353;;7;351;9;144;114;138;135;51;60;20;40;0;2;0;0;
71402;71402;1;1;765;358;;354;;4;335;23;159;131;129;115;50;58;16;31;0;0;0;0;
71403;71403;1;1;646;294;;289;;5;280;14;112;105;130;106;36;56;11;12;0;1;0;0;
71404;71404;1;1;706;339;;336;;3;328;11;132;114;142;117;45;69;17;27;0;1;0;0;
71405;71405;1;1;620;269;;267;;2;256;13;112;103;125;96;22;39;8;18;0;0;0;0;
71406;71406;1;1;694;303;;298;;5;291;12;118;98;114;95;53;62;13;34;0;2;0;0;
71407;71407;1;1;658;294;;288;;6;281;13;121;110;107;86;43;61;17;23;0;1;0;0;
71408;71408;1;1;652;283;;281;;2;271;12;133;125;109;99;28;30;11;17;0;0;0;0;
71409;71409;1;1;673;238;;237;;1;229;9;113;105;86;66;27;38;11;20;0;0;0;0;
71410;71410;1;1;613;248;;245;;3;220;28;80;67;100;81;46;46;19;24;0;2;0;0;
71411;71411;1;1;877;410;;402;;8;389;21;160;139;181;150;49;76;12;23;0;1;0;0;
71412;71412;1;1;1219;397;;388;;9;369;28;117;98;217;196;45;51;9;18;0;6;0;0;
71501;71501;1;1;588;235;;228;;7;219;16;101;90;92;84;24;24;11;20;0;1;0;0;
71502;71502;1;1;597;259;;256;;3;247;12;100;94;110;96;28;38;18;19;0;0;0;0;
71503;71503;1;1;692;285;;285;;0;276;9;122;96;115;114;43;46;5;20;0;0;0;0;
71504;71504;1;1;624;266;;261;;5;253;13;104;91;115;105;31;37;11;17;0;3;0;0;
71601;71601;1;1;784;273;;267;;6;261;12;122;117;110;100;28;34;7;9;0;1;0;0;
71602;71602;1;1;1265;267;;260;;7;230;37;94;82;131;106;23;25;12;17;0;0;0;0;
71603;71603;1;1;1221;332;;327;;5;307;25;138;108;161;142;19;35;9;21;0;1;0;0;
80101;80101;1;1;1102;332;;327;;5;312;20;48;51;177;149;87;97;15;11;0;4;0;0;
80102;80102;1;1;1536;398;;393;;5;368;30;75;81;215;175;80;89;23;21;0;2;0;0;
80103;80103;1;1;1174;332;;319;;13;311;21;85;86;192;166;28;45;14;10;0;4;0;0;
80104;80104;1;1;1293;312;;310;;2;308;4;77;78;192;173;24;38;17;17;0;2;0;0;
80105;80105;1;1;1191;281;;278;;3;266;15;58;50;154;130;49;61;17;23;0;2;0;0;
80106;80106;1;1;1165;284;;280;;4;284;0;89;94;163;151;22;31;6;3;0;5;0;0;
80107;80107;1;1;1086;282;;274;;8;253;29;85;79;149;124;29;34;11;13;0;3;0;0;
80201;80201;1;1;1248;298;;293;;5;286;12;66;63;159;140;61;69;7;9;0;5;0;0;
80202;80202;1;1;1135;223;;212;;11;203;20;45;37;116;104;47;53;4;8;0;1;0;0;
80203;80203;1;1;1146;229;;226;;3;200;29;37;34;125;94;58;66;6;5;0;1;0;0;
80204;80204;1;1;1407;381;;377;;4;360;21;80;80;206;169;79;98;12;13;0;0;0;0;
80205;80205;1;1;1306;309;;308;;1;283;26;48;43;170;146;74;77;16;17;0;0;0;0;
80206;80206;1;1;1237;337;;327;;10;307;30;65;51;179;162;75;81;8;12;0;1;0;0;
80207;80207;1;1;1112;285;;281;;4;267;18;56;42;154;127;58;71;13;23;0;4;0;0;
80208;80208;1;1;1134;241;;239;;2;241;0;41;39;144;146;43;40;11;11;0;5;0;0;
80209;80209;1;1;1231;355;;349;;6;326;29;59;50;158;130;110;114;22;31;0;1;0;0;
80301;80301;1;1;1576;405;;405;;0;394;11;106;102;251;229;38;55;10;7;0;1;0;0;
80302;80302;1;1;1120;293;;284;;9;253;40;76;61;150;133;48;45;10;13;0;1;0;0;
80303;80303;1;1;1215;325;;317;;8;301;24;98;89;163;138;41;52;15;20;0;2;0;0;
80304;80304;1;1;1228;280;;270;;10;264;16;62;67;179;160;22;28;7;6;0;3;0;0;
80305;80305;1;1;1219;233;;223;;10;219;14;36;34;140;135;43;44;4;4;0;2;0;0;
80401;80401;1;1;918;150;;148;;2;139;11;30;25;83;72;27;30;8;10;0;2;0;0;
80402;80402;1;1;1217;273;;266;;7;260;13;70;65;160;149;28;38;8;8;0;0;0;0;
80403;80403;1;1;1038;297;;294;;3;286;11;59;66;184;159;37;53;14;8;0;0;0;0;
80404;80404;1;1;1102;293;;288;;5;286;7;81;86;165;144;36;41;6;8;0;7;0;0;
80405;80405;1;1;1136;296;;290;;6;272;24;48;42;176;154;50;60;16;14;0;2;0;0;
80406;80406;1;1;1353;309;;298;;11;294;15;77;71;162;140;40;53;19;28;0;2;0;0;
80501;80501;1;1;1200;220;;208;;12;207;13;41;43;135;118;22;32;10;6;0;8;0;0;
80502;80502;1;1;1090;264;;257;;7;256;8;97;97;117;103;27;33;16;18;0;5;0;0;
80503;80503;1;1;676;274;;271;;3;266;8;93;89;123;105;41;48;14;21;0;3;0;0;
80504;80504;1;1;639;270;;266;;4;256;14;119;111;101;90;28;38;18;16;0;1;0;0;
80505;80505;1;1;1088;353;;344;;9;339;14;94;92;200;166;33;58;17;20;0;3;0;0;
80506;80506;1;1;671;221;;218;;3;199;22;86;76;105;86;22;24;5;13;0;0;0;0;
80507;80507;1;1;673;172;;169;;3;162;10;55;58;86;73;14;19;14;12;0;0;0;0;
80601;80601;1;1;974;452;;443;;9;424;28;174;162;180;147;61;73;28;42;0;0;0;0;
80602;80602;1;1;706;257;;255;;2;240;17;83;72;136;115;29;40;7;12;0;1;0;0;
80603;80603;1;1;884;289;;283;;6;269;20;101;93;127;108;44;55;11;12;0;1;0;0;
80604;80604;1;1;809;346;;339;;7;330;16;144;130;130;106;43;62;22;27;0;5;0;0;
80605;80605;1;1;1390;436;;427;;9;401;35;119;103;224;195;55;71;29;30;0;2;0;0;
80606;80606;1;1;845;289;;286;;3;279;10;110;106;122;92;34;52;20;26;0;3;0;0;
80607;80607;1;1;751;163;;158;;5;151;12;48;44;83;71;22;26;5;9;0;1;0;0;
80701;80701;1;1;635;237;;233;;4;228;9;84;81;103;89;33;38;13;19;0;1;0;0;
80702;80702;1;1;678;307;;305;;2;298;9;123;107;126;91;42;67;14;31;0;2;0;0;
80703;80703;1;1;919;376;;372;;4;362;14;149;123;148;121;57;77;18;40;0;1;0;0;
80704;80704;1;1;1233;440;;435;;5;404;36;137;122;218;176;55;72;25;31;0;3;0;0;
80705;80705;1;1;646;292;;287;;5;275;17;106;90;122;94;43;67;16;24;0;0;0;0;
80706;80706;1;1;650;228;;218;;10;213;15;91;83;89;74;23;35;15;18;0;3;0;0;
80707;80707;1;1;893;357;;356;;1;344;13;163;142;132;101;47;75;14;24;0;2;0;0;
80708;80708;1;1;620;327;;319;;8;318;9;148;120;108;96;47;67;16;33;0;2;0;0;
80709;80709;1;1;645;252;;251;;1;233;19;96;83;109;85;27;33;19;32;0;0;0;0;
80710;80710;1;1;669;254;;252;;2;238;16;91;84;114;83;33;55;14;16;0;0;0;0;
80801;80801;1;1;631;270;;265;;5;263;7;142;120;66;57;35;43;22;43;0;0;0;0;
80802;80802;1;1;547;261;;260;;1;258;3;142;128;52;47;40;49;26;33;0;1;0;0;
80803;80803;1;1;612;299;;298;;1;286;13;113;89;132;115;42;52;11;30;0;0;0;0;
80804;80804;1;1;642;302;;290;;12;279;23;127;105;90;66;47;69;26;39;0;0;0;0;
80805;80805;1;1;1062;460;;455;;5;440;20;179;160;197;159;49;80;30;41;0;0;0;0;
80806;80806;1;1;664;231;;225;;6;210;21;85;72;106;93;21;25;13;20;0;0;0;0;
80807;80807;1;1;741;287;;282;;5;271;16;124;104;125;109;23;31;10;26;0;1;0;0;
80808;80808;1;1;660;255;;253;;2;235;20;89;80;119;97;32;38;13;20;0;0;0;0;
80809;80809;1;1;598;244;;242;;2;233;11;119;108;87;66;26;35;10;23;0;1;0;0;
80810;80810;1;1;1117;421;;417;;4;389;32;137;116;211;163;56;81;13;25;0;4;0;0;
80811;80811;1;1;704;304;;298;;6;285;19;120;102;136;105;31;62;11;15;0;1;0;0;
80812;80812;1;1;625;281;;279;;2;268;13;114;103;103;85;46;59;16;21;0;0;0;0;
80901;80901;1;1;1087;421;;406;;15;416;5;162;165;184;152;39;66;21;32;0;1;0;0;
80902;80902;1;1;1096;223;;217;;6;218;5;62;58;130;117;16;30;9;11;0;2;0;0;
80903;80903;1;1;933;238;;232;;6;231;7;73;73;132;118;16;30;11;10;0;0;0;0;
80904;80904;1;1;619;202;;196;;6;195;7;56;64;101;92;20;21;19;14;0;4;0;0;
80905;80905;1;1;626;237;;231;;6;229;8;90;77;117;99;13;29;11;21;0;3;0;0;
80906;80906;1;1;606;254;;242;;12;228;26;94;89;118;90;20;31;10;16;0;2;0;0;
80907;80907;1;1;563;122;;119;;3;121;1;63;62;39;31;9;19;8;8;0;1;0;0;
90101;90101;1;1;1101;311;;303;;8;285;26;112;108;159;126;25;36;7;14;0;1;0;0;
90102;90102;1;1;1174;270;;264;;6;238;32;61;51;147;118;49;59;7;9;0;1;0;0;
90103;90103;1;1;1301;378;;367;;11;357;21;88;81;187;146;76;109;16;19;0;2;0;0;
90104;90104;1;1;1448;395;;390;;5;362;33;79;73;208;171;84;93;19;23;0;2;0;0;
90105;90105;1;1;1176;339;;330;;9;317;22;35;35;196;148;82;116;17;17;0;1;0;0;
90106;90106;1;1;983;279;;271;;8;258;21;62;59;158;135;37;51;14;12;0;1;0;0;
90107;90107;1;1;696;249;;248;;1;243;6;65;64;122;97;53;68;8;13;0;1;0;0;
90108;90108;1;1;693;240;;240;;0;227;13;49;47;126;95;56;73;9;10;0;2;0;0;
90109;90109;1;1;777;281;;279;;2;268;13;44;48;131;92;96;118;8;8;0;2;0;0;
90110;90110;1;1;684;198;;194;;4;177;21;38;34;118;90;33;46;5;6;0;1;0;0;
90111;90111;1;1;786;275;;272;;3;264;11;83;83;136;102;45;67;8;12;0;0;0;0;
90112;90112;1;1;710;190;;186;;4;186;4;65;47;85;77;29;50;7;12;0;0;0;0;
90113;90113;1;1;1003;230;;218;;12;212;18;55;45;114;98;41;57;8;11;0;1;0;0;
90114;90114;1;1;1191;329;;321;;8;304;25;73;76;182;141;49;72;17;15;0;0;0;0;
90115;90115;1;1;1081;291;;289;;2;280;11;54;50;149;112;75;98;11;18;0;2;0;0;
90116;90116;1;1;906;315;;308;;7;297;18;78;68;140;102;80;110;10;15;0;2;0;0;
90117;90117;1;1;1489;439;;431;;8;410;29;128;107;212;161;73;98;18;42;0;2;0;0;
90118;90118;1;1;1420;403;;392;;11;362;41;78;74;217;147;84;121;13;17;0;3;0;0;
90119;90119;1;1;1244;270;;268;;2;253;17;49;41;156;112;58;89;5;10;0;1;0;0;
90120;90120;1;1;1052;142;;138;;4;131;11;24;24;79;67;33;33;2;3;0;4;0;0;
90121;90121;1;1;1167;229;;225;;4;213;16;51;54;127;101;37;40;10;11;0;7;0;0;
90122;90122;1;1;756;320;;313;;7;304;16;124;108;137;116;40;59;12;19;0;2;0;0;
90123;90123;1;1;778;281;;271;;10;268;13;93;85;125;90;39;70;14;22;0;1;0;0;
90201;90201;1;1;1090;385;;381;;4;367;18;88;82;240;205;42;64;11;16;0;0;0;0;
90202;90202;1;1;1003;253;;245;;8;228;25;63;53;134;124;36;38;12;13;0;0;0;0;
90203;90203;1;1;1165;271;;263;;8;237;34;49;49;158;127;44;52;12;9;0;0;0;0;
90204;90204;1;1;1109;194;;189;;5;184;10;55;48;103;96;26;33;5;6;0;1;0;0;
90301;90301;1;1;1321;367;;357;;10;343;24;105;96;204;176;34;49;14;20;0;2;0;0;
90302;90302;1;1;644;182;;175;;7;170;12;57;48;87;73;23;37;8;12;0;0;0;0;
90303;90303;1;1;658;196;;190;;6;173;23;66;59;93;72;30;36;1;4;0;2;0;0;
90304;90304;1;1;991;243;;238;;5;228;15;62;52;146;125;25;40;5;10;0;1;0;0;
90305;90305;1;1;1307;370;;361;;9;353;17;83;80;203;170;66;84;9;17;0;2;0;0;
90306;90306;1;1;1135;417;;411;;6;398;19;99;92;223;204;74;79;15;22;0;1;0;0;
90307;90307;1;1;749;258;;254;;4;240;18;73;71;132;107;36;49;13;12;0;1;0;0;
90308;90308;1;1;610;188;;181;;7;174;14;47;43;104;88;24;30;6;12;0;1;0;0;
90401;90401;1;1;699;352;;349;;3;335;17;123;104;146;112;67;99;13;20;0;0;0;0;
90402;90402;1;1;1158;340;;336;;4;317;23;85;71;166;147;73;82;12;15;0;2;0;0;
90403;90403;1;1;1135;413;;397;;16;374;39;145;134;175;136;60;79;17;21;0;4;0;0;
90404;90404;1;1;1286;418;;412;;6;397;21;123;105;205;178;68;84;16;28;0;2;0;0;
90405;90405;1;1;1227;395;;391;;4;381;14;114;101;217;195;52;64;8;18;0;3;0;0;
90406;90406;1;1;1208;266;;262;;4;239;27;50;51;186;137;21;43;5;7;0;1;0;0;
90407;90407;1;1;1347;460;;452;;8;443;17;124;112;249;210;61;89;18;32;0;0;0;0;
90408;90408;1;1;996;257;;255;;2;254;3;86;79;138;115;29;44;2;13;0;3;0;0;
90409;90409;1;1;1171;375;;370;;5;355;20;130;116;183;158;38;49;19;30;0;2;0;0;
90410;90410;1;1;1226;296;;290;;6;275;21;76;62;171;150;33;48;10;10;0;5;0;0;
90411;90411;1;1;1201;431;;426;;5;425;6;143;135;191;163;73;97;19;26;0;4;0;0;
90412;90412;1;1;666;318;;318;;0;308;10;132;110;136;105;41;68;9;21;0;4;0;0;
90413;90413;1;1;612;264;;261;;3;248;16;93;87;123;101;34;40;11;18;0;2;0;0;
90501;90501;1;1;762;340;;333;;7;322;18;92;81;164;126;64;91;13;23;0;1;0;0;
90502;90502;1;1;598;240;;236;;4;230;10;69;58;121;106;36;49;10;17;0;0;0;0;
90503;90503;1;1;726;285;;282;;3;273;12;71;65;153;130;45;58;13;18;0;2;0;0;
90504;90504;1;1;755;278;;274;;4;257;21;75;76;136;111;56;58;7;11;0;1;0;0;
90505;90505;1;1;698;199;;197;;2;179;20;55;48;103;86;30;37;9;8;0;0;0;0;
90506;90506;1;1;748;278;;273;;5;268;10;93;80;140;125;33;45;7;17;0;1;0;0;
90507;90507;1;1;755;320;;319;;1;302;18;96;93;140;115;67;78;16;16;0;0;0;0;
90508;90508;1;1;763;233;;230;;3;223;10;62;57;114;104;47;52;7;10;0;0;0;0;
90509;90509;1;1;1426;526;;515;;11;494;32;156;135;240;194;98;124;21;41;0;0;0;0;
90510;90510;1;1;652;281;;279;;2;271;10;98;98;119;89;47;68;15;14;0;2;0;0;
90511;90511;1;1;635;301;;301;;0;288;13;95;81;156;117;38;64;12;26;0;0;0;0;
90512;90512;1;1;629;272;;267;;5;259;13;129;121;83;62;51;58;4;18;0;0;0;0;
90513;90513;1;1;670;320;;318;;2;309;11;109;98;126;88;75;103;8;20;0;0;0;0;
90514;90514;1;1;681;311;;308;;3;304;7;133;131;117;85;46;66;12;16;0;6;0;0;
90515;90515;1;1;620;289;;287;;2;285;4;132;114;79;65;60;71;16;35;0;0;0;0;
90516;90516;1;1;554;235;;231;;4;223;12;80;76;110;86;30;43;11;16;0;2;0;0;
90517;90517;1;1;590;233;;228;;5;227;6;76;62;91;83;46;51;15;30;0;1;0;0;
90518;90518;1;1;671;291;;286;;5;277;14;95;90;110;99;67;69;14;18;0;1;0;0;
90519;90519;1;1;707;306;;304;;2;292;14;97;90;157;116;43;73;7;13;0;0;0;0;
90520;90520;1;1;599;286;;282;;4;269;17;90;85;116;102;70;66;6;16;0;0;0;0;
90521;90521;1;1;704;373;;368;;5;349;24;139;116;164;127;54;74;11;32;0;0;0;0;
90522;90522;1;1;585;287;;282;;5;270;17;116;100;106;87;50;64;10;18;0;1;0;0;
90523;90523;1;1;673;252;;245;;7;234;18;64;64;134;107;42;53;5;10;0;0;0;0;
90601;90601;1;1;740;337;;332;;5;326;11;85;89;174;134;56;85;17;17;0;1;0;0;
90602;90602;1;1;711;304;;300;;4;287;17;68;54;183;161;43;58;6;14;0;0;0;0;
90603;90603;1;1;1068;379;;374;;5;355;24;76;72;256;208;35;59;7;14;0;2;0;0;
90604;90604;1;1;1306;372;;362;;10;345;27;87;87;210;184;50;61;15;11;0;2;0;0;
90605;90605;1;1;1351;385;;373;;12;362;23;122;108;195;167;48;61;8;23;0;3;0;0;
90606;90606;1;1;729;283;;277;;6;269;14;89;85;152;122;25;42;11;18;0;2;0;0;
90607;90607;1;1;615;230;;226;;4;215;15;77;67;115;92;27;38;7;18;0;0;0;0;
90608;90608;1;1;633;258;;253;;5;243;15;101;97;115;92;29;44;8;10;0;0;0;0;
90609;90609;1;1;740;307;;300;;7;295;12;98;93;158;137;31;45;13;19;0;1;0;0;
90610;90610;1;1;772;283;;276;;7;261;22;95;82;123;109;41;52;17;18;0;0;0;0;
90611;90611;1;1;815;260;;250;;10;242;18;88;78;118;98;33;46;11;20;0;0;0;0;
90612;90612;1;1;655;303;;301;;2;298;5;108;98;148;120;35;52;10;17;0;11;0;0;
90613;90613;1;1;584;286;;279;;7;272;14;64;63;174;141;33;58;8;10;0;0;0;0;
90701;90701;1;1;1186;472;;464;;8;450;22;199;191;207;176;42;59;16;22;0;2;0;0;
90702;90702;1;1;1441;314;;305;;9;294;20;83;83;176;128;34;64;12;19;0;0;0;0;
90703;90703;1;1;1158;364;;354;;10;336;28;98;100;202;156;42;63;12;16;0;1;0;0;
90704;90704;1;1;732;302;;299;;3;275;27;82;71;167;118;38;62;12;20;0;4;0;0;
90705;90705;1;1;727;295;;292;;3;279;16;95;96;145;108;39;50;13;24;0;1;0;0;
90706;90706;1;1;707;331;;329;;2;319;12;128;120;163;129;24;47;14;20;0;3;0;0;
90707;90707;1;1;645;274;;268;;6;258;16;80;78;143;105;40;60;5;14;0;1;0;0;
90708;90708;1;1;680;274;;269;;5;264;10;69;72;161;121;26;51;13;20;0;0;0;0;
90709;90709;1;1;710;241;;238;;3;235;6;70;71;118;82;32;51;18;29;0;2;0;0;
90801;90801;1;1;985;302;;290;;12;285;17;116;106;143;122;22;40;9;16;0;1;0;0;
90802;90802;1;1;856;247;;244;;3;210;37;105;91;124;92;12;18;3;8;0;1;0;0;
90803;90803;1;1;622;248;;241;;7;236;12;88;82;127;102;20;34;6;18;0;0;0;0;
90804;90804;1;1;636;189;;178;;11;172;17;71;65;99;78;5;20;3;9;0;0;0;0;
90805;90805;1;1;1119;375;;369;;6;361;14;147;143;154;143;45;50;23;25;0;0;0;0;
90806;90806;1;1;1046;366;;356;;10;336;30;150;144;158;125;36;51;12;15;0;1;0;0;
90901;90901;1;1;1043;425;;420;;5;408;17;162;157;209;170;35;61;14;20;0;0;0;0;
90902;90902;1;1;967;242;;236;;6;225;17;85;75;127;117;17;21;7;10;0;2;0;0;
90903;90903;1;1;1002;368;;360;;8;346;22;120;108;181;161;39;56;20;19;0;2;0;0;
90904;90904;1;1;604;239;;232;;7;220;19;87;85;109;83;25;37;11;13;0;2;0;0;
90905;90905;1;1;623;213;;213;;0;205;8;63;49;132;123;13;18;5;13;0;2;0;0;
90906;90906;1;1;682;286;;282;;4;265;21;95;85;149;128;27;36;11;15;0;1;0;0;
90907;90907;1;1;705;300;;295;;5;277;23;104;99;153;131;23;28;15;18;0;1;0;0;
10171;10171;1;1;0;422;;420;;2;406;16;156;141;138;109;108;115;18;39;0;1;0;1;
10172;10172;1;1;0;367;;357;;10;355;12;130;113;121;120;91;81;15;38;0;3;0;0;
10173;10173;1;1;0;742;;738;;4;714;28;214;216;258;243;228;193;38;62;0;0;0;0;
10174;10174;1;1;0;457;;454;;3;447;10;117;107;157;157;156;145;24;37;0;1;0;0;
10175;10175;1;1;0;402;;401;;1;388;14;102;91;119;128;162;136;18;32;0;1;0;0;
10176;10176;1;1;0;415;;411;;4;391;24;143;119;113;114;126;110;29;46;0;2;0;0;
10177;10177;1;1;0;488;;485;;3;459;29;161;141;158;153;126;116;40;49;0;0;0;0;
10178;10178;1;1;0;325;;324;;1;312;13;123;112;104;97;79;66;18;37;0;0;0;0;
10271;10271;1;1;0;789;;783;;6;746;43;205;174;224;227;320;278;34;66;0;1;0;0;
10272;10272;1;1;0;486;;485;;1;461;25;112;103;128;145;227;185;18;28;0;0;0;0;
10273;10273;1;1;0;529;;527;;2;506;23;142;122;146;156;215;183;24;43;0;2;0;0;
10274;10274;1;1;0;713;;711;;2;713;0;259;244;182;182;229;206;41;59;0;22;0;0;
10275;10275;1;1;0;596;;589;;7;571;25;153;142;204;200;213;198;19;31;0;0;0;0;
10276;10276;1;1;0;593;;584;;9;575;18;157;137;175;170;215;209;37;58;0;1;0;0;
10277;10277;1;1;0;550;;547;;3;539;11;154;134;161;163;196;180;36;60;0;2;0;0;
10278;10278;1;1;0;464;;464;;0;448;16;137;104;128;137;178;152;21;55;0;0;0;0;
10279;10279;1;1;0;379;;376;;3;356;23;106;98;94;81;151;137;25;40;0;0;0;0;
10371;10371;1;1;0;560;;553;;7;547;13;227;229;150;134;102;110;74;73;0;1;0;0;
10372;10372;1;1;0;436;;433;;3;431;5;184;175;121;104;83;100;45;52;0;0;0;0;
10373;10373;1;1;0;425;;423;;2;419;6;168;158;137;125;85;100;33;36;0;0;0;0;
10374;10374;1;1;0;488;;482;;6;464;24;139;146;158;129;149;153;36;36;0;0;0;0;
10375;10375;1;1;0;540;;538;;2;532;8;214;217;131;115;126;128;67;71;0;1;0;0;
10471;10471;1;1;0;423;;421;;2;409;14;120;120;135;99;119;139;47;49;0;2;0;0;
10472;10472;1;1;0;818;;811;;7;783;35;209;207;247;232;272;257;83;86;0;1;0;0;
10473;10473;1;1;0;253;;252;;1;243;10;74;68;78;65;73;77;27;33;0;0;0;0;
10474;10474;1;1;0;474;;472;;2;449;25;128;126;145;130;149;148;50;45;0;0;0;0;
10475;10475;1;1;0;284;;282;;2;267;17;73;58;84;79;103;107;22;23;0;0;0;0;
10476;10476;1;1;0;386;;382;;4;371;15;76;80;141;141;137;120;28;30;0;0;0;0;
10477;10477;1;1;0;476;;474;;2;464;12;126;118;171;153;141;150;36;42;0;1;0;0;
10478;10478;1;1;0;482;;477;;5;467;15;124;105;164;143;164;175;25;43;0;1;0;0;
10479;10479;1;1;0;594;;591;;3;583;11;198;188;183;166;149;165;61;61;0;3;0;0;
10571;10571;1;1;0;691;;683;;8;678;13;219;224;253;208;161;197;50;48;0;1;0;0;
10572;10572;1;1;0;751;;739;;12;737;14;226;247;292;265;166;187;55;38;0;0;0;0;
10573;10573;1;1;0;702;;695;;7;681;21;239;248;274;251;125;128;57;51;0;3;0;0;
20171;20171;1;1;0;573;;569;;4;550;23;192;172;189;179;154;141;34;58;0;0;0;0;
20172;20172;1;1;0;712;;702;;10;680;32;301;280;210;196;152;132;39;72;0;0;0;0;
20271;20271;1;1;0;344;;338;;6;335;9;187;156;74;74;53;54;24;50;0;1;0;0;
20272;20272;1;1;0;622;;620;;2;619;3;413;346;80;81;77;73;50;117;0;2;0;0;
20371;20371;1;1;0;583;;577;;6;561;22;188;164;215;212;142;128;32;55;0;2;0;0;
20471;20471;1;1;0;766;;755;;11;734;32;344;302;248;247;137;129;26;54;0;2;0;0;
20571;20571;1;1;0;632;;623;;9;606;26;206;192;251;230;140;144;26;38;0;2;0;0;
20572;20572;1;1;0;531;;527;;4;507;24;182;157;213;196;118;127;14;27;0;0;0;0;
20573;20573;1;1;0;542;;538;;4;516;26;164;150;215;210;136;123;23;33;0;0;0;0;
20574;20574;1;1;0;425;;417;;8;416;9;133;122;166;174;110;96;8;23;0;1;0;0;
20575;20575;1;1;0;407;;403;;4;393;14;136;127;170;162;81;82;16;20;0;2;0;0;
20671;20671;1;1;0;634;;629;;5;621;13;347;301;162;169;85;77;35;69;0;5;0;0;
20672;20672;1;1;0;807;;802;;5;783;24;411;364;226;228;114;102;51;88;0;1;0;0;
20771;20771;1;1;0;437;;434;;3;431;6;332;256;21;24;29;26;52;125;0;0;0;0;
20871;20871;1;1;0;495;;489;;6;481;14;240;218;146;138;87;83;16;41;0;1;0;0;
20872;20872;1;1;0;550;;545;;5;545;5;303;274;122;110;85;91;35;70;0;0;0;0;
20873;20873;1;1;0;752;;744;;8;731;21;422;370;154;140;128;128;40;93;0;0;0;0;
20874;20874;1;1;0;407;;404;;3;393;14;193;170;111;119;74;58;26;45;0;1;0;0;
20875;20875;1;1;0;701;;699;;2;696;5;410;344;157;176;97;77;35;99;0;0;0;0;
20971;20971;1;1;0;320;;316;;4;317;3;163;160;83;78;46;46;24;32;0;1;0;0;
20972;20972;1;1;0;639;;632;;7;628;11;293;263;165;169;125;118;49;77;0;1;0;0;
21071;21071;1;1;0;435;;429;;6;421;14;209;164;131;128;64;60;25;69;0;0;0;0;
21072;21072;1;1;0;356;;353;;3;345;11;137;126;109;103;80;75;27;41;0;0;0;0;
21073;21073;1;1;0;657;;657;;0;644;13;326;305;141;141;151;134;39;64;0;0;0;0;
21171;21171;1;1;0;213;;208;;5;200;13;87;77;81;84;31;22;9;15;0;2;0;0;
21271;21271;1;1;0;260;;254;;6;255;5;112;101;106;102;24;27;12;23;0;2;0;0;
21371;21371;1;1;0;485;;481;;4;457;28;196;185;212;192;49;49;24;29;0;2;0;0;
30171;30171;1;1;0;680;;670;;10;654;26;307;301;209;156;121;142;33;55;0;0;0;0;
30172;30172;1;1;0;499;;496;;3;483;16;152;156;216;163;105;137;23;27;0;0;0;0;
30173;30173;1;1;0;541;;538;;3;521;20;158;150;197;158;162;168;21;44;0;1;0;0;
30271;30271;1;1;0;617;;616;;1;617;0;215;189;238;227;117;149;46;52;0;0;0;0;
30272;30272;1;1;0;396;;394;;2;396;0;134;118;141;117;97;109;22;51;0;1;0;0;
30273;30273;1;1;0;421;;415;;6;404;17;130;132;152;115;117;131;16;26;0;0;0;0;
30274;30274;1;1;0;643;;641;;2;625;18;210;211;229;180;164;185;38;48;0;1;0;0;
30275;30275;1;1;0;656;;652;;4;648;8;271;256;227;204;129;136;25;52;0;0;0;0;
30276;30276;1;1;0;437;;437;;0;431;6;123;110;182;149;104;130;28;41;0;1;0;0;
30277;30277;1;1;0;405;;402;;3;385;20;138;128;142;115;100;107;22;34;0;1;0;0;
30278;30278;1;1;0;712;;708;;4;678;34;227;211;243;197;200;205;38;64;0;1;0;0;
30279;30279;1;1;0;881;;869;;12;850;31;309;278;311;272;215;230;34;67;0;3;0;0;
30280;30280;1;1;0;678;;676;;2;673;5;316;274;190;161;120;145;50;93;0;0;0;0;
30371;30371;1;1;0;729;;721;;8;696;33;281;244;229;193;176;188;35;70;0;1;0;0;
30372;30372;1;1;0;685;;683;;2;658;27;283;236;229;194;130;142;41;86;0;0;0;0;
30373;30373;1;1;0;792;;792;;0;781;11;379;322;217;189;157;185;39;84;0;1;0;0;
30374;30374;1;1;0;719;;711;;8;708;11;330;303;193;172;142;163;46;69;0;1;0;0;
30375;30375;1;1;0;405;;403;;2;391;14;209;198;96;88;78;74;20;31;0;0;0;0;
30376;30376;1;1;0;715;;708;;7;703;12;432;375;113;110;86;93;77;124;0;1;0;0;
30377;30377;1;1;0;763;;761;;2;750;13;419;375;179;141;109;125;54;109;0;0;0;0;
30378;30378;1;1;0;385;;383;;2;375;10;234;193;64;52;57;63;28;67;0;0;0;0;
30379;30379;1;1;0;647;;644;;3;629;18;283;244;187;171;123;120;51;94;0;0;0;0;
30471;30471;1;1;0;671;;668;;3;663;8;266;247;221;185;148;171;33;59;0;1;0;0;
30472;30472;1;1;0;661;;657;;4;636;25;391;353;156;129;75;80;35;74;0;0;0;0;
30473;30473;1;1;0;744;;735;;9;728;16;372;325;169;169;135;123;59;111;0;0;0;0;
30571;30571;1;1;0;401;;396;;5;392;9;158;147;152;134;68;76;18;35;0;0;0;0;
30572;30572;1;1;0;881;;870;;11;862;19;492;402;170;162;99;107;109;191;0;0;0;0;
30671;30671;1;1;0;668;;663;;5;665;3;386;349;137;128;75;85;65;103;0;0;0;0;
30672;30672;1;1;0;859;;853;;6;856;3;454;393;190;168;129;139;80;152;0;4;0;0;
30673;30673;1;1;0;699;;695;;4;688;11;340;311;189;166;116;123;50;88;0;0;0;0;
30771;30771;1;1;0;816;;800;;16;793;23;408;361;239;228;93;100;60;103;0;1;0;0;
30772;30772;1;1;0;702;;697;;5;681;21;353;316;227;203;76;89;41;73;0;0;0;0;
30773;30773;1;1;0;441;;436;;5;421;20;192;169;154;146;53;63;37;42;0;1;0;0;
30774;30774;1;1;0;545;;542;;3;527;18;247;232;191;162;59;67;45;66;0;0;0;0;
30871;30871;1;1;0;779;;774;;5;773;6;366;351;252;222;98;119;58;81;0;0;0;0;
30872;30872;1;1;0;526;;526;;0;524;2;259;220;165;144;61;80;41;80;0;0;0;0;
30971;30971;1;1;0;520;;514;;6;500;20;247;234;172;138;59;75;36;52;0;1;0;0;
30972;30972;1;1;0;421;;420;;1;407;14;209;200;137;120;43;53;31;33;0;1;0;0;
40171;40171;1;1;0;712;;702;;10;674;38;197;176;264;242;214;212;27;44;0;0;0;0;
40172;40172;1;1;0;400;;396;;4;389;11;78;76;147;148;166;151;5;14;0;0;0;0;
40173;40173;1;1;0;672;;669;;3;652;20;170;166;235;202;222;228;42;55;0;1;0;0;
40174;40174;1;1;0;672;;664;;8;645;27;145;143;220;208;263;251;36;43;0;0;0;0;
40175;40175;1;1;0;488;;480;;8;457;31;90;84;204;171;166;176;20;26;0;0;0;0;
40176;40176;1;1;0;171;;167;;4;171;0;27;28;78;70;58;66;4;7;0;0;0;0;
40177;40177;1;1;0;518;;513;;5;483;35;92;85;190;177;208;189;23;32;0;0;0;0;
40271;40271;1;1;0;158;;156;;2;147;11;38;28;64;60;50;51;4;8;0;0;0;0;
40272;40272;1;1;0;373;;371;;2;352;21;87;84;140;123;113;114;31;29;0;2;0;0;
40273;40273;1;1;0;423;;419;;4;408;15;114;95;139;125;154;154;12;32;0;2;0;0;
40274;40274;1;1;0;589;;586;;3;572;17;157;142;208;174;197;212;24;44;0;0;0;0;
40275;40275;1;1;0;540;;537;;3;520;20;184;164;174;158;163;167;16;31;0;0;0;0;
40276;40276;1;1;0;775;;766;;9;737;38;289;269;288;260;167;163;22;40;0;5;0;0;
40371;40371;1;1;0;302;;298;;4;301;1;88;86;155;152;40;43;15;17;0;3;0;0;
40372;40372;1;1;0;648;;641;;7;622;26;216;205;277;254;122;126;26;36;0;1;0;0;
40373;40373;1;1;0;274;;271;;3;261;13;88;79;113;101;59;58;11;20;0;3;0;0;
40471;40471;1;1;0;380;;379;;1;366;14;151;137;177;154;43;55;8;18;0;2;0;0;
40472;40472;1;1;0;490;;483;;7;463;27;179;160;219;217;76;64;9;21;0;1;0;0;
40571;40571;1;1;0;484;;481;;3;464;20;211;210;177;155;74;71;19;27;0;1;0;0;
40572;40572;1;1;0;491;;487;;4;470;21;136;132;292;265;39;46;20;25;0;2;0;0;
40671;40671;1;1;0;457;;456;;1;440;17;162;169;195;168;82;87;17;15;0;1;0;0;
40672;40672;1;1;0;482;;469;;13;450;32;196;189;173;145;77;76;23;40;0;0;0;0;
50171;50171;1;1;0;590;;584;;6;577;13;127;135;236;220;205;204;16;17;0;1;0;0;
50172;50172;1;1;0;567;;560;;7;556;11;112;104;256;221;174;205;18;25;0;1;0;0;
50173;50173;1;1;0;713;;699;;14;677;36;136;131;245;242;287;262;31;42;0;0;0;0;
50174;50174;1;1;0;467;;464;;3;442;25;139;124;166;147;150;146;9;25;0;0;0;0;
50175;50175;1;1;0;398;;392;;6;390;8;114;111;136;125;120;116;22;36;0;2;0;0;
50176;50176;1;1;0;687;;685;;2;669;18;152;137;237;246;267;248;29;36;0;2;0;0;
50177;50177;1;1;0;505;;503;;2;479;26;151;138;194;165;137;139;21;37;0;0;0;0;
50178;50178;1;1;0;362;;358;;4;345;17;99;96;135;113;112;115;12;19;0;2;0;0;
50271;50271;1;1;0;690;;686;;4;660;30;249;216;281;290;133;110;23;43;0;1;0;0;
50371;50371;1;1;0;484;;483;;1;474;10;185;165;172;161;99;108;27;40;0;0;0;0;
50372;50372;1;1;0;362;;359;;3;349;13;117;94;153;140;79;93;10;22;0;0;0;0;
50373;50373;1;1;0;747;;729;;18;728;19;288;260;259;264;126;122;56;81;0;1;0;0;
50471;50471;1;1;0;527;;517;;10;512;15;229;214;182;201;85;67;21;30;0;0;0;0;
50472;50472;1;1;0;243;;240;;3;235;8;72;65;107;120;56;39;5;11;0;0;0;0;
50473;50473;1;1;0;630;;627;;3;627;3;212;202;258;270;119;102;38;50;0;3;0;0;
50474;50474;1;1;0;479;;478;;1;468;11;194;182;164;168;89;80;31;37;0;1;0;0;
50571;50571;1;1;0;761;;753;;8;713;48;263;223;298;316;145;113;47;58;0;3;0;0;
50572;50572;1;1;0;514;;506;;8;500;14;198;167;196;195;85;90;27;46;0;2;0;0;
50573;50573;1;1;0;434;;425;;9;422;12;174;154;138;157;75;62;38;46;0;3;0;0;
50671;50671;1;1;0;779;;770;;9;753;26;366;338;257;268;117;105;30;40;0;2;0;0;
50672;50672;1;1;0;545;;540;;5;532;13;275;239;168;169;78;89;19;33;0;2;0;0;
50673;50673;1;1;0;643;;633;;10;619;24;324;287;197;195;75;79;37;53;0;5;0;0;
50771;50771;1;1;0;493;;489;;4;466;27;187;171;226;190;60;76;16;25;0;4;0;0;
50772;50772;1;1;0;699;;691;;8;670;29;230;212;314;300;115;106;32;51;0;1;0;0;
60171;60171;1;1;0;519;;509;;10;502;17;272;241;148;164;59;53;30;44;0;0;0;0;
60271;60271;1;1;0;270;;266;;4;259;11;136;122;70;73;43;42;17;21;0;1;0;0;
60371;60371;1;1;0;731;;724;;7;713;18;372;319;258;280;76;75;18;34;0;5;0;0;
60471;60471;1;1;0;483;;475;;8;471;12;220;190;179;191;56;52;20;37;0;1;0;0;
60472;60472;1;1;0;455;;451;;4;450;5;232;214;147;162;60;47;12;26;0;1;0;0;
60571;60571;1;1;0;335;;333;;2;331;4;194;160;105;120;30;30;4;19;0;2;0;0;
60671;60671;1;1;0;526;;519;;7;514;12;243;220;180;190;62;53;34;43;0;8;0;0;
60672;60672;1;1;0;285;;282;;3;285;0;142;126;104;115;19;16;17;27;0;1;0;0;
60673;60673;1;1;0;473;;467;;6;464;9;249;214;142;148;56;59;20;41;0;2;0;0;
60771;60771;1;1;0;455;;451;;4;433;22;221;187;148;132;61;70;21;41;0;3;0;0;
60772;60772;1;1;0;481;;469;;12;459;22;249;226;136;142;52;45;32;44;0;2;0;0;
60871;60871;1;1;0;433;;426;;7;409;24;185;159;146;169;67;42;28;36;0;3;0;0;
60971;60971;1;1;0;386;;378;;8;370;16;150;128;174;185;37;33;17;21;0;3;0;0;
61071;61071;1;1;0;276;;273;;3;256;20;87;74;113;108;56;52;17;19;0;3;0;0;
61171;61171;1;1;0;343;;339;;4;324;19;163;145;124;118;38;36;14;23;0;2;0;0;
61271;61271;1;1;0;460;;454;;6;452;8;163;150;208;229;66;55;17;14;0;4;0;0;
61272;61272;1;1;0;499;;496;;3;495;4;223;196;196;206;43;45;34;43;0;5;0;0;
70171;70171;1;1;0;767;;758;;9;723;44;285;260;323;291;120;116;30;54;0;2;0;0;
70172;70172;1;1;0;643;;638;;5;617;26;288;262;238;217;83;96;29;40;0;2;0;0;
70271;70271;1;1;0;625;;620;;5;603;22;266;242;238;218;80;86;36;51;0;6;0;0;
70371;70371;1;1;0;697;;692;;5;663;34;288;250;269;226;99;122;36;61;0;4;0;0;
70471;70471;1;1;0;140;;138;;2;135;5;40;36;82;80;10;12;6;4;0;3;0;0;
70571;70571;1;1;0;449;;443;;6;427;22;178;158;197;186;52;52;16;31;0;0;0;0;
70572;70572;1;1;0;531;;521;;10;506;25;217;197;225;208;53;61;26;38;0;2;0;0;
70671;70671;1;1;0;320;;317;;3;304;16;113;104;138;126;49;53;17;18;0;3;0;0;
70672;70672;1;1;0;812;;795;;17;771;41;331;291;330;307;89;101;45;62;0;10;0;0;
70771;70771;1;1;0;752;;744;;8;714;38;296;267;331;309;79;93;38;41;0;4;0;0;
70772;70772;1;1;0;512;;505;;7;487;25;188;177;233;220;59;57;25;26;0;7;0;0;
70871;70871;1;1;0;124;;123;;1;118;6;70;50;39;37;5;17;9;14;0;0;0;0;
70971;70971;1;1;0;504;;491;;13;476;28;226;212;174;163;69;65;22;30;0;6;0;0;
71071;71071;1;1;0;727;;718;;9;689;38;315;270;269;240;86;95;48;80;0;4;0;0;
71171;71171;1;1;0;586;;573;;13;542;44;255;226;210;186;65;73;43;56;0;1;0;0;
71271;71271;1;1;0;392;;387;;5;368;24;150;131;179;167;40;40;18;28;0;2;0;0;
71371;71371;1;1;0;53;;52;;1;51;2;30;32;12;9;5;6;5;4;0;0;0;0;
71471;71471;1;1;0;748;;733;;15;720;28;332;302;248;234;99;108;54;73;0;3;0;0;
71472;71472;1;1;0;768;;756;;12;740;28;325;304;290;285;95;92;46;57;0;2;0;0;
71571;71571;1;1;0;450;;440;;10;421;29;213;183;160;149;47;54;20;33;0;2;0;0;
71671;71671;1;1;0;294;;289;;5;276;18;122;103;117;116;38;35;12;19;0;3;0;0;
80171;80171;1;1;0;243;;239;;4;230;13;71;74;113;97;46;51;9;8;0;0;0;0;
80172;80172;1;1;0;640;;624;;16;615;25;176;186;332;309;60;69;56;43;0;8;0;0;
80271;80271;1;1;0;521;;515;;6;493;28;130;134;271;234;82;100;32;22;0;3;0;0;
80272;80272;1;1;0;709;;703;;6;683;26;189;191;325;301;141;148;48;41;0;2;0;0;
80371;80371;1;1;0;595;;576;;19;569;26;195;207;320;277;36;54;25;28;0;3;0;0;
80471;80471;1;1;0;402;;395;;7;374;28;95;96;245;215;40;43;15;18;0;2;0;0;
80472;80472;1;1;0;364;;357;;7;364;0;103;117;190;168;41;55;23;24;0;0;0;0;
80571;80571;1;1;0;696;;684;;12;668;28;253;275;316;267;61;68;54;55;0;3;0;0;
80671;80671;1;1;0;617;;611;;6;596;21;261;255;242;226;81;74;27;33;0;8;0;0;
80672;80672;1;1;0;437;;434;;3;424;13;161;152;197;177;45;52;31;36;0;7;0;0;
80771;80771;1;1;0;747;;732;;15;711;36;284;265;301;262;98;127;49;57;0;0;0;0;
80772;80772;1;1;0;436;;428;;8;416;20;187;175;155;142;63;64;23;31;0;4;0;0;
80773;80773;1;1;0;449;;446;;3;433;16;229;201;141;110;41;66;35;54;0;2;0;0;
80871;80871;1;1;0;584;;578;;6;563;21;328;284;127;121;66;72;57;84;0;2;0;0;
80872;80872;1;1;0;488;;487;;1;472;16;221;191;181;184;66;65;19;32;0;0;0;0;
80873;80873;1;1;0;666;;655;;11;635;31;329;299;226;197;60;79;40;60;0;0;0;0;
80971;80971;1;1;0;821;;796;;25;802;19;389;406;324;301;35;58;48;36;0;1;0;0;
90171;90171;1;1;0;295;;293;;2;276;19;81;81;151;131;50;50;11;12;0;2;0;0;
90172;90172;1;1;0;544;;537;;7;512;32;139;129;282;239;96;104;20;37;0;3;0;0;
90173;90173;1;1;0;673;;664;;9;648;25;214;209;305;273;117;126;28;38;0;2;0;0;
90174;90174;1;1;0;742;;736;;6;715;27;263;246;336;279;111;145;26;40;0;5;0;0;
90175;90175;1;1;0;323;;317;;6;299;24;100;99;124;111;78;70;15;16;0;3;0;0;
90176;90176;1;1;0;665;;657;;8;625;40;216;208;283;238;119;134;39;44;0;1;0;0;
90271;90271;1;1;0;438;;429;;9;418;20;134;132;236;211;41;46;18;26;0;3;0;0;
90371;90371;1;1;0;375;;369;;6;366;9;128;130;186;168;35;39;20;24;0;5;0;0;
90372;90372;1;1;0;559;;550;;9;551;8;192;193;250;228;73;86;35;41;0;3;0;0;
90471;90471;1;1;0;710;;704;;6;694;16;254;233;291;260;112;141;47;60;0;0;0;0;
90472;90472;1;1;0;567;;559;;8;541;26;190;191;276;245;65;71;28;28;0;6;0;0;
90473;90473;1;1;0;564;;558;;6;547;17;232;239;227;191;65;79;34;36;0;2;0;0;
90571;90571;1;1;0;775;;771;;4;755;20;293;284;320;270;117;135;41;63;0;3;0;0;
90572;90572;1;1;0;795;;785;;10;769;26;307;297;323;282;112;128;43;58;0;4;0;0;
90573;90573;1;1;0;795;;789;;6;769;26;336;306;269;252;137;139;47;71;0;1;0;0;
90574;90574;1;1;0;748;;744;;4;717;31;282;265;292;248;130;144;40;56;0;4;0;0;
90671;90671;1;1;0;631;;627;;4;606;25;216;205;321;283;62;81;28;34;0;3;0;0;
90672;90672;1;1;0;296;;287;;9;278;18;107;105;140;124;28;32;12;14;0;3;0;0;
90673;90673;1;1;0;820;;817;;3;789;31;296;283;427;378;65;89;29;35;0;4;0;0;
90771;90771;1;1;0;416;;413;;3;401;15;133;140;227;204;34;34;19;20;0;3;0;0;
90772;90772;1;1;0;722;;706;;16;684;38;291;268;314;264;63;88;38;63;0;1;0;0;
90871;90871;1;1;0;780;;771;;9;747;33;336;314;291;270;88;91;56;72;0;0;0;0;
90971;90971;1;1;0;399;;397;;2;390;9;170;166;171;157;31;34;25;30;0;3;0;0;
90972;90972;1;1;0;376;;373;;3;361;15;134;135;178;162;36;43;25;20;0;1;0;0;
